cow_id,source_path,sha256,raw_frames,observed_seconds,valid_seconds,internal_gap_count
21314,E:\2-学术\2-项目\园上园项目\牛尾环项目\温度传感器专项算法\正常数据\546C50CA07E5-21314-D2\2026-08-19\motion\2026-08-19 16_53_54.json,85eeea464e1d56149cdede2ac6565d7b006f31939b4e445686053e8ea5fd8bf7,179719,3593.86,3475.06,59
21314,E:\2-学术\2-项目\园上园项目\牛尾环项目\温度传感器专项算法\正常数据\546C50CA07E5-21314-D2\2026-08-19\motion\2026-08-19 18_00_53.json,e597a55c089e72e6d2104670f6072e2ed76271b914622a908ddb44bc29a228fa,179720,3593.78,3474.98,59
21314,E:\2-学术\2-项目\园上园项目\牛尾环项目\温度传感器专项算法\正常数据\546C50CA07E5-21314-D2\2026-08-19\motion\2026-08-19 19_07_28.json,af72364c2b21da250bb2843125f8c991a00d6084218339ee73db90877a4cc3c1,179722,3594.04,3475.24,59
21314,E:\2-学术\2-项目\园上园项目\牛尾环项目\温度传感器专项算法\正常数据\546C50CA07E5-21314-D2\2026-08-19\motion\2026-08-19 20_13_46.json,7840957ad6f9f7b1ac1f58b1559adcdc5817d8967ec5ff07c9ea2f2ac4e7aeec,179722,3594.02,3475.22,59
21314,E:\2-学术\2-项目\园上园项目\牛尾环项目\温度传感器专项算法\正常数据\546C50CA07E5-21314-D2\2026-08-19\motion\2026-08-19 21_20_07.json,c80c8f1c734aea370ddefc92a91768ec0f27b211498d05b16c4706d72304b14e,179720,3593.74,3474.94,59
21314,E:\2-学术\2-项目\园上园项目\牛尾环项目\温度传感器专项算法\正常数据\546C50CA07E5-21314-D2\2026-08-19\motion\2026-08-19 22_26_37.json,109fc4e11ebfbd09d703c238635ad8d1dfb2f8b7084337a00792cfeaa7567c6e,179719,3593.88,3475.08,59
21314,E:\2-学术\2-项目\园上园项目\牛尾环项目\温度传感器专项算法\正常数据\546C50CA07E5-21314-D2\2026-08-19\motion\2026-08-19 23_33_17.json,a505a4934b6bf86a5a67e9f7f3aeee7f142fac4445bf06e31be16684932f98d4,179722,3594.24,3475.44,59
21314,E:\2-学术\2-项目\园上园项目\牛尾环项目\温度传感器专项算法\正常数据\546C50CA07E5-21314-D2\2026-08-20\motion\2026-08-20 00_39_47.json,710164373449e4af27edd13cf4e6e09b6df2ff4a92c6c41e58e83c3050cb7b6a,179721,3594.08,3475.28,59
21314,E:\2-学术\2-项目\园上园项目\牛尾环项目\温度传感器专项算法\正常数据\546C50CA07E5-21314-D2\2026-08-20\motion\2026-08-20 01_46_12.json,30e19c807282ce1f796c024d6a636a4bee2e06aed825dcefe6210cf882922e8e,179719,3594.0,3475.2,59
21314,E:\2-学术\2-项目\园上园项目\牛尾环项目\温度传感器专项算法\正常数据\546C50CA07E5-21314-D2\2026-08-20\motion\2026-08-20 02_52_53.json,2eee346f917661fc122bafae3908467488d672a8b14edffbf5d7f7554a6fe57d,179719,3594.06,3475.26,59
21314,E:\2-学术\2-项目\园上园项目\牛尾环项目\温度传感器专项算法\正常数据\546C50CA07E5-21314-D2\2026-08-20\motion\2026-08-20 03_59_21.json,e12230b83b9e6db080869d771ca74e986438dee48c4f3825fdfff526d091ce86,179719,3593.88,3475.08,59
21314,E:\2-学术\2-项目\园上园项目\牛尾环项目\温度传感器专项算法\正常数据\546C50CA07E5-21314-D2\2026-08-20\motion\2026-08-20 05_05_50.json,34c0d3760cb50c7f651d0c2f14f20542a788eb39d9d437ac7a63167030985cb1,179720,3594.12,3475.32,59
21314,E:\2-学术\2-项目\园上园项目\牛尾环项目\温度传感器专项算法\正常数据\546C50CA07E5-21314-D2\2026-08-20\motion\2026-08-20 06_12_07.json,48611ce1c498cbbab377a6bd45ce35535478606659e75742d08e92ed1e237074,179723,3594.18,3475.38,59
21314,E:\2-学术\2-项目\园上园项目\牛尾环项目\温度传感器专项算法\正常数据\546C50CA07E5-21314-D2\2026-08-20\motion\2026-08-20 07_18_26.json,43b5bfbb24b5954fa5b9ffedb077678440ca3e7c602218cb375385bc98953726,179721,3593.9,3475.1,59
21314,E:\2-学术\2-项目\园上园项目\牛尾环项目\温度传感器专项算法\正常数据\546C50CA07E5-21314-D2\2026-08-20\motion\2026-08-20 08_25_00.json,baa9cf25b7883a86dd9d182a0fb57c4739640de75ac87f7ee3e95535f7a00ca9,179718,3593.9,3475.1,59
21314,E:\2-学术\2-项目\园上园项目\牛尾环项目\温度传感器专项算法\正常数据\546C50CA07E5-21314-D2\2026-08-20\motion\2026-08-20 09_31_51.json,6870f5d503f560c190d66aea51c2351d9aabb89bbbe3e7c07da249b4d2ceda5d,179720,3593.82,3475.02,59
21314,E:\2-学术\2-项目\园上园项目\牛尾环项目\温度传感器专项算法\正常数据\546C50CA07E5-21314-D2\2026-08-20\motion\2026-08-20 10_38_38.json,7ff0e99095209b020e78209e258b96d7111cbd5779b8026372615f488a159cb9,179720,3594.0,3475.2,59
21314,E:\2-学术\2-项目\园上园项目\牛尾环项目\温度传感器专项算法\正常数据\546C50CA07E5-21314-D2\2026-08-20\motion\2026-08-20 11_45_23.json,b6c1dec0b6f141392b9f2ea109219b67574a3ad1fa324cdad27f4d49356b115e,179719,3593.82,3475.02,59
21314,E:\2-学术\2-项目\园上园项目\牛尾环项目\温度传感器专项算法\正常数据\546C50CA07E5-21314-D2\2026-08-20\motion\2026-08-20 12_52_05.json,918cc0eb26e854a2fe6fca890b2a32cbb21fcc7212b02825f9700f49bbaf3153,179723,3594.2,3475.4,59
21314,E:\2-学术\2-项目\园上园项目\牛尾环项目\温度传感器专项算法\正常数据\546C50CA07E5-21314-D2\2026-08-20\motion\2026-08-20 13_58_59.json,008e1937b65147bb574cd21f175d07493619ca06caf451f83654a2cb39b2d396,179723,3594.04,3475.24,59
21314,E:\2-学术\2-项目\园上园项目\牛尾环项目\温度传感器专项算法\正常数据\546C50CA07E5-21314-D2\2026-08-20\motion\2026-08-20 15_05_34.json,4becd5012fe3d7e86112f51c363b1a4ba8bf01ec53c5e90a86e3524159055820,179720,3593.88,3475.08,59
21314,E:\2-学术\2-项目\园上园项目\牛尾环项目\温度传感器专项算法\正常数据\546C50CA07E5-21314-D2\2026-08-20\motion\2026-08-20 16_12_29.json,d1542b3fbd0401c8328e0361989669925f2ad652ec82e8fe845ea767a9b03e2d,179718,3593.84,3475.04,59
21314,E:\2-学术\2-项目\园上园项目\牛尾环项目\温度传感器专项算法\正常数据\546C50CA07E5-21314-D2\2026-08-20\motion\2026-08-20 17_19_12.json,575f5847dedbf8b94adb64d95e121b17642e8cb42830c6c7bd1e9e76e995e560,179722,3593.94,3475.14,59
21314,E:\2-学术\2-项目\园上园项目\牛尾环项目\温度传感器专项算法\正常数据\546C50CA07E5-21314-D2\2026-08-20\motion\2026-08-20 18_26_06.json,0ae5fd6323695ea31cfa4e1e044bec58bb6c2e32e639d9fb3e17c654a35914ef,179718,3594.0,3475.2,59
21314,E:\2-学术\2-项目\园上园项目\牛尾环项目\温度传感器专项算法\正常数据\546C50CA07E5-21314-D2\2026-08-20\motion\2026-08-20 19_33_06.json,9730e3ead3c8e12a7e95be0278bfcbddc51d2aa1532f2881fdef048490c29b88,179722,3593.76,3474.96,59
21314,E:\2-学术\2-项目\园上园项目\牛尾环项目\温度传感器专项算法\正常数据\546C50CA07E5-21314-D2\2026-08-20\motion\2026-08-20 20_39_53.json,cb49277fc669ebc7c121661d73b5ad44853c5685eaeb0e016268ca2e49a3b4a7,179719,3593.88,3475.08,59
21314,E:\2-学术\2-项目\园上园项目\牛尾环项目\温度传感器专项算法\正常数据\546C50CA07E5-21314-D2\2026-08-20\motion\2026-08-20 21_46_45.json,501a5001d5e54369176c8eca5899e58dd8a8347c9aecb9a66752109878976502,179718,3594.02,3475.22,59
21314,E:\2-学术\2-项目\园上园项目\牛尾环项目\温度传感器专项算法\正常数据\546C50CA07E5-21314-D2\2026-08-20\motion\2026-08-20 22_53_25.json,c03747642b1d2380f1c694ead0b9328d75b49a61a7e9bf353e28df77c9cfdb19,179722,3594.06,3475.26,59
21314,E:\2-学术\2-项目\园上园项目\牛尾环项目\温度传感器专项算法\正常数据\546C50CA07E5-21314-D2\2026-08-21\motion\2026-08-21 00_00_04.json,a3840900676de7d13a7121664a7d79a91251ea9d5abdf478f05660c4eda723f5,179723,3594.02,3475.22,59
21314,E:\2-学术\2-项目\园上园项目\牛尾环项目\温度传感器专项算法\正常数据\546C50CA07E5-21314-D2\2026-08-21\motion\2026-08-21 01_06_47.json,a2589170ef6d6986a99ecc34e7e8267451ebf1424a9918a293ee41bebf868fbd,179720,3593.98,3475.18,59
21314,E:\2-学术\2-项目\园上园项目\牛尾环项目\温度传感器专项算法\正常数据\546C50CA07E5-21314-D2\2026-08-21\motion\2026-08-21 02_13_32.json,450e4254d753b607d57dc49950a7d065ff278c75430dff86589432cdff02237f,179719,3593.94,3475.14,59
21314,E:\2-学术\2-项目\园上园项目\牛尾环项目\温度传感器专项算法\正常数据\546C50CA07E5-21314-D2\2026-08-21\motion\2026-08-21 03_20_26.json,508cd091b4c68fff15b25adbb0d5a0818f79c89f855e6c66ac030461469ee88d,179718,3593.78,3474.98,59
21314,E:\2-学术\2-项目\园上园项目\牛尾环项目\温度传感器专项算法\正常数据\546C50CA07E5-21314-D2\2026-08-21\motion\2026-08-21 04_27_16.json,14d95c555ca30777fbba02daff595d2ebef544b91f2b6c90c5539b0cb0ce1940,179723,3594.08,3475.28,59
21314,E:\2-学术\2-项目\园上园项目\牛尾环项目\温度传感器专项算法\正常数据\546C50CA07E5-21314-D2\2026-08-21\motion\2026-08-21 05_33_53.json,d8eb8be0d419487872b85dd5ca100cc4b7919b4addd4dda63d6267520846cf1c,179723,3593.86,3475.06,59
21314,E:\2-学术\2-项目\园上园项目\牛尾环项目\温度传感器专项算法\正常数据\546C50CA07E5-21314-D2\2026-08-21\motion\2026-08-21 06_40_27.json,692b03c9440d06a871a2ed6f8a57bcc18933fcb0847bfdaa98e69a18828cd9d0,179723,3593.82,3475.02,59
21314,E:\2-学术\2-项目\园上园项目\牛尾环项目\温度传感器专项算法\正常数据\546C50CA07E5-21314-D2\2026-08-21\motion\2026-08-21 07_47_17.json,48ae398252cc68635751689c60bf7753e9b935403ad2e49488756f965ee33091,179716,3593.78,3474.98,59
21314,E:\2-学术\2-项目\园上园项目\牛尾环项目\温度传感器专项算法\正常数据\546C50CA07E5-21314-D2\2026-08-21\motion\2026-08-21 08_54_05.json,23572b11b06ccf9632c24bb53cabc6d6d42070ec4ebf617745ba5b03fd135e1e,179722,3593.84,3475.04,59
21314,E:\2-学术\2-项目\园上园项目\牛尾环项目\温度传感器专项算法\正常数据\546C50CA07E5-21314-D2\2026-08-21\motion\2026-08-21 10_00_49.json,88eee60c5466c5f33799d43188dfa1868c4203da86a52212e39d9fb8e221687d,179719,3594.04,3475.24,59
21314,E:\2-学术\2-项目\园上园项目\牛尾环项目\温度传感器专项算法\正常数据\546C50CA07E5-21314-D2\2026-08-21\motion\2026-08-21 11_07_45.json,e4f4a76b42f55e5d19af9c6cd64c12da5b828dce01bf6ae3ea10b69b42f7e3bb,179721,3593.96,3475.16,59
21314,E:\2-学术\2-项目\园上园项目\牛尾环项目\温度传感器专项算法\正常数据\546C50CA07E5-21314-D2\2026-08-21\motion\2026-08-21 12_14_47.json,d0cd369b2a6b22dac40d79f26d6cc72cbbcb8173ce98282d25eea869e9ae6ebf,179720,3594.12,3475.32,59
21314,E:\2-学术\2-项目\园上园项目\牛尾环项目\温度传感器专项算法\正常数据\546C50CA07E5-21314-D2\2026-08-21\motion\2026-08-21 13_21_41.json,0fbd77bf83bdf1b69e85f3a20db12a2bb3f11b45c148488ab9d2c41b7f58aa9f,179719,3593.92,3475.12,59
21314,E:\2-学术\2-项目\园上园项目\牛尾环项目\温度传感器专项算法\正常数据\546C50CA07E5-21314-D2\2026-08-21\motion\2026-08-21 14_28_24.json,1872a11b10610fc85d8c9b77c6e120eb96ebf3073769333858e27574ea6f6b42,179718,3593.74,3474.94,59
21314,E:\2-学术\2-项目\园上园项目\牛尾环项目\温度传感器专项算法\正常数据\546C50CA07E5-21314-D2\2026-08-21\motion\2026-08-21 15_35_10.json,7f0a1b526791129a61e9f13c563a6f0231bbff7fbbe1eda6d28cfa6b6219db99,179721,3593.8,3475.0,59
21314,E:\2-学术\2-项目\园上园项目\牛尾环项目\温度传感器专项算法\正常数据\546C50CA07E5-21314-D2\2026-08-21\motion\2026-08-21 16_42_02.json,899ff0fe80532536a14d1f7c98ae83615ade92c1051507a17f51e191eb4811fc,179716,3594.2,3475.4,59
21314,E:\2-学术\2-项目\园上园项目\牛尾环项目\温度传感器专项算法\正常数据\546C50CA07E5-21314-D2\2026-08-21\motion\2026-08-21 17_48_46.json,2373c05eceeeabb033edb9b34dd69d0ddaeff0f7d1f6e9e43d9676743a0d09a1,179720,3594.1,3475.3,59
21314,E:\2-学术\2-项目\园上园项目\牛尾环项目\温度传感器专项算法\正常数据\546C50CA07E5-21314-D2\2026-08-21\motion\2026-08-21 18_55_55.json,68cea0f7332bf806d8a56e0d367fc027d6da4206753393431997818ed04744d1,179725,3593.92,3475.12,59
21314,E:\2-学术\2-项目\园上园项目\牛尾环项目\温度传感器专项算法\正常数据\546C50CA07E5-21314-D2\2026-08-21\motion\2026-08-21 20_02_31.json,b18ef5444798bd62f8d20178c4f6106b554602410480c0bedce2c4bb11ab9693,179721,3594.08,3475.28,59
21314,E:\2-学术\2-项目\园上园项目\牛尾环项目\温度传感器专项算法\正常数据\546C50CA07E5-21314-D2\2026-08-21\motion\2026-08-21 21_09_04.json,ad7669c4e84e41abccfd65efcd8a42bad7aa57c091939a4110377a4e716e1865,179719,3594.02,3475.22,59
21314,E:\2-学术\2-项目\园上园项目\牛尾环项目\温度传感器专项算法\正常数据\546C50CA07E5-21314-D2\2026-08-21\motion\2026-08-21 22_15_57.json,1890941b96fc1e0ab6ca0466ffb097f11626470d7327e2ebb6c6201646ae46d9,179725,3593.88,3475.08,59
21314,E:\2-学术\2-项目\园上园项目\牛尾环项目\温度传感器专项算法\正常数据\546C50CA07E5-21314-D2\2026-08-21\motion\2026-08-21 23_22_38.json,2c99bbb4f9c819193272808bad5a26a94847aa02dc889b1fae4f9e12e7385413,179720,3594.02,3475.22,59
21314,E:\2-学术\2-项目\园上园项目\牛尾环项目\温度传感器专项算法\正常数据\546C50CA07E5-21314-D2\2026-08-22\motion\2026-08-22 00_29_10.json,98d43e95c40732ff3f6e6b2cdab3380f587c0aa03d81da7495af199c7004ae32,179723,3594.0,3475.2,59
21314,E:\2-学术\2-项目\园上园项目\牛尾环项目\温度传感器专项算法\正常数据\546C50CA07E5-21314-D2\2026-08-22\motion\2026-08-22 01_35_48.json,08fd1844e2e24f6b213563add7bb0f94151d970f646a15147dd12bc9357516fd,179721,3594.02,3475.22,59
21314,E:\2-学术\2-项目\园上园项目\牛尾环项目\温度传感器专项算法\正常数据\546C50CA07E5-21314-D2\2026-08-22\motion\2026-08-22 02_42_28.json,b50131991213aa24537ba9a8a7d2d180c29649cc473a7812e2dd0ea735413872,179720,3594.18,3475.38,59
21314,E:\2-学术\2-项目\园上园项目\牛尾环项目\温度传感器专项算法\正常数据\546C50CA07E5-21314-D2\2026-08-22\motion\2026-08-22 03_49_09.json,b70cae0528e404629a930ceae1f8e94052b4eec3ffcf51e5d0e8e68724acaa30,179720,3594.02,3475.22,59
21314,E:\2-学术\2-项目\园上园项目\牛尾环项目\温度传感器专项算法\正常数据\546C50CA07E5-21314-D2\2026-08-22\motion\2026-08-22 04_55_46.json,06da79150659fc6fe34ad959e07c6958a48932adb5780fa6d1d8f7e7fc78fa35,179720,3593.82,3475.02,59
21314,E:\2-学术\2-项目\园上园项目\牛尾环项目\温度传感器专项算法\正常数据\546C50CA07E5-21314-D2\2026-08-22\motion\2026-08-22 06_02_31.json,6745952a332bfa737097c962246a19ec2f02fe499c584619b46e3a9a0edf5a67,179717,3593.82,3475.02,59
21314,E:\2-学术\2-项目\园上园项目\牛尾环项目\温度传感器专项算法\正常数据\546C50CA07E5-21314-D2\2026-08-22\motion\2026-08-22 07_09_35.json,258c34f6fa86595685f75e44cea395337db271cc0e78a39dd46d26cc55a7bb09,179716,3593.88,3475.08,59
21314,E:\2-学术\2-项目\园上园项目\牛尾环项目\温度传感器专项算法\正常数据\546C50CA07E5-21314-D2\2026-08-22\motion\2026-08-22 08_16_13.json,a495abdb26bb0b72d4490cbd5f7c3d396997fd967712147e6ca772dd3c4c1a0c,179722,3594.06,3475.26,59
21314,E:\2-学术\2-项目\园上园项目\牛尾环项目\温度传感器专项算法\正常数据\546C50CA07E5-21314-D2\2026-08-22\motion\2026-08-22 09_23_14.json,26aa8fc2d9088b47862a0dc92959a26397909158710442b3d1007bd79d87ecc5,179722,3594.0,3475.2,59
22146,E:\2-学术\2-项目\园上园项目\牛尾环项目\温度传感器专项算法\正常数据\0C3D5EA22E3C-22146-C7\2026-08-22\motion\2026-08-22 10_15_05.json,123c0767c8dadc25b93224c9bb46495230dec9f1843ce3e117e5e641bc2360f2,179719,3593.94,3475.14,59
22146,E:\2-学术\2-项目\园上园项目\牛尾环项目\温度传感器专项算法\正常数据\0C3D5EA22E3C-22146-C7\2026-08-22\motion\2026-08-22 11_22_19.json,d99b280c581792afdb5677ade476de56c19344dce0a79e83317cfb62ca748318,179723,3594.04,3475.24,59
22146,E:\2-学术\2-项目\园上园项目\牛尾环项目\温度传感器专项算法\正常数据\0C3D5EA22E3C-22146-C7\2026-08-22\motion\2026-08-22 12_29_27.json,539674f44f0d2bc0691c2ae114a361ba6e2dd66f3e2a16007137ebfd83cf244a,179724,3594.08,3475.28,59
22146,E:\2-学术\2-项目\园上园项目\牛尾环项目\温度传感器专项算法\正常数据\0C3D5EA22E3C-22146-C7\2026-08-22\motion\2026-08-22 13_36_42.json,91724a8d7edb6b9564ec61b30f8d24b2eeabd2e31ba35ba08918883d615ef3b6,179724,3593.86,3475.06,59
22146,E:\2-学术\2-项目\园上园项目\牛尾环项目\温度传感器专项算法\正常数据\0C3D5EA22E3C-22146-C7\2026-08-22\motion\2026-08-22 14_43_52.json,e3bf1f2d9ba4a12f39fdac6908ab7337aecd363fc6365dc78fc45336949a8ffb,179727,3593.8,3475.0,59
22146,E:\2-学术\2-项目\园上园项目\牛尾环项目\温度传感器专项算法\正常数据\0C3D5EA22E3C-22146-C7\2026-08-22\motion\2026-08-22 15_51_10.json,24b22d132ce46eb5cc6b6a00b7c17025ff5737a5a1d8f9a3a1ecf4553aa2ff00,179722,3594.08,3475.28,59
22146,E:\2-学术\2-项目\园上园项目\牛尾环项目\温度传感器专项算法\正常数据\0C3D5EA22E3C-22146-C7\2026-08-22\motion\2026-08-22 16_58_25.json,070be6c066fde2b150e8c3e112f71eb020938028b916c36682db1cd38d10eb4c,179723,3593.98,3475.18,59
22146,E:\2-学术\2-项目\园上园项目\牛尾环项目\温度传感器专项算法\正常数据\0C3D5EA22E3C-22146-C7\2026-08-22\motion\2026-08-22 18_05_38.json,e3d2a1611dedefe1ab168ab53cea29cd4d7315599e3c6c5ac3c60f34856248d9,179722,3593.98,3475.18,59
22146,E:\2-学术\2-项目\园上园项目\牛尾环项目\温度传感器专项算法\正常数据\0C3D5EA22E3C-22146-C7\2026-08-22\motion\2026-08-22 19_12_46.json,f5468c3f33de3c04c3aa12650a76b2dc8c75fc7cf53499f74f4d2f95c6d2f93c,179722,3593.92,3475.12,59
22146,E:\2-学术\2-项目\园上园项目\牛尾环项目\温度传感器专项算法\正常数据\0C3D5EA22E3C-22146-C7\2026-08-22\motion\2026-08-22 20_20_02.json,8c531dd94efbffc8fc0b5e12068351fb25dd34f8b373a55bd975634e7b7a898d,179723,3594.16,3475.36,59
22146,E:\2-学术\2-项目\园上园项目\牛尾环项目\温度传感器专项算法\正常数据\0C3D5EA22E3C-22146-C7\2026-08-22\motion\2026-08-22 21_27_09.json,1506152b8e16c7ab6ea680610814ecafec59df8e04ec891e775fbba09333fefa,179722,3594.1,3475.3,59
22146,E:\2-学术\2-项目\园上园项目\牛尾环项目\温度传感器专项算法\正常数据\0C3D5EA22E3C-22146-C7\2026-08-22\motion\2026-08-22 22_34_15.json,67e76cb3935026930be82406d4dfffd87b78e824604aa53a8829a2cc1c8c0e14,179724,3594.3,3475.5,59
22146,E:\2-学术\2-项目\园上园项目\牛尾环项目\温度传感器专项算法\正常数据\0C3D5EA22E3C-22146-C7\2026-08-22\motion\2026-08-22 23_41_24.json,614ce08d78cd5743a7fce3b5051abdc306fdb5c25d8e1a4f32e84f9b4aff1e05,179721,3593.98,3475.18,59
22146,E:\2-学术\2-项目\园上园项目\牛尾环项目\温度传感器专项算法\正常数据\0C3D5EA22E3C-22146-C7\2026-08-23\motion\2026-08-23 00_48_27.json,058d0db37b057eb0bc7f2da90aceabf087731a28bc170ec527b2aad0c91294b0,179723,3594.08,3475.28,59
22146,E:\2-学术\2-项目\园上园项目\牛尾环项目\温度传感器专项算法\正常数据\0C3D5EA22E3C-22146-C7\2026-08-23\motion\2026-08-23 01_55_41.json,bd52f7939fcb3a9cf9b31690fe6b29ef78960c92059531615012f083abb256c9,179722,3594.18,3475.38,59
22146,E:\2-学术\2-项目\园上园项目\牛尾环项目\温度传感器专项算法\正常数据\0C3D5EA22E3C-22146-C7\2026-08-23\motion\2026-08-23 03_02_54.json,67694a512f03c7ad5b0d9b5bad14578e0d57e8cef85bc6a82560f933e7dc2420,179721,3594.04,3475.24,59
22146,E:\2-学术\2-项目\园上园项目\牛尾环项目\温度传感器专项算法\正常数据\0C3D5EA22E3C-22146-C7\2026-08-23\motion\2026-08-23 04_10_02.json,93720f2bb123939ea340d9ee6cefbe649e15a55dacd4edfe0be49124077c1e7c,179724,3594.26,3475.46,59
22146,E:\2-学术\2-项目\园上园项目\牛尾环项目\温度传感器专项算法\正常数据\0C3D5EA22E3C-22146-C7\2026-08-23\motion\2026-08-23 05_17_01.json,897208781e7609bcbd3fb68760d7c99c7d935e8b7b5434128179929c862c8eeb,179722,3593.86,3475.06,59
22146,E:\2-学术\2-项目\园上园项目\牛尾环项目\温度传感器专项算法\正常数据\0C3D5EA22E3C-22146-C7\2026-08-23\motion\2026-08-23 06_24_13.json,b86a51ec60971752dbaaa8a145cd6a32709a1cab7d94ee8f3b1db946f2937245,179722,3594.08,3475.28,59
22146,E:\2-学术\2-项目\园上园项目\牛尾环项目\温度传感器专项算法\正常数据\0C3D5EA22E3C-22146-C7\2026-08-23\motion\2026-08-23 07_31_17.json,f29075316a4df786262a741d3584f1295efa883055f6a01359569a14aa009112,179721,3593.82,3475.02,59
22146,E:\2-学术\2-项目\园上园项目\牛尾环项目\温度传感器专项算法\正常数据\0C3D5EA22E3C-22146-C7\2026-08-23\motion\2026-08-23 08_38_44.json,beb32c4981bb96a18ebebb1a571bf727f1c815889895c797c7dde297dd04b044,179721,3594.06,3475.26,59
22146,E:\2-学术\2-项目\园上园项目\牛尾环项目\温度传感器专项算法\正常数据\0C3D5EA22E3C-22146-C7\2026-08-23\motion\2026-08-23 09_56_40.json,fde3533d67ddb1ec49f8d03c404e26033d4d961a5386c2d3d722cd1def727815,179724,3593.96,3475.16,59
22146,E:\2-学术\2-项目\园上园项目\牛尾环项目\温度传感器专项算法\正常数据\0C3D5EA22E3C-22146-C7\2026-08-23\motion\2026-08-23 11_03_54.json,784581e861b163671c27f1b2e01efbe2d2895241909f3a518e84b70dbe8ead5f,179721,3593.8,3475.0,59
22146,E:\2-学术\2-项目\园上园项目\牛尾环项目\温度传感器专项算法\正常数据\0C3D5EA22E3C-22146-C7\2026-08-23\motion\2026-08-23 12_11_17.json,e20ad8c8608f226f5f9aa7fd7c5b99a6cd586782d5135c503b2445ab6864cdf6,179722,3594.06,3475.26,59
22146,E:\2-学术\2-项目\园上园项目\牛尾环项目\温度传感器专项算法\正常数据\0C3D5EA22E3C-22146-C7\2026-08-23\motion\2026-08-23 13_18_43.json,1d6eb02b2445dce88e301cdcd1d1589ae20bde19cd203bc3fc143535f82bd3d2,179721,3594.0,3475.2,59
22146,E:\2-学术\2-项目\园上园项目\牛尾环项目\温度传感器专项算法\正常数据\0C3D5EA22E3C-22146-C7\2026-08-23\motion\2026-08-23 14_26_07.json,50c59eb88542feeb7fc6890b33e1fa6665d8ee03ebee276e5bde770464704761,179719,3593.92,3475.12,59
22146,E:\2-学术\2-项目\园上园项目\牛尾环项目\温度传感器专项算法\正常数据\0C3D5EA22E3C-22146-C7\2026-08-23\motion\2026-08-23 15_33_34.json,74019c4dd5efd0be8b487af222e91b4be30737ec63ce57d97a34930253d8576d,179719,3593.92,3475.12,59
22146,E:\2-学术\2-项目\园上园项目\牛尾环项目\温度传感器专项算法\正常数据\0C3D5EA22E3C-22146-C7\2026-08-23\motion\2026-08-23 16_41_06.json,bd6b7fa2c5c2eff03447f14ea79f9614ecea7a136ec7f52440e613007f217143,179719,3593.88,3475.08,59
22146,E:\2-学术\2-项目\园上园项目\牛尾环项目\温度传感器专项算法\正常数据\0C3D5EA22E3C-22146-C7\2026-08-23\motion\2026-08-23 17_48_26.json,11b81abbd222252e14ca3ca623d951c7005a563eca71931d0a7c1e4b34588e32,179722,3593.88,3475.08,59
22146,E:\2-学术\2-项目\园上园项目\牛尾环项目\温度传感器专项算法\正常数据\0C3D5EA22E3C-22146-C7\2026-08-23\motion\2026-08-23 18_55_54.json,397238a8f9e7a55f281ff6f7e64c7f11405e08d3b4fd628a43ab34d2377b3841,179719,3593.96,3475.16,59
22146,E:\2-学术\2-项目\园上园项目\牛尾环项目\温度传感器专项算法\正常数据\0C3D5EA22E3C-22146-C7\2026-08-23\motion\2026-08-23 20_02_52.json,a4a06d7164bd42e465d15bad46a7fde5bc162ddb41b5e3fa6b1e186d086b192f,179719,3593.98,3475.18,59
22146,E:\2-学术\2-项目\园上园项目\牛尾环项目\温度传感器专项算法\正常数据\0C3D5EA22E3C-22146-C7\2026-08-23\motion\2026-08-23 21_09_36.json,7fe024093ff51635e657c355990babb584d508194cdcd3dbe95b0c2e6fcc3245,179722,3594.02,3475.22,59
22146,E:\2-学术\2-项目\园上园项目\牛尾环项目\温度传感器专项算法\正常数据\0C3D5EA22E3C-22146-C7\2026-08-23\motion\2026-08-23 22_16_17.json,3749acf389527a5aecc8f561c7c06bca8e8d239239fdafc46969672742121263,179719,3593.98,3475.18,59
22146,E:\2-学术\2-项目\园上园项目\牛尾环项目\温度传感器专项算法\正常数据\0C3D5EA22E3C-22146-C7\2026-08-23\motion\2026-08-23 23_22_59.json,cd5b2d77d2e87a1b3e39852fbb82fc62699f97ce3b54d6a81b0bfcaf23f209dd,179724,3594.2,3475.4,59
22146,E:\2-学术\2-项目\园上园项目\牛尾环项目\温度传感器专项算法\正常数据\0C3D5EA22E3C-22146-C7\2026-08-24\motion\2026-08-24 00_29_43.json,4800a738ef2cc0911503481bc3c6d59eabaf3adb8e1b241545f5f6608f39966e,179720,3593.94,3475.14,59
22146,E:\2-学术\2-项目\园上园项目\牛尾环项目\温度传感器专项算法\正常数据\0C3D5EA22E3C-22146-C7\2026-08-24\motion\2026-08-24 01_36_41.json,3b750f335354dd4f31948c63aa89575c7e34a1fa2e020e3f4b96f4cef9d996f4,179723,3594.04,3475.24,59
22146,E:\2-学术\2-项目\园上园项目\牛尾环项目\温度传感器专项算法\正常数据\0C3D5EA22E3C-22146-C7\2026-08-24\motion\2026-08-24 02_43_21.json,3312bf87234ffd6c0dcdc1ab90a00d8898e9d2bc4c3089c9b1621c56430e3288,179723,3594.36,3475.56,59
22146,E:\2-学术\2-项目\园上园项目\牛尾环项目\温度传感器专项算法\正常数据\0C3D5EA22E3C-22146-C7\2026-08-24\motion\2026-08-24 03_50_09.json,c589be5b26163479f24f21f3cb87f09b68b0fafa9afad6cb2dca8070e68d7d63,179722,3594.16,3475.36,59
22146,E:\2-学术\2-项目\园上园项目\牛尾环项目\温度传感器专项算法\正常数据\0C3D5EA22E3C-22146-C7\2026-08-24\motion\2026-08-24 04_56_48.json,593bef57b22d092c7f3b12fede3b93ad5fd036ed7916e180cf3aa09589d396e3,179720,3593.94,3475.14,59
22146,E:\2-学术\2-项目\园上园项目\牛尾环项目\温度传感器专项算法\正常数据\0C3D5EA22E3C-22146-C7\2026-08-24\motion\2026-08-24 06_04_09.json,4c901ecf7b85b561f279fb8a1b302e75fbec6a61914348b95bf47d13bfebcab1,179719,3593.68,3474.88,59
22146,E:\2-学术\2-项目\园上园项目\牛尾环项目\温度传感器专项算法\正常数据\0C3D5EA22E3C-22146-C7\2026-08-24\motion\2026-08-24 07_11_19.json,f5175fd2abc250452d1b1fcd73df5b6b987a890f32ad9f10d06e8d45dffe7dcc,179723,3594.06,3475.26,59
22146,E:\2-学术\2-项目\园上园项目\牛尾环项目\温度传感器专项算法\正常数据\0C3D5EA22E3C-22146-C7\2026-08-24\motion\2026-08-24 08_18_19.json,23d0fdeec223338d34892eba95102e55ec1cb72cea8e1f314b52ca5bbaf10821,179724,3594.32,3475.52,59
22146,E:\2-学术\2-项目\园上园项目\牛尾环项目\温度传感器专项算法\正常数据\0C3D5EA22E3C-22146-C7\2026-08-24\motion\2026-08-24 09_24_47.json,05c6684534deb1563f5116465b2a19942d2135e4fcea098a16b0b8aa49022739,179724,3594.12,3475.32,59
22146,E:\2-学术\2-项目\园上园项目\牛尾环项目\温度传感器专项算法\正常数据\0C3D5EA22E3C-22146-C7\2026-08-24\motion\2026-08-24 10_31_51.json,efdf8c6ef9f269331e1f093b3b36c6a94a21a8f0229f08f59a90edd0f842074e,179724,3594.18,3475.38,59
22146,E:\2-学术\2-项目\园上园项目\牛尾环项目\温度传感器专项算法\正常数据\0C3D5EA22E3C-22146-C7\2026-08-24\motion\2026-08-24 11_38_04.json,341723e59fe7d17b356709223fe59607146231e5c52acbe784af014c21b84343,179727,3594.42,3475.62,59
22146,E:\2-学术\2-项目\园上园项目\牛尾环项目\温度传感器专项算法\正常数据\0C3D5EA22E3C-22146-C7\2026-08-24\motion\2026-08-24 14_56_06.json,264f045b37882124da966dee0fa566ce01f8a65ba1c942aaa31dfdbcaced718c,179725,3594.38,3475.58,59
22146,E:\2-学术\2-项目\园上园项目\牛尾环项目\温度传感器专项算法\正常数据\0C3D5EA22E3C-22146-C7\2026-08-24\motion\2026-08-24 16_02_13.json,38d961f1c3bfceacdaa060058db8ae54b864335cf8a49fe7af9c9603cc3a9edf,179725,3594.36,3475.56,59
22146,E:\2-学术\2-项目\园上园项目\牛尾环项目\温度传感器专项算法\正常数据\0C3D5EA22E3C-22146-C7\2026-08-24\motion\2026-08-24 20_25_33.json,ef36e319c30e067b2d0aa3ef04e206edb2f1f20dc22acf2ae6746d1563193554,179727,3594.32,3475.52,59
22146,E:\2-学术\2-项目\园上园项目\牛尾环项目\温度传感器专项算法\正常数据\0C3D5EA22E3C-22146-C7\2026-08-24\motion\2026-08-24 21_31_03.json,bcbed59a4a94e5a8fcc14c1f2592672f35f6ae515011b2053702c2b7954bda96,179726,3594.42,3475.62,59
22146,E:\2-学术\2-项目\园上园项目\牛尾环项目\温度传感器专项算法\正常数据\0C3D5EA22E3C-22146-C7\2026-08-24\motion\2026-08-24 22_36_33.json,b013a51ed0aac9597a0690d9fd953768706cf8a1d9b25dcce00ba43d4a8c6300,179729,3594.52,3475.72,59
22146,E:\2-学术\2-项目\园上园项目\牛尾环项目\温度传感器专项算法\正常数据\0C3D5EA22E3C-22146-C7\2026-08-24\motion\2026-08-24 23_41_55.json,1d255dfa0b3dee87eb009fbc073d177f4faf2919749242d34b2602e8149e128d,179728,3594.42,3475.62,59
22225,E:\2-学术\2-项目\园上园项目\牛尾环项目\温度传感器专项算法\正常数据\546C50CA00B6-22225-D4\2026-08-19\motion\2026-08-19 17_04_50.json,eb0099fb02b74ca6463ec3f2959c5088942ad2381b5bf50f4916d2bd473562e4,179718,3593.86,3475.06,59
22225,E:\2-学术\2-项目\园上园项目\牛尾环项目\温度传感器专项算法\正常数据\546C50CA00B6-22225-D4\2026-08-20\motion\2026-08-20 09_41_46.json,63eec7148322a2801e0d55b43edca7694cf518b87d38450903131f76863abec0,179722,3593.76,3474.96,59
22225,E:\2-学术\2-项目\园上园项目\牛尾环项目\温度传感器专项算法\正常数据\546C50CA00B6-22225-D4\2026-08-20\motion\2026-08-20 10_48_38.json,93c2935114552f895708682fc64b9b1863d072eaafbe3f83faf2f32594a02e13,179725,3593.96,3475.16,59
22225,E:\2-学术\2-项目\园上园项目\牛尾环项目\温度传感器专项算法\正常数据\546C50CA00B6-22225-D4\2026-08-20\motion\2026-08-20 11_55_32.json,8d5f659bb606ae942f7008adc74e098a2bb9b519a5ed3c9782356c970ce0527e,179720,3593.88,3475.08,59
22225,E:\2-学术\2-项目\园上园项目\牛尾环项目\温度传感器专项算法\正常数据\546C50CA00B6-22225-D4\2026-08-20\motion\2026-08-20 13_02_24.json,4f29989904a06ddb0848d33ce5116ad3d5a524a0d4ba35d020922d2470bc039a,179724,3593.9,3475.1,59
22225,E:\2-学术\2-项目\园上园项目\牛尾环项目\温度传感器专项算法\正常数据\546C50CA00B6-22225-D4\2026-08-20\motion\2026-08-20 14_09_08.json,ba643133a3fa1f297003aea3306a87c703c4aa4e3f41efc0a06831cb902e4ae6,179725,3593.96,3475.16,59
22225,E:\2-学术\2-项目\园上园项目\牛尾环项目\温度传感器专项算法\正常数据\546C50CA00B6-22225-D4\2026-08-20\motion\2026-08-20 15_16_05.json,d141c98633aaf2e5af25cdc50e189af176107546d9d1f6da151d380ff02e9aad,179718,3593.8,3475.0,59
22225,E:\2-学术\2-项目\园上园项目\牛尾环项目\温度传感器专项算法\正常数据\546C50CA00B6-22225-D4\2026-08-20\motion\2026-08-20 16_22_55.json,b6c8d09d3e5540ef8e0784906a8b504e588f71c7281fd877950666aab351a06a,179720,3593.82,3475.02,59
22225,E:\2-学术\2-项目\园上园项目\牛尾环项目\温度传感器专项算法\正常数据\546C50CA00B6-22225-D4\2026-08-20\motion\2026-08-20 17_29_59.json,9a04c29789b15b27e4603f34ce39eca6f923bed119ce69dc9be231b38e188b26,179720,3593.8,3475.0,59
22225,E:\2-学术\2-项目\园上园项目\牛尾环项目\温度传感器专项算法\正常数据\546C50CA00B6-22225-D4\2026-08-20\motion\2026-08-20 18_37_11.json,35d849c91cc92984cfaa7acb9ec3871c58e42aa601553cb8b68979b0416c385d,179723,3593.88,3475.08,59
22225,E:\2-学术\2-项目\园上园项目\牛尾环项目\温度传感器专项算法\正常数据\546C50CA00B6-22225-D4\2026-08-20\motion\2026-08-20 19_44_11.json,3e5d630b6becc378a0875950336d06a648e5aaad04f1dfff4b372ac1e8ed8400,179722,3594.02,3475.22,59
22225,E:\2-学术\2-项目\园上园项目\牛尾环项目\温度传感器专项算法\正常数据\546C50CA00B6-22225-D4\2026-08-20\motion\2026-08-20 20_50_55.json,bb7d7b0e1766058d8d5c372cca964a4cba67d9d84778b79e7f7b72eb401e2774,179723,3593.86,3475.06,59
22225,E:\2-学术\2-项目\园上园项目\牛尾环项目\温度传感器专项算法\正常数据\546C50CA00B6-22225-D4\2026-08-20\motion\2026-08-20 21_57_45.json,1f9385183a8aab97ca739fe040a9b5c20d2bf2ec3bafca84d904529b615061b3,179723,3594.16,3475.36,59
22225,E:\2-学术\2-项目\园上园项目\牛尾环项目\温度传感器专项算法\正常数据\546C50CA00B6-22225-D4\2026-08-20\motion\2026-08-20 23_04_36.json,b1d241d1c6ba3bc10765e5159de52bde24b6311d0ee7b6509a334482d205366f,179718,3593.94,3475.14,59
22225,E:\2-学术\2-项目\园上园项目\牛尾环项目\温度传感器专项算法\正常数据\546C50CA00B6-22225-D4\2026-08-21\motion\2026-08-21 00_11_15.json,ce873d0c9d7886fd33ae7f034db26200634682fcf961cc1ccbbdc89e3a7b5465,179723,3594.2,3475.4,59
22225,E:\2-学术\2-项目\园上园项目\牛尾环项目\温度传感器专项算法\正常数据\546C50CA00B6-22225-D4\2026-08-21\motion\2026-08-21 01_17_56.json,c7a3bce873ee5b6cf21403a5443c0a2be0dad99a9af07c20bf98679d8febd277,179722,3593.84,3475.04,59
22225,E:\2-学术\2-项目\园上园项目\牛尾环项目\温度传感器专项算法\正常数据\546C50CA00B6-22225-D4\2026-08-21\motion\2026-08-21 02_24_35.json,af7f0e1cb7117295ed22273319fbe5575093a5a2a3b3b72a93af2c3a074ebebc,179722,3594.04,3475.24,59
22225,E:\2-学术\2-项目\园上园项目\牛尾环项目\温度传感器专项算法\正常数据\546C50CA00B6-22225-D4\2026-08-21\motion\2026-08-21 03_31_12.json,610e9d27f8a5444cdc43eb604d379ca9f6376fabe8674094f5b7414562606146,179722,3594.06,3475.26,59
22225,E:\2-学术\2-项目\园上园项目\牛尾环项目\温度传感器专项算法\正常数据\546C50CA00B6-22225-D4\2026-08-21\motion\2026-08-21 04_37_50.json,f068391a514265a943b2f35b9bc6163cb5b11e3a96fbc6983de54c92680923ea,179719,3593.9,3475.1,59
22225,E:\2-学术\2-项目\园上园项目\牛尾环项目\温度传感器专项算法\正常数据\546C50CA00B6-22225-D4\2026-08-21\motion\2026-08-21 05_44_25.json,014f7623091d8742b3b406c07241e98eb70af58d1905c70946b8e279688ff8f2,179716,3593.88,3475.08,59
22225,E:\2-学术\2-项目\园上园项目\牛尾环项目\温度传感器专项算法\正常数据\546C50CA00B6-22225-D4\2026-08-21\motion\2026-08-21 06_51_11.json,d7b06444852413423d71e21d720d15ae2538a56026f2bb05d154447b4ecff3cd,179719,3593.92,3475.12,59
22225,E:\2-学术\2-项目\园上园项目\牛尾环项目\温度传感器专项算法\正常数据\546C50CA00B6-22225-D4\2026-08-21\motion\2026-08-21 07_57_52.json,b7216bd9eb1c46453a7eec115a1650bec7a32e2f48092c6473a022d2a2c49c90,179720,3593.88,3475.08,59
22225,E:\2-学术\2-项目\园上园项目\牛尾环项目\温度传感器专项算法\正常数据\546C50CA00B6-22225-D4\2026-08-21\motion\2026-08-21 09_04_43.json,2fa28196f4f90f3d581242dcd6fcbdeef6875056adb21ec90a97c14d53d269f8,179722,3593.88,3475.08,59
22225,E:\2-学术\2-项目\园上园项目\牛尾环项目\温度传感器专项算法\正常数据\546C50CA00B6-22225-D4\2026-08-21\motion\2026-08-21 10_11_03.json,d4a14c3b38aa00ab45b9bde0288c523f2e52a2965656e0df7c0fba9887460d1b,179722,3593.92,3475.12,59
22225,E:\2-学术\2-项目\园上园项目\牛尾环项目\温度传感器专项算法\正常数据\546C50CA00B6-22225-D4\2026-08-21\motion\2026-08-21 11_17_51.json,8d1967072464c8b075d0e88f5ca695dcb9183a39910235755bf9055779a3bced,179721,3593.9,3475.1,59
22225,E:\2-学术\2-项目\园上园项目\牛尾环项目\温度传感器专项算法\正常数据\546C50CA00B6-22225-D4\2026-08-21\motion\2026-08-21 12_24_37.json,5a22353322f141281c385bb84e06553f81e54d9cc0706d950062389f29c3ce9e,179723,3593.92,3475.12,59
22225,E:\2-学术\2-项目\园上园项目\牛尾环项目\温度传感器专项算法\正常数据\546C50CA00B6-22225-D4\2026-08-21\motion\2026-08-21 13_31_33.json,a54483837b25f329670931349029ca1653cf0668245b3173e562b98f10a4c1e6,179720,3593.86,3475.06,59
22225,E:\2-学术\2-项目\园上园项目\牛尾环项目\温度传感器专项算法\正常数据\546C50CA00B6-22225-D4\2026-08-21\motion\2026-08-21 14_38_28.json,6e7195268a9989295ac074ab4d0066b020479ac55e98a05e0dda95ad3f883f87,179722,3593.9,3475.1,59
22225,E:\2-学术\2-项目\园上园项目\牛尾环项目\温度传感器专项算法\正常数据\546C50CA00B6-22225-D4\2026-08-21\motion\2026-08-21 15_45_29.json,3514ff38b3a7fa1a812015128535d10f100c0dbbd72691ea4ae0f1205939c821,179722,3593.9,3475.1,59
22225,E:\2-学术\2-项目\园上园项目\牛尾环项目\温度传感器专项算法\正常数据\546C50CA00B6-22225-D4\2026-08-21\motion\2026-08-21 16_52_27.json,2cebd113fa5d34eccd466eb9ea0e7db4db506257c2915f21b2a2fddc541f6fde,179722,3593.88,3475.08,59
22225,E:\2-学术\2-项目\园上园项目\牛尾环项目\温度传感器专项算法\正常数据\546C50CA00B6-22225-D4\2026-08-21\motion\2026-08-21 17_59_06.json,fde63aa9cdb17f3a8e038cf42310816042948db15e9976ebe2e34b8e309ee15e,179723,3594.3,3475.5,59
22225,E:\2-学术\2-项目\园上园项目\牛尾环项目\温度传感器专项算法\正常数据\546C50CA00B6-22225-D4\2026-08-21\motion\2026-08-21 19_05_45.json,33e659322238324cddfbf30768da33d222b10627b76b2e8a67b2e2a383b76953,179719,3593.98,3475.18,59
22225,E:\2-学术\2-项目\园上园项目\牛尾环项目\温度传感器专项算法\正常数据\546C50CA00B6-22225-D4\2026-08-21\motion\2026-08-21 20_12_55.json,2596a377c7f123202354269269737d89fec0e0c14303c26a057f0a1eb50a244b,179722,3594.08,3475.28,59
22225,E:\2-学术\2-项目\园上园项目\牛尾环项目\温度传感器专项算法\正常数据\546C50CA00B6-22225-D4\2026-08-21\motion\2026-08-21 21_19_45.json,4015a18cecf5559b4625f6b95f8589ec8f6f7af4c974f3783df6abcf0fb0faff,179721,3593.72,3474.92,59
22225,E:\2-学术\2-项目\园上园项目\牛尾环项目\温度传感器专项算法\正常数据\546C50CA00B6-22225-D4\2026-08-21\motion\2026-08-21 22_26_28.json,4a38dffcf33da2240a4d54eefdb045905f2e1e3eb6273dae5ae9e9922ca70c7e,179719,3593.76,3474.96,59
22225,E:\2-学术\2-项目\园上园项目\牛尾环项目\温度传感器专项算法\正常数据\546C50CA00B6-22225-D4\2026-08-21\motion\2026-08-21 23_33_11.json,bb336e6b5effb11d142d8aea12bdd93a9331e8fb7ce5f7e5003f77a110d29ab4,179720,3593.92,3475.12,59
22225,E:\2-学术\2-项目\园上园项目\牛尾环项目\温度传感器专项算法\正常数据\546C50CA00B6-22225-D4\2026-08-22\motion\2026-08-22 00_39_55.json,65b77c0532110b56a9158ed491854d97323291f1867da2b5b5f5deead253be45,179721,3593.96,3475.16,59
22225,E:\2-学术\2-项目\园上园项目\牛尾环项目\温度传感器专项算法\正常数据\546C50CA00B6-22225-D4\2026-08-22\motion\2026-08-22 01_46_40.json,f7872b13a7916992bcd138cf76efc2d7958f11b6c0cc74151eba25e8cfa24337,179724,3593.94,3475.14,59
22225,E:\2-学术\2-项目\园上园项目\牛尾环项目\温度传感器专项算法\正常数据\546C50CA00B6-22225-D4\2026-08-22\motion\2026-08-22 02_53_14.json,c06406b8c8e068cf21d27664820dc79a4fc6b3dc4add98ecb6ed696acc017cf0,179724,3593.8,3475.0,59
22225,E:\2-学术\2-项目\园上园项目\牛尾环项目\温度传感器专项算法\正常数据\546C50CA00B6-22225-D4\2026-08-22\motion\2026-08-22 03_59_59.json,5851559e389ab6818536d5468584433173403ce162594ebaba0046f00c57f819,179721,3593.92,3475.12,59
22225,E:\2-学术\2-项目\园上园项目\牛尾环项目\温度传感器专项算法\正常数据\546C50CA00B6-22225-D4\2026-08-22\motion\2026-08-22 05_06_37.json,5f0e881259b91df91e9c665bf30989e1ed61c048859a8da9fd8386d8ac4e9a04,179719,3593.8,3475.0,59
22225,E:\2-学术\2-项目\园上园项目\牛尾环项目\温度传感器专项算法\正常数据\546C50CA00B6-22225-D4\2026-08-22\motion\2026-08-22 06_13_21.json,4e17737ab7460e4dd9552ee56ed8cbee7ac89d9fbdfbd40f76c29be863f43086,179718,3593.86,3475.06,59
22225,E:\2-学术\2-项目\园上园项目\牛尾环项目\温度传感器专项算法\正常数据\546C50CA00B6-22225-D4\2026-08-22\motion\2026-08-22 07_20_01.json,fa37445fce5d71bc26b87adab23a5b6aa343369f963c2361d5b1617736937ed6,179719,3593.98,3475.18,59
22225,E:\2-学术\2-项目\园上园项目\牛尾环项目\温度传感器专项算法\正常数据\546C50CA00B6-22225-D4\2026-08-22\motion\2026-08-22 08_26_47.json,0a9ba40093c7f14f52968ff59744563ba43afb18f9f5ef8f3aa95996b877021c,179723,3593.84,3475.04,59
22225,E:\2-学术\2-项目\园上园项目\牛尾环项目\温度传感器专项算法\正常数据\546C50CA00B6-22225-D4\2026-08-22\motion\2026-08-22 09_33_34.json,0fe89e870e4b728f9dca92422a158102fdd2b7d21d3199f44a337684a9a92a36,179722,3593.88,3475.08,59
22225,E:\2-学术\2-项目\园上园项目\牛尾环项目\温度传感器专项算法\正常数据\546C50CA00B6-22225-D4\2026-08-22\motion\2026-08-22 10_40_22.json,65054abb15284faf6b56569e7bf392911952fe593487903f6d87969e9c2cbb48,179720,3594.06,3475.26,59
22225,E:\2-学术\2-项目\园上园项目\牛尾环项目\温度传感器专项算法\正常数据\546C50CA00B6-22225-D4\2026-08-22\motion\2026-08-22 11_47_09.json,c504a9797cfe958b48c6938c031abbcc3d5e56086c8635b930d041b0db115833,179723,3594.0,3475.2,59
22225,E:\2-学术\2-项目\园上园项目\牛尾环项目\温度传感器专项算法\正常数据\546C50CA00B6-22225-D4\2026-08-22\motion\2026-08-22 12_53_52.json,c8bd01a7adc5cb3ed513cf5e487e7c38b3a4226453c0fb54939a0a4959fffe81,179720,3593.82,3475.02,59
22225,E:\2-学术\2-项目\园上园项目\牛尾环项目\温度传感器专项算法\正常数据\546C50CA00B6-22225-D4\2026-08-22\motion\2026-08-22 14_00_51.json,cb1c042bdf3159bf3366d52a913342ab1d75a3346fd414b1b5928c8f76f68558,179720,3593.92,3475.12,59
22225,E:\2-学术\2-项目\园上园项目\牛尾环项目\温度传感器专项算法\正常数据\546C50CA00B6-22225-D4\2026-08-22\motion\2026-08-22 15_07_49.json,5bd5e53c6498d84db3b7f2033974b48072e0b434220f01251411e8f385ab92bb,179723,3594.12,3475.32,59
22281,E:\2-学术\2-项目\园上园项目\牛尾环项目\温度传感器专项算法\正常数据\0C3D5EA22DE5-22281-C3\2026-08-22\motion\2026-08-22 17_27_29.json,24d1424cdb0f60f41aab02694e8a9c6d33971f0fdc19a9ff7a0479509dcedd70,179722,3593.7,3474.9,59
22281,E:\2-学术\2-项目\园上园项目\牛尾环项目\温度传感器专项算法\正常数据\0C3D5EA22DE5-22281-C3\2026-08-22\motion\2026-08-22 18_34_31.json,ecdf74db831f7eab22557ffd36f4d2d74cdc7eac2d795f61783beea7b9e6eaf5,179723,3594.06,3475.26,59
22281,E:\2-学术\2-项目\园上园项目\牛尾环项目\温度传感器专项算法\正常数据\0C3D5EA22DE5-22281-C3\2026-08-22\motion\2026-08-22 19_41_22.json,03013f83b9280ce18d6ee665acc05b46629a78353e89f830a9b8342346aeb534,179719,3593.86,3475.06,59
22281,E:\2-学术\2-项目\园上园项目\牛尾环项目\温度传感器专项算法\正常数据\0C3D5EA22DE5-22281-C3\2026-08-22\motion\2026-08-22 20_48_05.json,0627f6fbfa9b3f7e85ca45cbd90e7fe6f5cc6874cc0450ff8bacf10d9c2f8e2c,179723,3593.9,3475.1,59
22281,E:\2-学术\2-项目\园上园项目\牛尾环项目\温度传感器专项算法\正常数据\0C3D5EA22DE5-22281-C3\2026-08-22\motion\2026-08-22 21_54_49.json,19eb72f15fef9ef56a74e7b05dbc715fac97c5009ea06d885529b21a3daca6c5,179721,3593.92,3475.12,59
22281,E:\2-学术\2-项目\园上园项目\牛尾环项目\温度传感器专项算法\正常数据\0C3D5EA22DE5-22281-C3\2026-08-22\motion\2026-08-22 23_01_40.json,997636e9858469904eb0aaa79da8a4027995a1b82731716d991541317309fa0e,179723,3594.0,3475.2,59
22281,E:\2-学术\2-项目\园上园项目\牛尾环项目\温度传感器专项算法\正常数据\0C3D5EA22DE5-22281-C3\2026-08-23\motion\2026-08-23 00_08_21.json,2f40160511f2d528cbd1e828f823425386b63d3611475c809e5bd520bf305462,179718,3593.74,3474.94,59
22281,E:\2-学术\2-项目\园上园项目\牛尾环项目\温度传感器专项算法\正常数据\0C3D5EA22DE5-22281-C3\2026-08-23\motion\2026-08-23 01_15_09.json,b7ffd91c10c86498682ce6a56ce3ee807b069d39ced046edaf1cb827edc390eb,179719,3594.02,3475.22,59
22281,E:\2-学术\2-项目\园上园项目\牛尾环项目\温度传感器专项算法\正常数据\0C3D5EA22DE5-22281-C3\2026-08-23\motion\2026-08-23 02_21_52.json,bbe46afa04d12859c996d10e0df90576e48df32d2bf81ff8c7d407f2186084e2,179723,3594.08,3475.28,59
22281,E:\2-学术\2-项目\园上园项目\牛尾环项目\温度传感器专项算法\正常数据\0C3D5EA22DE5-22281-C3\2026-08-23\motion\2026-08-23 03_28_41.json,bdf7ff5b5cea7a4a1ec0d1d9c21369085c4c7578a9f631f8766f256bcddbbb9c,179720,3593.88,3475.08,59
22281,E:\2-学术\2-项目\园上园项目\牛尾环项目\温度传感器专项算法\正常数据\0C3D5EA22DE5-22281-C3\2026-08-23\motion\2026-08-23 04_35_27.json,dd8a8930b2a431f7290d550041f5e8c291ede1099afa7b321df472d238c91f5b,179721,3594.0,3475.2,59
22281,E:\2-学术\2-项目\园上园项目\牛尾环项目\温度传感器专项算法\正常数据\0C3D5EA22DE5-22281-C3\2026-08-23\motion\2026-08-23 05_42_10.json,1572277fb30f4103c0ca34e1a764c7a23d395777fcbc322546231a64bdf66598,179722,3593.94,3475.14,59
22281,E:\2-学术\2-项目\园上园项目\牛尾环项目\温度传感器专项算法\正常数据\0C3D5EA22DE5-22281-C3\2026-08-23\motion\2026-08-23 06_48_58.json,74f98e3ff643b9ea0c88927cd3852c7cdd0d71a4d4976a0452adf0a4b44a6fca,179719,3593.86,3475.06,59
22281,E:\2-学术\2-项目\园上园项目\牛尾环项目\温度传感器专项算法\正常数据\0C3D5EA22DE5-22281-C3\2026-08-23\motion\2026-08-23 07_55_57.json,5e1825cae61114920311ae34fdb317b1f0c49e3b0f305028be03cc7b96db2286,179726,3594.14,3475.34,59
22281,E:\2-学术\2-项目\园上园项目\牛尾环项目\温度传感器专项算法\正常数据\0C3D5EA22DE5-22281-C3\2026-08-23\motion\2026-08-23 09_02_58.json,64bfcaaeeaed5c6f62790672b482d96dbe2e7e13d607802689ef0cfc96fdf56e,179719,3593.94,3475.14,59
22281,E:\2-学术\2-项目\园上园项目\牛尾环项目\温度传感器专项算法\正常数据\0C3D5EA22DE5-22281-C3\2026-08-23\motion\2026-08-23 10_10_29.json,5e847c66fb37f1bd5dbb31bb2f691653bebbd8b802d1c1f20f43c9e279e416f1,179719,3593.8,3475.0,59
22281,E:\2-学术\2-项目\园上园项目\牛尾环项目\温度传感器专项算法\正常数据\0C3D5EA22DE5-22281-C3\2026-08-23\motion\2026-08-23 11_17_27.json,2a14752c7cabb11ed24bb2f4caa7491ee8857626cfa1dde2d0beae94a5f59f0a,179719,3593.88,3475.08,59
22281,E:\2-学术\2-项目\园上园项目\牛尾环项目\温度传感器专项算法\正常数据\0C3D5EA22DE5-22281-C3\2026-08-23\motion\2026-08-23 12_24_44.json,ae002a8e685553c0bcdeac566fd2fccd0bb293972d88cf6b2d14267cb72bdfdb,179722,3593.92,3475.12,59
22281,E:\2-学术\2-项目\园上园项目\牛尾环项目\温度传感器专项算法\正常数据\0C3D5EA22DE5-22281-C3\2026-08-23\motion\2026-08-23 13_31_52.json,1b2498aadcc3c0ea8ea4c98c4d20a1f2f7c85ecf1fbf12bde675548cc5706e75,179722,3594.06,3475.26,59
22281,E:\2-学术\2-项目\园上园项目\牛尾环项目\温度传感器专项算法\正常数据\0C3D5EA22DE5-22281-C3\2026-08-23\motion\2026-08-23 14_38_50.json,32aca03860634569b9062ba962f16d434ad474e5595c9119c4d08157557539ee,179719,3593.86,3475.06,59
22281,E:\2-学术\2-项目\园上园项目\牛尾环项目\温度传感器专项算法\正常数据\0C3D5EA22DE5-22281-C3\2026-08-23\motion\2026-08-23 15_45_57.json,8982cfdb09f3fb49e0e341a678d5d223e8a7dfa930788f17c2ff4a83e16f4d16,179719,3593.9,3475.1,59
22281,E:\2-学术\2-项目\园上园项目\牛尾环项目\温度传感器专项算法\正常数据\0C3D5EA22DE5-22281-C3\2026-08-23\motion\2026-08-23 16_52_48.json,93e8cb6e8eb6784529227a460d2d6ea72fde120bc9a8a5c19bb0adc4705b6147,179719,3593.74,3474.94,59
22281,E:\2-学术\2-项目\园上园项目\牛尾环项目\温度传感器专项算法\正常数据\0C3D5EA22DE5-22281-C3\2026-08-23\motion\2026-08-23 17_59_31.json,cec79cf781896d38f3b55a89a744458275602466becba32d384e367ce6574ed7,179723,3593.82,3475.02,59
22281,E:\2-学术\2-项目\园上园项目\牛尾环项目\温度传感器专项算法\正常数据\0C3D5EA22DE5-22281-C3\2026-08-23\motion\2026-08-23 19_06_33.json,cd3ec16a163db7066511fcf855039e5b3bbcc108d16ea2f0ccca4586b6ea6b3b,179719,3593.82,3475.02,59
22281,E:\2-学术\2-项目\园上园项目\牛尾环项目\温度传感器专项算法\正常数据\0C3D5EA22DE5-22281-C3\2026-08-23\motion\2026-08-23 20_13_56.json,67e80973dc63e9145b7d95d5af321e2628fc91b284e376832b8559c07e639b98,179719,3593.86,3475.06,59
22281,E:\2-学术\2-项目\园上园项目\牛尾环项目\温度传感器专项算法\正常数据\0C3D5EA22DE5-22281-C3\2026-08-23\motion\2026-08-23 21_21_38.json,452023a19ef4e0ceb380d067a7ca8d7feda67c3bb86602fabb6b1c5bdcfd19ff,179719,3593.84,3475.04,59
22281,E:\2-学术\2-项目\园上园项目\牛尾环项目\温度传感器专项算法\正常数据\0C3D5EA22DE5-22281-C3\2026-08-23\motion\2026-08-23 22_29_00.json,fa01542eef54a130b5997f9f28939f9b5ca20b38b6ced153c5eb5be73a603a9c,179720,3593.9,3475.1,59
22281,E:\2-学术\2-项目\园上园项目\牛尾环项目\温度传感器专项算法\正常数据\0C3D5EA22DE5-22281-C3\2026-08-23\motion\2026-08-23 23_36_27.json,afd3141e6a99a0315f8c47477501e1ac5af0c5fc47cea4744edc8281c2bf2f71,179719,3593.84,3475.04,59
22281,E:\2-学术\2-项目\园上园项目\牛尾环项目\温度传感器专项算法\正常数据\0C3D5EA22DE5-22281-C3\2026-08-24\motion\2026-08-24 00_43_51.json,90801c54f9c64f87a85dab2a0d6460108d536a91c79ab1cd4f31c8931e36255e,179725,3594.28,3475.48,59
22281,E:\2-学术\2-项目\园上园项目\牛尾环项目\温度传感器专项算法\正常数据\0C3D5EA22DE5-22281-C3\2026-08-24\motion\2026-08-24 01_50_08.json,1c8153036b69337b76136d04290ebd374c0107eb3f60da5306e456e36c0aeac5,179725,3594.2,3475.4,59
22281,E:\2-学术\2-项目\园上园项目\牛尾环项目\温度传感器专项算法\正常数据\0C3D5EA22DE5-22281-C3\2026-08-24\motion\2026-08-24 04_02_18.json,cea0b67b6714c64bb233be8c85ceccfa7a82c697445bd1578f7213a9752070a5,179726,3594.3,3475.5,59
22281,E:\2-学术\2-项目\园上园项目\牛尾环项目\温度传感器专项算法\正常数据\0C3D5EA22DE5-22281-C3\2026-08-24\motion\2026-08-24 05_08_21.json,1ec7713fad50090e6aa13749350f6fa726b39a0b7a66081420b05dd06d6024d0,179723,3594.16,3475.36,59
22281,E:\2-学术\2-项目\园上园项目\牛尾环项目\温度传感器专项算法\正常数据\0C3D5EA22DE5-22281-C3\2026-08-24\motion\2026-08-24 06_14_49.json,6974995c6a71658a88c92e8d707119e1cc5876e0cef7b908a235d2765e9bf51d,179721,3594.24,3475.44,59
22281,E:\2-学术\2-项目\园上园项目\牛尾环项目\温度传感器专项算法\正常数据\0C3D5EA22DE5-22281-C3\2026-08-24\motion\2026-08-24 07_20_48.json,79713e7e787e52d6af3dd67b832961df5e1a6236797bcbc5cc9b8b607c1eff1f,179722,3594.24,3475.44,59
22281,E:\2-学术\2-项目\园上园项目\牛尾环项目\温度传感器专项算法\正常数据\0C3D5EA22DE5-22281-C3\2026-08-24\motion\2026-08-24 10_39_09.json,505e0fd5297b21d57d1d74898927ed3ba471740159c93683bbefb593a39ece41,179723,3594.32,3475.52,59
22281,E:\2-学术\2-项目\园上园项目\牛尾环项目\温度传感器专项算法\正常数据\0C3D5EA22DE5-22281-C3\2026-08-24\motion\2026-08-24 11_45_14.json,8e3c4057fb4c18a0fd5087bc07a8e7419819626ba9e6b8ea5bdc17ddb767bb91,179726,3594.24,3475.44,59
22281,E:\2-学术\2-项目\园上园项目\牛尾环项目\温度传感器专项算法\正常数据\0C3D5EA22DE5-22281-C3\2026-08-24\motion\2026-08-24 12_51_13.json,1b76005d874fca1439af4089eb042a055b8390a03b871b358d43714eac21d024,179725,3594.18,3475.38,59
22281,E:\2-学术\2-项目\园上园项目\牛尾环项目\温度传感器专项算法\正常数据\0C3D5EA22DE5-22281-C3\2026-08-24\motion\2026-08-24 13_57_12.json,3e783d124600214fa373d2314a67495c4df5c60de258f6be64116571cd4159a8,179725,3594.4,3475.6,59
22281,E:\2-学术\2-项目\园上园项目\牛尾环项目\温度传感器专项算法\正常数据\0C3D5EA22DE5-22281-C3\2026-08-24\motion\2026-08-24 16_09_08.json,07641d645ed32cf9f34b972f54119c3845ff59515a0cd58aac97512ea69743bd,179724,3594.2,3475.4,59
22281,E:\2-学术\2-项目\园上园项目\牛尾环项目\温度传感器专项算法\正常数据\0C3D5EA22DE5-22281-C3\2026-08-24\motion\2026-08-24 17_15_08.json,47c2063c6c6175ecbe4a219732a847bd6f01cd8af0c1c1d374a33e5f8ee130c3,179724,3594.34,3475.54,59
22281,E:\2-学术\2-项目\园上园项目\牛尾环项目\温度传感器专项算法\正常数据\0C3D5EA22DE5-22281-C3\2026-08-24\motion\2026-08-24 23_48_26.json,f3fa34ac16b2446bac08a7ca3800e4cab86f593a61eb3b065f1fcdc0bbbfb864,179725,3594.24,3475.44,59
22281,E:\2-学术\2-项目\园上园项目\牛尾环项目\温度传感器专项算法\正常数据\0C3D5EA22DE5-22281-C3\2026-08-25\motion\2026-08-25 07_26_31.json,aea2335f446ae28348aa748c67b301ba5666f668fce088f553696d5cbcd8b4c9,179726,3594.32,3475.52,59
22281,E:\2-学术\2-项目\园上园项目\牛尾环项目\温度传感器专项算法\正常数据\0C3D5EA22DE5-22281-C3\2026-08-25\motion\2026-08-25 08_31_59.json,0f4df659f198f972c55b8b632661a282da58ab60c6c6cf7dc46ac3028e6731d4,179724,3594.24,3475.44,59
23060,E:\2-学术\2-项目\园上园项目\牛尾环项目\温度传感器专项算法\正常数据\546C50CA090E-23060-I\2026-08-19\motion\2026-08-19 09_26_54.json,e5401e64a20561d8b7a28354c1d8fadc572199f3a6dc2221ede266cee94cfae0,176600,3591.2,3416.84,88
23060,E:\2-学术\2-项目\园上园项目\牛尾环项目\温度传感器专项算法\正常数据\546C50CA090E-23060-I\2026-08-19\motion\2026-08-19 10_33_18.json,0b4f5803b93c274f3fa878a63536c7b2d43454ae17c9b217c8803953fc9cc240,176617,3585.1,3282.82,154
23060,E:\2-学术\2-项目\园上园项目\牛尾环项目\温度传感器专项算法\正常数据\546C50CA090E-23060-I\2026-08-19\motion\2026-08-19 11_39_32.json,e583e1026b4567ad935798af5b13325c87c58d035ca5097189be5019a7a99480,176550,3586.1,3307.48,145
23060,E:\2-学术\2-项目\园上园项目\牛尾环项目\温度传感器专项算法\正常数据\546C50CA090E-23060-I\2026-08-19\motion\2026-08-19 12_46_10.json,43b3c281d76d55e758cf77f1e75afcf5a16438f2a5d5d6a113e9609212b73c7f,176655,3585.02,3283.94,154
23060,E:\2-学术\2-项目\园上园项目\牛尾环项目\温度传感器专项算法\正常数据\546C50CA090E-23060-I\2026-08-19\motion\2026-08-19 13_52_36.json,6fbb8a7942c01ac35b52d7bfede25b4e8fc53f62cca553a46c03d99633899cef,176397,3582.36,3222.12,184
23060,E:\2-学术\2-项目\园上园项目\牛尾环项目\温度传感器专项算法\正常数据\546C50CA090E-23060-I\2026-08-19\motion\2026-08-19 14_59_11.json,0fa0ed6d656287c01907c1c7933a94c20313be1620518dd9912f5787060a653b,176483,3576.78,3102.44,245
23060,E:\2-学术\2-项目\园上园项目\牛尾环项目\温度传感器专项算法\正常数据\546C50CA090E-23060-I\2026-08-19\motion\2026-08-19 16_05_29.json,b3baeccd0b113be74a730d726a4034435b8fcd1b0573dafdc6c9bbd5bd20342a,176476,3575.34,3067.78,263
23060,E:\2-学术\2-项目\园上园项目\牛尾环项目\温度传感器专项算法\正常数据\546C50CA090E-23060-I\2026-08-19\motion\2026-08-19 17_22_12.json,3652757b438d7c15a57bdb21d36c1dd436bead320409eb5db9427853e2221cf3,179720,3593.82,3475.02,59
23060,E:\2-学术\2-项目\园上园项目\牛尾环项目\温度传感器专项算法\正常数据\546C50CA090E-23060-I\2026-08-19\motion\2026-08-19 18_29_10.json,0eb8e5f1dcb9ffd9d0cdee1f2193bbf98c583550160a856b5ae376e5929f8057,179720,3593.92,3475.12,59
23060,E:\2-学术\2-项目\园上园项目\牛尾环项目\温度传感器专项算法\正常数据\546C50CA090E-23060-I\2026-08-19\motion\2026-08-19 19_36_35.json,3e63f6a5618ac3791048a921dbd3270ae7d8959789240dcd3291642cbb2ad3b6,179717,3593.84,3475.04,59
23060,E:\2-学术\2-项目\园上园项目\牛尾环项目\温度传感器专项算法\正常数据\546C50CA090E-23060-I\2026-08-19\motion\2026-08-19 20_43_50.json,b4453971d2eb92af813326329f7b9264feb29e784b51757b7788335c164e9f28,179722,3593.96,3475.16,59
23060,E:\2-学术\2-项目\园上园项目\牛尾环项目\温度传感器专项算法\正常数据\546C50CA090E-23060-I\2026-08-19\motion\2026-08-19 21_52_08.json,24ddec88baace8d81fe9eb1d11be1fc1a2d66235a3c9171d8ced2f6faa93e218,179719,3594.06,3475.26,59
23060,E:\2-学术\2-项目\园上园项目\牛尾环项目\温度传感器专项算法\正常数据\546C50CA090E-23060-I\2026-08-19\motion\2026-08-19 22_59_32.json,4abf47a3bf4ef557a20bbd585a3c1bda7f09eccfcc65208d01627ca0b220c952,179727,3594.2,3475.4,59
23060,E:\2-学术\2-项目\园上园项目\牛尾环项目\温度传感器专项算法\正常数据\546C50CA090E-23060-I\2026-08-20\motion\2026-08-20 00_06_24.json,1038bc495f270a9a899379dad096e44b4333695e7aa4f9f1035a183dd51368ed,179720,3593.94,3475.14,59
23060,E:\2-学术\2-项目\园上园项目\牛尾环项目\温度传感器专项算法\正常数据\546C50CA090E-23060-I\2026-08-20\motion\2026-08-20 01_13_27.json,0ee3777fbab09877c4eae18fd8f373a42e98cc8179e615911aa31eff98ce8679,179719,3594.06,3475.26,59
23060,E:\2-学术\2-项目\园上园项目\牛尾环项目\温度传感器专项算法\正常数据\546C50CA090E-23060-I\2026-08-20\motion\2026-08-20 02_20_19.json,f4cdc2984582bb7ac250408bcc0392345950e902110022b9bff78c7de746f3bc,179718,3594.02,3475.22,59
23060,E:\2-学术\2-项目\园上园项目\牛尾环项目\温度传感器专项算法\正常数据\546C50CA090E-23060-I\2026-08-20\motion\2026-08-20 03_27_01.json,ac5139954e99bfeeca255a2e9222993213a99fac0742dccbb30afcc2dc065ab3,179721,3593.82,3475.02,59
23060,E:\2-学术\2-项目\园上园项目\牛尾环项目\温度传感器专项算法\正常数据\546C50CA090E-23060-I\2026-08-20\motion\2026-08-20 04_33_51.json,9c3bad2e9343840db5c2533f52814dd9261f88550806497d59ec5589f9cc6e04,179721,3593.96,3475.16,59
23060,E:\2-学术\2-项目\园上园项目\牛尾环项目\温度传感器专项算法\正常数据\546C50CA090E-23060-I\2026-08-20\motion\2026-08-20 05_40_41.json,dca7647cc9df4e73fdd6c9cc8480bb6aa7cd69f017db6d75e173ce1eeb7f81a2,179722,3593.96,3475.16,59
23060,E:\2-学术\2-项目\园上园项目\牛尾环项目\温度传感器专项算法\正常数据\546C50CA090E-23060-I\2026-08-20\motion\2026-08-20 06_47_47.json,6e3d3328046127dad0cd65da2133425e0fc08836a797dcbc1205bdffdacac8f0,179719,3593.88,3475.08,59
23060,E:\2-学术\2-项目\园上园项目\牛尾环项目\温度传感器专项算法\正常数据\546C50CA090E-23060-I\2026-08-20\motion\2026-08-20 07_54_48.json,2cdfdfebfeb37fbdb896fff1d7701489848c38a18488bbded69502012d1871cf,179718,3593.98,3475.18,59
23060,E:\2-学术\2-项目\园上园项目\牛尾环项目\温度传感器专项算法\正常数据\546C50CA090E-23060-I\2026-08-20\motion\2026-08-20 09_01_51.json,55e047d7c3019755c8c1930de8414e80bed40fa46c51d992fa75bdd60eb4d043,179718,3593.98,3475.18,59
23060,E:\2-学术\2-项目\园上园项目\牛尾环项目\温度传感器专项算法\正常数据\546C50CA090E-23060-I\2026-08-20\motion\2026-08-20 10_08_45.json,c439e317ec780a4003f4627d631b508516da29b98485e557be49d70560f98b78,179721,3594.0,3475.2,59
23060,E:\2-学术\2-项目\园上园项目\牛尾环项目\温度传感器专项算法\正常数据\546C50CA090E-23060-I\2026-08-20\motion\2026-08-20 11_15_43.json,eb14ef65bbbc42bd0c705d12978b39268222a1153a94cce4b1d7302255f7edb5,179721,3594.04,3475.24,59
23060,E:\2-学术\2-项目\园上园项目\牛尾环项目\温度传感器专项算法\正常数据\546C50CA090E-23060-I\2026-08-20\motion\2026-08-20 12_22_42.json,7b5e58576681dca9a6ad7203cb3bfd35c85151a721459145d4d2b76bf88c121f,179720,3594.06,3475.26,59
23060,E:\2-学术\2-项目\园上园项目\牛尾环项目\温度传感器专项算法\正常数据\546C50CA090E-23060-I\2026-08-20\motion\2026-08-20 13_29_56.json,946500d6d1e2e653114fbbe551720873539098d0bc56489b8cc95df98bd03bed,179719,3594.02,3475.22,59
23060,E:\2-学术\2-项目\园上园项目\牛尾环项目\温度传感器专项算法\正常数据\546C50CA090E-23060-I\2026-08-20\motion\2026-08-20 14_36_57.json,2202b43c77f598dc745f117774528f69b1018d7f4901504080c972cb56225b24,179719,3593.94,3475.14,59
23060,E:\2-学术\2-项目\园上园项目\牛尾环项目\温度传感器专项算法\正常数据\546C50CA090E-23060-I\2026-08-20\motion\2026-08-20 15_44_09.json,5d5462380fec549403096738725cbe262097e545dc0c3e74ec30d72333f7fd3a,179722,3593.92,3475.12,59
23060,E:\2-学术\2-项目\园上园项目\牛尾环项目\温度传感器专项算法\正常数据\546C50CA090E-23060-I\2026-08-20\motion\2026-08-20 16_51_06.json,bc23d4e2268513c7663c8c0d6ca87125a905d1f1ea942401fdd4d0786adeb98d,179719,3593.76,3474.96,59
23060,E:\2-学术\2-项目\园上园项目\牛尾环项目\温度传感器专项算法\正常数据\546C50CA090E-23060-I\2026-08-20\motion\2026-08-20 17_58_04.json,9cfb1ba20f530e2d76dd35923e0e7d1bae12efd4085367dfcaa753276882381b,179719,3593.98,3475.18,59
23060,E:\2-学术\2-项目\园上园项目\牛尾环项目\温度传感器专项算法\正常数据\546C50CA090E-23060-I\2026-08-20\motion\2026-08-20 20_12_56.json,764677fd66361c262f08b002212490cf7ad7fea9de7f570edb1ed6e856f04816,179716,3593.8,3475.0,59
23060,E:\2-学术\2-项目\园上园项目\牛尾环项目\温度传感器专项算法\正常数据\546C50CA090E-23060-I\2026-08-20\motion\2026-08-20 21_21_02.json,3b2c89d8c67891da7f4df06442b07ece67a052deac1d1b92e77a64e4645716c4,179717,3593.82,3475.02,59
23060,E:\2-学术\2-项目\园上园项目\牛尾环项目\温度传感器专项算法\正常数据\546C50CA090E-23060-I\2026-08-20\motion\2026-08-20 22_28_12.json,bb118d093dc434c6466ef058928263218250b9094538e0f48203ab0a3e2930bd,179719,3594.08,3475.28,59
23060,E:\2-学术\2-项目\园上园项目\牛尾环项目\温度传感器专项算法\正常数据\546C50CA090E-23060-I\2026-08-20\motion\2026-08-20 23_35_10.json,85dc4fd76a0c0c6db58aea631f1d8edca48ed236b03d97a8c9d30a07ca5cb85c,179721,3593.88,3475.08,59
23060,E:\2-学术\2-项目\园上园项目\牛尾环项目\温度传感器专项算法\正常数据\546C50CA090E-23060-I\2026-08-21\motion\2026-08-21 00_42_16.json,3b14ee7b5e1f10110ee61e6ea8080b74dbd3516b6f3f508419755e58c86362f2,179718,3593.74,3474.94,59
23060,E:\2-学术\2-项目\园上园项目\牛尾环项目\温度传感器专项算法\正常数据\546C50CA090E-23060-I\2026-08-21\motion\2026-08-21 01_49_19.json,52778dc88f9eeeed65f5fa743cceb5e2fa354f014e78a262b8d5518410a8a492,179720,3594.02,3475.22,59
23060,E:\2-学术\2-项目\园上园项目\牛尾环项目\温度传感器专项算法\正常数据\546C50CA090E-23060-I\2026-08-21\motion\2026-08-21 02_56_09.json,11737085d72fd6510d58fa5c33871a9959c3c73f0eae348300b87122b77fefca,179722,3594.26,3475.46,59
23060,E:\2-学术\2-项目\园上园项目\牛尾环项目\温度传感器专项算法\正常数据\546C50CA090E-23060-I\2026-08-21\motion\2026-08-21 04_03_07.json,2a1cb039a64976d5df74bf316001e6af7a6a6e7df0bf5db4d86c8f60f02c0791,179720,3593.94,3475.14,59
23060,E:\2-学术\2-项目\园上园项目\牛尾环项目\温度传感器专项算法\正常数据\546C50CA090E-23060-I\2026-08-21\motion\2026-08-21 05_10_10.json,2a58ff73f4da6ff7150c14ca5b7cf26714e09ede048abd1f0de6aecde9ef3ced,179719,3594.1,3475.3,59
23060,E:\2-学术\2-项目\园上园项目\牛尾环项目\温度传感器专项算法\正常数据\546C50CA090E-23060-I\2026-08-21\motion\2026-08-21 06_17_15.json,0a35467fa13ba6259bb6d6394b02f468b433d8211bcc99d2a378f29c4a191421,179720,3593.9,3475.1,59
23060,E:\2-学术\2-项目\园上园项目\牛尾环项目\温度传感器专项算法\正常数据\546C50CA090E-23060-I\2026-08-21\motion\2026-08-21 07_24_15.json,17c89b49f04d8aae729c3f03cf10a21cd739555531ad76a9bdf8644c14d4dd9c,179719,3593.74,3474.94,59
23060,E:\2-学术\2-项目\园上园项目\牛尾环项目\温度传感器专项算法\正常数据\546C50CA090E-23060-I\2026-08-21\motion\2026-08-21 08_31_21.json,63f99293a968993d7f0a699fd8aac0330d714ac6f0e42599b4648dac9c2daa45,179722,3593.92,3475.12,59
23060,E:\2-学术\2-项目\园上园项目\牛尾环项目\温度传感器专项算法\正常数据\546C50CA090E-23060-I\2026-08-21\motion\2026-08-21 09_38_29.json,3989e5eb365adc933393a6e4ac2eb2cd79bae7e0212523a6b053d10c05dd35b0,179720,3593.84,3475.04,59
23060,E:\2-学术\2-项目\园上园项目\牛尾环项目\温度传感器专项算法\正常数据\546C50CA090E-23060-I\2026-08-21\motion\2026-08-21 10_45_35.json,75e8edb78f04a657b84edadfcdcc96e8d655eb49c494379e29b954da3dbce547,179720,3593.92,3475.12,59
23060,E:\2-学术\2-项目\园上园项目\牛尾环项目\温度传感器专项算法\正常数据\546C50CA090E-23060-I\2026-08-21\motion\2026-08-21 11_52_32.json,580977568e156898d3e2a58f22b324153f229a0bf85294ed2e55b9d591f3683a,179720,3593.9,3475.1,59
23060,E:\2-学术\2-项目\园上园项目\牛尾环项目\温度传感器专项算法\正常数据\546C50CA090E-23060-I\2026-08-21\motion\2026-08-21 12_59_48.json,79e7608fb1f855dd5e5dd836b41710d1695121d90b36aa9368d748dbcd4c2f08,179722,3593.82,3475.02,59
23060,E:\2-学术\2-项目\园上园项目\牛尾环项目\温度传感器专项算法\正常数据\546C50CA090E-23060-I\2026-08-21\motion\2026-08-21 14_06_56.json,76ffb13763a17f2a09c6b8af35b1e8fc90a3b289089d66b1e0cb87912ce431dd,179719,3593.82,3475.02,59
23060,E:\2-学术\2-项目\园上园项目\牛尾环项目\温度传感器专项算法\正常数据\546C50CA090E-23060-I\2026-08-21\motion\2026-08-21 15_14_11.json,d61358b9661cdd31ab379df3b9f6a3898f54b92909ec5287a759adf10ff10bce,179719,3593.96,3475.16,59
23060,E:\2-学术\2-项目\园上园项目\牛尾环项目\温度传感器专项算法\正常数据\546C50CA090E-23060-I\2026-08-21\motion\2026-08-21 16_21_24.json,fd07d45c48fdb0ce33440cd03ce746a87ddf3c3a23b5a86450cf1613c111d0e8,179718,3593.9,3475.1,59
23060,E:\2-学术\2-项目\园上园项目\牛尾环项目\温度传感器专项算法\正常数据\546C50CA090E-23060-I\2026-08-21\motion\2026-08-21 17_28_37.json,4b01ea384922cb8144df3654baa0757595c64916b825532f0d6b5529d1d4d5c1,179720,3593.74,3474.94,59
23060,E:\2-学术\2-项目\园上园项目\牛尾环项目\温度传感器专项算法\正常数据\546C50CA090E-23060-I\2026-08-21\motion\2026-08-21 18_35_47.json,e213fa192f798956d61c7b55a65e21b4550131b04b9f191cb558246b54551210,179717,3593.88,3475.08,59
23060,E:\2-学术\2-项目\园上园项目\牛尾环项目\温度传感器专项算法\正常数据\546C50CA090E-23060-I\2026-08-21\motion\2026-08-21 19_43_09.json,e9c2a0a17a9a53bd797969a13878b470f2b1d8a65d19007e26ef285641611896,179722,3593.9,3475.1,59
23060,E:\2-学术\2-项目\园上园项目\牛尾环项目\温度传感器专项算法\正常数据\546C50CA090E-23060-I\2026-08-21\motion\2026-08-21 22_01_10.json,64f44accf5f2c00306e683152c95bb3bb3da274efc26bbb8a636f75e70a672d2,179719,3593.86,3475.06,59
23060,E:\2-学术\2-项目\园上园项目\牛尾环项目\温度传感器专项算法\正常数据\546C50CA090E-23060-I\2026-08-21\motion\2026-08-21 23_08_47.json,fe82921f3f5fa2ac9b1e28c81426312cd9d4bef36f3afa1edc9ae89726264d7d,179718,3593.72,3474.92,59
23060,E:\2-学术\2-项目\园上园项目\牛尾环项目\温度传感器专项算法\正常数据\546C50CA090E-23060-I\2026-08-22\motion\2026-08-22 00_16_00.json,297490a7b57442df8f2ef1bfa6f0e0629c59f3ab7d17ae04c800e5767e7973d8,179716,3593.8,3475.0,59
23060,E:\2-学术\2-项目\园上园项目\牛尾环项目\温度传感器专项算法\正常数据\546C50CA090E-23060-I\2026-08-22\motion\2026-08-22 01_23_14.json,5d0aaaafd055efece812c126d23dcf52f1ef827b872e91291b6b2060889b03de,179719,3593.86,3475.06,59
23060,E:\2-学术\2-项目\园上园项目\牛尾环项目\温度传感器专项算法\正常数据\546C50CA090E-23060-I\2026-08-22\motion\2026-08-22 02_30_19.json,7d004ebcf8cb2e388b644fc9d143db113f06853e4fdbcb765d0dffe44f62c5ea,179721,3593.88,3475.08,59
23060,E:\2-学术\2-项目\园上园项目\牛尾环项目\温度传感器专项算法\正常数据\546C50CA090E-23060-I\2026-08-22\motion\2026-08-22 03_37_27.json,0cf9900be514621a9bfcb1a5c78f91566334f1b3d241c2cc36c4fbb870e50bd7,179722,3593.82,3475.02,59
23060,E:\2-学术\2-项目\园上园项目\牛尾环项目\温度传感器专项算法\正常数据\546C50CA090E-23060-I\2026-08-22\motion\2026-08-22 04_44_39.json,ff0414e607aac5a9e1b803314e430b7470dde41b906c1e623cdfa6d1512f10a5,179719,3593.72,3474.92,59
23060,E:\2-学术\2-项目\园上园项目\牛尾环项目\温度传感器专项算法\正常数据\546C50CA090E-23060-I\2026-08-22\motion\2026-08-22 05_51_59.json,aaf7fcd5c66a43c4e69f4827b77ec61b2e47ee10e0b8ade98b601c1f69d6760d,179723,3593.98,3475.18,59
23060,E:\2-学术\2-项目\园上园项目\牛尾环项目\温度传感器专项算法\正常数据\546C50CA090E-23060-I\2026-08-22\motion\2026-08-22 06_59_05.json,9a6e9783092be50cf66072ffa1a4ce095ccc4741dd864a3989c7b2c0632efe4b,179720,3593.92,3475.12,59
23060,E:\2-学术\2-项目\园上园项目\牛尾环项目\温度传感器专项算法\正常数据\546C50CA090E-23060-I\2026-08-22\motion\2026-08-22 08_06_27.json,2f48a787e4bdf94211f26f9628fea9e70defd0edadb5ce0e7d363b6bea4c1080,179724,3594.0,3475.2,59
23060,E:\2-学术\2-项目\园上园项目\牛尾环项目\温度传感器专项算法\正常数据\546C50CA090E-23060-I\2026-08-22\motion\2026-08-22 09_13_06.json,270cddfc5ff5085e4b23a293d46b1f1d109e13f20fcb431ceee3130dcf984a90,179722,3594.16,3475.36,59
23060,E:\2-学术\2-项目\园上园项目\牛尾环项目\温度传感器专项算法\正常数据\546C50CA090E-23060-I\2026-08-22\motion\2026-08-22 22_59_44.json,23a2643c814705392a254a5a1be15c57c2183db1e999c2b0c60c41b718f2e4be,179724,3594.22,3475.42,59
23077,E:\2-学术\2-项目\园上园项目\牛尾环项目\温度传感器专项算法\正常数据\546C50CA07FA-23077-E\2026-08-17\motion\2026-08-17 00_17_45.json,46bcfe1749d273473a28cb3f4ff4eb464ba86b5889796754e22948691ac4a0cc,89876,1797.26,1737.86,29
23077,E:\2-学术\2-项目\园上园项目\牛尾环项目\温度传感器专项算法\正常数据\546C50CA07FA-23077-E\2026-08-17\motion\2026-08-17 00_51_59.json,10151b4e9e6d637ec529a662e683e0367fb19ac115abda67112eeb706134242b,89877,1797.16,1737.76,29
23077,E:\2-学术\2-项目\园上园项目\牛尾环项目\温度传感器专项算法\正常数据\546C50CA07FA-23077-E\2026-08-17\motion\2026-08-17 01_26_26.json,98823e7527695aa75ecf7cdef1f737f0a3e278c97d95e1ebfae05ed7c9a01fab,89876,1797.2,1737.8,29
23077,E:\2-学术\2-项目\园上园项目\牛尾环项目\温度传感器专项算法\正常数据\546C50CA07FA-23077-E\2026-08-17\motion\2026-08-17 02_00_54.json,ad55c8a2ebd740250a91ec127bef5d6837deca5485c29813ab84c604ab4a2c40,89876,1797.2,1737.8,29
23077,E:\2-学术\2-项目\园上园项目\牛尾环项目\温度传感器专项算法\正常数据\546C50CA07FA-23077-E\2026-08-17\motion\2026-08-17 02_35_08.json,4615a50149634eb960a3a4c5f789841c9d7df87d0b51ba190e31cfcead1ddf84,89877,1797.32,1737.92,29
23077,E:\2-学术\2-项目\园上园项目\牛尾环项目\温度传感器专项算法\正常数据\546C50CA07FA-23077-E\2026-08-17\motion\2026-08-17 03_09_20.json,32356be7980e36035f8e3a7bf9735be2fc1eed60a58861a692474f96c9261471,89873,1797.26,1737.86,29
23077,E:\2-学术\2-项目\园上园项目\牛尾环项目\温度传感器专项算法\正常数据\546C50CA07FA-23077-E\2026-08-17\motion\2026-08-17 03_43_31.json,d81f1fb5ab83fa9e790dba4c54c246ab2705e2eeb34b5cfdcfacd878c5f6eba7,89876,1797.32,1737.92,29
23077,E:\2-学术\2-项目\园上园项目\牛尾环项目\温度传感器专项算法\正常数据\546C50CA07FA-23077-E\2026-08-17\motion\2026-08-17 04_17_40.json,d6f6b303f0a3c4d2d3c77d226017e309d66bd5e0435b701da042e4699e7a053b,89875,1797.3,1737.9,29
23077,E:\2-学术\2-项目\园上园项目\牛尾环项目\温度传感器专项算法\正常数据\546C50CA07FA-23077-E\2026-08-17\motion\2026-08-17 04_51_53.json,4e4e630e2f24ff79e4d8d3727a8c5b83da6afe25529a62fc0d78c009b3957fba,89878,1797.32,1737.92,29
23077,E:\2-学术\2-项目\园上园项目\牛尾环项目\温度传感器专项算法\正常数据\546C50CA07FA-23077-E\2026-08-17\motion\2026-08-17 05_26_08.json,a4ea2b7e47efd72be8a53165d526e758df98e469d6e47abf3aed494d3b052457,89877,1797.3,1737.9,29
23077,E:\2-学术\2-项目\园上园项目\牛尾环项目\温度传感器专项算法\正常数据\546C50CA07FA-23077-E\2026-08-17\motion\2026-08-17 06_00_26.json,99e9a808d3d35986626a92bb3d1f6ce93409364e55376593a9c834ee4b584412,89875,1797.26,1737.86,29
23077,E:\2-学术\2-项目\园上园项目\牛尾环项目\温度传感器专项算法\正常数据\546C50CA07FA-23077-E\2026-08-17\motion\2026-08-17 06_34_42.json,7f1eb00a2c25f2dba7af20600e901d1064d0183a558034e72c0e272dc635f4d3,89877,1797.28,1737.88,29
23077,E:\2-学术\2-项目\园上园项目\牛尾环项目\温度传感器专项算法\正常数据\546C50CA07FA-23077-E\2026-08-17\motion\2026-08-17 07_08_53.json,e302c8ae4c92a161354da3ce535022b1dabdabb78ecb4a784471c90cbb17df22,89876,1797.2,1737.8,29
23077,E:\2-学术\2-项目\园上园项目\牛尾环项目\温度传感器专项算法\正常数据\546C50CA07FA-23077-E\2026-08-17\motion\2026-08-17 07_43_14.json,c733e980cab39be3b946b6548518ba9df4635849a289003c17d6b93f489c60e9,89876,1797.14,1737.74,29
23077,E:\2-学术\2-项目\园上园项目\牛尾环项目\温度传感器专项算法\正常数据\546C50CA07FA-23077-E\2026-08-17\motion\2026-08-17 08_17_53.json,b482b577e2b5cfaced47ec3f9648092c878a3687ab853e994f5d67a040acc350,89876,1797.2,1737.8,29
23077,E:\2-学术\2-项目\园上园项目\牛尾环项目\温度传感器专项算法\正常数据\546C50CA07FA-23077-E\2026-08-17\motion\2026-08-17 08_52_14.json,28a68b602b330639006030393d4e8e43ef8b8a2a433cca889e6335873ec74030,89874,1797.28,1737.88,29
23077,E:\2-学术\2-项目\园上园项目\牛尾环项目\温度传感器专项算法\正常数据\546C50CA07FA-23077-E\2026-08-17\motion\2026-08-17 09_26_46.json,a630d2a125f8f9aad25fd28ec2f816d47e2faa1d3add0d5ebc7dd35a3593fcfa,89877,1797.26,1737.86,29
23077,E:\2-学术\2-项目\园上园项目\牛尾环项目\温度传感器专项算法\正常数据\546C50CA07FA-23077-E\2026-08-17\motion\2026-08-17 10_01_05.json,9bb648b85739667ba4859edfe328ffb8048d9624989a91b321efb334d0deacd6,179746,3594.56,3475.76,59
23077,E:\2-学术\2-项目\园上园项目\牛尾环项目\温度传感器专项算法\正常数据\546C50CA07FA-23077-E\2026-08-17\motion\2026-08-17 11_06_47.json,9ed60383d5726c8141b5994f69724fdd36bd2000ae385a0228c620f6906d601b,179744,3594.52,3475.72,59
23077,E:\2-学术\2-项目\园上园项目\牛尾环项目\温度传感器专项算法\正常数据\546C50CA07FA-23077-E\2026-08-17\motion\2026-08-17 13_33_04.json,34508265594b9cfed2749b37bf379ff3fccc265dcfbc3b8c70e0b087c8d47761,179744,3594.56,3475.76,59
23077,E:\2-学术\2-项目\园上园项目\牛尾环项目\温度传感器专项算法\正常数据\546C50CA07FA-23077-E\2026-08-17\motion\2026-08-17 17_01_33.json,e8f3b3cf600e8603e6cc6f341945b8644a165d9597ac72d48569c1b958ffe2e9,179747,3594.22,3475.42,59
23077,E:\2-学术\2-项目\园上园项目\牛尾环项目\温度传感器专项算法\正常数据\546C50CA07FA-23077-E\2026-08-17\motion\2026-08-17 18_07_56.json,6e99a3742095bf202b24a69edaf94d4d70688a595e7fc044af5c5766bf068371,179742,3594.1,3475.3,59
23077,E:\2-学术\2-项目\园上园项目\牛尾环项目\温度传感器专项算法\正常数据\546C50CA07FA-23077-E\2026-08-17\motion\2026-08-17 19_14_28.json,61e23e3504bdb0d132b5fbe742c99d26f243db24c002c1880f750833d1875657,179746,3594.28,3475.48,59
23077,E:\2-学术\2-项目\园上园项目\牛尾环项目\温度传感器专项算法\正常数据\546C50CA07FA-23077-E\2026-08-17\motion\2026-08-17 21_23_14.json,846b11ae4acb09c842bb31008f8e6fd9fece56d910ae0aadc42350c2adff48c5,179747,3594.38,3475.58,59
23077,E:\2-学术\2-项目\园上园项目\牛尾环项目\温度传感器专项算法\正常数据\546C50CA07FA-23077-E\2026-08-17\motion\2026-08-17 22_29_31.json,f8fd229d889b36b24ef1e1b826a1a44535f66adec7e834af081773c073af6e8b,179746,3594.52,3475.72,59
23077,E:\2-学术\2-项目\园上园项目\牛尾环项目\温度传感器专项算法\正常数据\546C50CA07FA-23077-E\2026-08-17\motion\2026-08-17 23_35_30.json,6064f2fdd7d2054e03701b740bea7a90b63dd7fac454984d119b19b80cb1852a,179747,3594.28,3475.48,59
23077,E:\2-学术\2-项目\园上园项目\牛尾环项目\温度传感器专项算法\正常数据\546C50CA07FA-23077-E\2026-08-18\motion\2026-08-18 00_41_42.json,38e5ff5d4c91f833db9848243b17ac618831811eccfa9eb58215dfb246024814,179746,3594.1,3475.3,59
23077,E:\2-学术\2-项目\园上园项目\牛尾环项目\温度传感器专项算法\正常数据\546C50CA07FA-23077-E\2026-08-18\motion\2026-08-18 01_48_14.json,848c73f5ae0fa6ee2459b46ca66000c2c8358ff23eb1d14accfb11ad10ab2d1a,179747,3594.44,3475.64,59
23077,E:\2-学术\2-项目\园上园项目\牛尾环项目\温度传感器专项算法\正常数据\546C50CA07FA-23077-E\2026-08-18\motion\2026-08-18 02_54_32.json,9316d81c42e534417016d535f9097cde44b27ff9a18c0fd82237f350af47d232,179747,3594.24,3475.44,59
23077,E:\2-学术\2-项目\园上园项目\牛尾环项目\温度传感器专项算法\正常数据\546C50CA07FA-23077-E\2026-08-18\motion\2026-08-18 04_00_51.json,4adbb433088f50c1f7f090aaf5488ff5efa0e97b6ece0c1d61a703e3bccc6a92,179746,3594.26,3475.46,59
23103,E:\2-学术\2-项目\园上园项目\牛尾环项目\温度传感器专项算法\正常数据\0C3D5EA22DE3-23103-C4\2026-08-22\motion\2026-08-22 17_19_16.json,19359ec8cc900bef506946b48f35192b6af0968f7ae29e151741ae5e7c3ee437,179722,3594.14,3475.34,59
23103,E:\2-学术\2-项目\园上园项目\牛尾环项目\温度传感器专项算法\正常数据\0C3D5EA22DE3-23103-C4\2026-08-22\motion\2026-08-22 18_25_58.json,254b55e272e869b963683dd895544e488b04b6735caa54d57e7b890204105e4a,179726,3594.12,3475.32,59
23103,E:\2-学术\2-项目\园上园项目\牛尾环项目\温度传感器专项算法\正常数据\0C3D5EA22DE3-23103-C4\2026-08-22\motion\2026-08-22 19_32_42.json,985e4831bc7d903ba524da369d0e7c8daa7fb816bd1b1f5867f81e08cfa00cd6,179720,3593.92,3475.12,59
23103,E:\2-学术\2-项目\园上园项目\牛尾环项目\温度传感器专项算法\正常数据\0C3D5EA22DE3-23103-C4\2026-08-22\motion\2026-08-22 20_39_31.json,db3abc714e90a2585d19f54873097f27f0ab697fcc1452390b68d2cc4a87b15a,179724,3594.0,3475.2,59
23103,E:\2-学术\2-项目\园上园项目\牛尾环项目\温度传感器专项算法\正常数据\0C3D5EA22DE3-23103-C4\2026-08-22\motion\2026-08-22 21_46_21.json,0ac8b393bfc68abfd4027ac6d7d2817e9f317fbeb2d7b9cbe3ac1cd2bfabe39b,179725,3594.06,3475.26,59
23103,E:\2-学术\2-项目\园上园项目\牛尾环项目\温度传感器专项算法\正常数据\0C3D5EA22DE3-23103-C4\2026-08-22\motion\2026-08-22 22_53_34.json,673d3a5551dd0dda88713ba7440768e857a87bac48d83bdd16b31a8d4bd90fdb,179724,3593.92,3475.12,59
23103,E:\2-学术\2-项目\园上园项目\牛尾环项目\温度传感器专项算法\正常数据\0C3D5EA22DE3-23103-C4\2026-08-23\motion\2026-08-23 00_00_49.json,e8777257e281eec120284db3a92f63e02a82e65817b259f18da3f6c5d5bae492,179722,3594.16,3475.36,59
23103,E:\2-学术\2-项目\园上园项目\牛尾环项目\温度传感器专项算法\正常数据\0C3D5EA22DE3-23103-C4\2026-08-23\motion\2026-08-23 01_08_07.json,6250a070650cba6f36377bde0b4ddb1837c1af82346322152aa069b2eeae7cd8,179725,3593.96,3475.16,59
23103,E:\2-学术\2-项目\园上园项目\牛尾环项目\温度传感器专项算法\正常数据\0C3D5EA22DE3-23103-C4\2026-08-23\motion\2026-08-23 02_15_24.json,601ba7a6382f344308866ec8122854b94ac91c8ef598b47f887293a2d4de3781,179722,3593.96,3475.16,59
23103,E:\2-学术\2-项目\园上园项目\牛尾环项目\温度传感器专项算法\正常数据\0C3D5EA22DE3-23103-C4\2026-08-23\motion\2026-08-23 03_22_50.json,ee893b9d44b6908c3ee8d0086086a8a85880910b1e07b354ccfeb61396e98aff,179726,3594.08,3475.28,59
23103,E:\2-学术\2-项目\园上园项目\牛尾环项目\温度传感器专项算法\正常数据\0C3D5EA22DE3-23103-C4\2026-08-23\motion\2026-08-23 04_30_08.json,59fea3235647c77ff9970f98a926ecbcdac87a9cd296bdd11f476a819da7ac98,179720,3593.78,3474.98,59
23103,E:\2-学术\2-项目\园上园项目\牛尾环项目\温度传感器专项算法\正常数据\0C3D5EA22DE3-23103-C4\2026-08-23\motion\2026-08-23 05_37_25.json,5dcdab03c2317f741ab69d77eb81995e977b1ef890511b403e57bc1b7be48306,179721,3593.92,3475.12,59
23103,E:\2-学术\2-项目\园上园项目\牛尾环项目\温度传感器专项算法\正常数据\0C3D5EA22DE3-23103-C4\2026-08-23\motion\2026-08-23 06_44_38.json,25afcd578d3ef071f9730d5204ccc36e6a49a1ad222cf7528de5da30876ec24b,179719,3593.88,3475.08,59
23103,E:\2-学术\2-项目\园上园项目\牛尾环项目\温度传感器专项算法\正常数据\0C3D5EA22DE3-23103-C4\2026-08-23\motion\2026-08-23 07_52_07.json,ad7bbce05e45eb44c98b6fbc611ab3d62ea247c640987cbc8585f980da408a60,179720,3593.92,3475.12,59
23103,E:\2-学术\2-项目\园上园项目\牛尾环项目\温度传感器专项算法\正常数据\0C3D5EA22DE3-23103-C4\2026-08-23\motion\2026-08-23 08_59_53.json,b4239f51cf7de9fb1f21f6672b7128655232fe5c0897ec03cc3932173dde5430,179722,3593.98,3475.18,59
23103,E:\2-学术\2-项目\园上园项目\牛尾环项目\温度传感器专项算法\正常数据\0C3D5EA22DE3-23103-C4\2026-08-23\motion\2026-08-23 10_07_56.json,9f37861d780c22e4823d0f043838400ad5da6ec5183db4b217535bc78eddcbed,179720,3593.84,3475.04,59
23103,E:\2-学术\2-项目\园上园项目\牛尾环项目\温度传感器专项算法\正常数据\0C3D5EA22DE3-23103-C4\2026-08-23\motion\2026-08-23 11_15_19.json,dd2383605ed0a75ed64d7c9974033598d99975a4f5f4c33bc95546f5224bc8cb,179719,3593.88,3475.08,59
23103,E:\2-学术\2-项目\园上园项目\牛尾环项目\温度传感器专项算法\正常数据\0C3D5EA22DE3-23103-C4\2026-08-23\motion\2026-08-23 12_23_12.json,240c21afd679082e0906df68223ff0fa08dfbe92d05852a543bff52d7c8ccd7d,179720,3593.88,3475.08,59
23103,E:\2-学术\2-项目\园上园项目\牛尾环项目\温度传感器专项算法\正常数据\0C3D5EA22DE3-23103-C4\2026-08-23\motion\2026-08-23 13_30_34.json,217344352d0f800b2475e6c40655348178aa845bb92d4fd412545226d4f00b8a,179723,3593.94,3475.14,59
23103,E:\2-学术\2-项目\园上园项目\牛尾环项目\温度传感器专项算法\正常数据\0C3D5EA22DE3-23103-C4\2026-08-23\motion\2026-08-23 14_37_58.json,02846066dfce8a685af0525366d42ac08cc12ee59d963b00055e4210f3a84b51,179723,3593.86,3475.06,59
23103,E:\2-学术\2-项目\园上园项目\牛尾环项目\温度传感器专项算法\正常数据\0C3D5EA22DE3-23103-C4\2026-08-23\motion\2026-08-23 15_45_26.json,e57e9a956eee0941cd523b5429f6f4805e36d39ad3faef70064eb076b9ae1999,179723,3593.84,3475.04,59
23103,E:\2-学术\2-项目\园上园项目\牛尾环项目\温度传感器专项算法\正常数据\0C3D5EA22DE3-23103-C4\2026-08-23\motion\2026-08-23 16_52_52.json,eafd2a0d5332f440c95df1f7e029f3d5f2a53cca7df4cc48adb2ffbbfbffa5b6,179721,3593.98,3475.18,59
23103,E:\2-学术\2-项目\园上园项目\牛尾环项目\温度传感器专项算法\正常数据\0C3D5EA22DE3-23103-C4\2026-08-23\motion\2026-08-23 18_00_29.json,a893cfb3e6e9c104cd9c6de64f32bd5b3532e31e7b98dc9128fb9f3e3b5bcfa9,179719,3593.96,3475.16,59
23103,E:\2-学术\2-项目\园上园项目\牛尾环项目\温度传感器专项算法\正常数据\0C3D5EA22DE3-23103-C4\2026-08-23\motion\2026-08-23 19_08_17.json,123f7ed51e82c2e2074aa4b12b4486482df8e1f8b5fde171e78b637b68f854d9,179720,3593.88,3475.08,59
23103,E:\2-学术\2-项目\园上园项目\牛尾环项目\温度传感器专项算法\正常数据\0C3D5EA22DE3-23103-C4\2026-08-23\motion\2026-08-23 20_15_50.json,acf985db3ba32063b4ffbfde1dfa718a09a5a2b6adc238d858421327042a50b1,179720,3593.78,3474.98,59
23103,E:\2-学术\2-项目\园上园项目\牛尾环项目\温度传感器专项算法\正常数据\0C3D5EA22DE3-23103-C4\2026-08-23\motion\2026-08-23 21_23_16.json,2802dab30b3bafcf6e279432e26c124e71221924a89b135cc0b2fa11a033838b,179718,3593.72,3474.92,59
23103,E:\2-学术\2-项目\园上园项目\牛尾环项目\温度传感器专项算法\正常数据\0C3D5EA22DE3-23103-C4\2026-08-23\motion\2026-08-23 22_30_42.json,2202c3808dc3803120641b048045cbe997b1eed0182a3e7209230d9a1210bd43,179723,3594.0,3475.2,59
23103,E:\2-学术\2-项目\园上园项目\牛尾环项目\温度传感器专项算法\正常数据\0C3D5EA22DE3-23103-C4\2026-08-23\motion\2026-08-23 23_38_12.json,48e99d031fea9267753e7a7e0283109e9b4bd08868bb6facdad432745bcd8b9b,179722,3593.8,3475.0,59
23103,E:\2-学术\2-项目\园上园项目\牛尾环项目\温度传感器专项算法\正常数据\0C3D5EA22DE3-23103-C4\2026-08-24\motion\2026-08-24 00_45_41.json,ffe698eeb71d0145fe996854bc8aa686b6ebdb99134257cc2568a534c3f89469,179719,3593.92,3475.12,59
23103,E:\2-学术\2-项目\园上园项目\牛尾环项目\温度传感器专项算法\正常数据\0C3D5EA22DE3-23103-C4\2026-08-24\motion\2026-08-24 01_52_57.json,62cded74e042f71aed76219083a75efd79096e3ff1b5bab2e21375704147efb4,179722,3593.96,3475.16,59
23103,E:\2-学术\2-项目\园上园项目\牛尾环项目\温度传感器专项算法\正常数据\0C3D5EA22DE3-23103-C4\2026-08-24\motion\2026-08-24 03_00_21.json,0e794034bfec6dffd6be118d9c885c3ff902368e20deaf60aab39866dc145ecd,179719,3593.9,3475.1,59
23103,E:\2-学术\2-项目\园上园项目\牛尾环项目\温度传感器专项算法\正常数据\0C3D5EA22DE3-23103-C4\2026-08-24\motion\2026-08-24 04_08_01.json,cff150e01af3a692a3764c6736863fb762c56a3276d48da82362d310459e4c8a,179720,3594.08,3475.28,59
23103,E:\2-学术\2-项目\园上园项目\牛尾环项目\温度传感器专项算法\正常数据\0C3D5EA22DE3-23103-C4\2026-08-24\motion\2026-08-24 05_15_35.json,a12f1e9d80e471833e918f9967605ea00502ca197639a01da6f134e60e971fc5,179723,3593.92,3475.12,59
23103,E:\2-学术\2-项目\园上园项目\牛尾环项目\温度传感器专项算法\正常数据\0C3D5EA22DE3-23103-C4\2026-08-24\motion\2026-08-24 06_23_16.json,349940bf83f046bfda4ce0500f6a26166b4bf4b21b5b5dfe2c26d450d6a8eae0,179721,3593.86,3475.06,59
23103,E:\2-学术\2-项目\园上园项目\牛尾环项目\温度传感器专项算法\正常数据\0C3D5EA22DE3-23103-C4\2026-08-24\motion\2026-08-24 07_30_43.json,eb1a1af7fe3bc6e23e5f88859cf7d8307a47133ada3d51969f44b4ea710604b2,179719,3593.88,3475.08,59
23103,E:\2-学术\2-项目\园上园项目\牛尾环项目\温度传感器专项算法\正常数据\0C3D5EA22DE3-23103-C4\2026-08-24\motion\2026-08-24 08_38_22.json,94a61b83d8e747cea793d43d088f75e38a9f9f2c612d06d93c69ea025e4905de,179717,3593.82,3475.02,59
23103,E:\2-学术\2-项目\园上园项目\牛尾环项目\温度传感器专项算法\正常数据\0C3D5EA22DE3-23103-C4\2026-08-24\motion\2026-08-24 09_45_50.json,3244c6be607bcd6249816526077e6daf88ab27abfd882ad8cba128c5e3a1a89b,179720,3594.08,3475.28,59
23103,E:\2-学术\2-项目\园上园项目\牛尾环项目\温度传感器专项算法\正常数据\0C3D5EA22DE3-23103-C4\2026-08-24\motion\2026-08-24 10_52_51.json,d01979ba7f65248f31b37ea149e1b6c5e68a01087b7176ecc380a096d35f2614,179726,3594.38,3475.58,59
23103,E:\2-学术\2-项目\园上园项目\牛尾环项目\温度传感器专项算法\正常数据\0C3D5EA22DE3-23103-C4\2026-08-24\motion\2026-08-24 17_30_14.json,174d4a5f5c6f90c22668f3f51d65cba887bf71510ee562416994401c653767b5,179720,3594.24,3475.44,59
23103,E:\2-学术\2-项目\园上园项目\牛尾环项目\温度传感器专项算法\正常数据\0C3D5EA22DE3-23103-C4\2026-08-24\motion\2026-08-24 18_36_44.json,1dfa764e7e0d3a54964fbba1bedd5bc4363eb5a380d7605eed8e430ad8ddbae5,179723,3594.18,3475.38,59
23103,E:\2-学术\2-项目\园上园项目\牛尾环项目\温度传感器专项算法\正常数据\0C3D5EA22DE3-23103-C4\2026-08-24\motion\2026-08-24 19_42_22.json,304650816f0d25035b55e9aa045698c729794e144e21022bcaf66ca60bfda7a9,179723,3594.3,3475.5,59
23103,E:\2-学术\2-项目\园上园项目\牛尾环项目\温度传感器专项算法\正常数据\0C3D5EA22DE3-23103-C4\2026-08-24\motion\2026-08-24 20_48_04.json,8db590cc49124e08ee693a483ae9771f00ec8d8c543a46577bee982af95714ed,179723,3594.3,3475.5,59
23132,E:\2-学术\2-项目\园上园项目\牛尾环项目\温度传感器专项算法\正常数据\0C3D5EA22E0E-23132-F1\2026-08-24\motion\2026-08-24 09_53_09.json,d2d63efab0bb04b8a4c9c69b6892156d7c3791fce80a540a6324b3bef4bd9ead,179724,3594.14,3475.34,59
23132,E:\2-学术\2-项目\园上园项目\牛尾环项目\温度传感器专项算法\正常数据\0C3D5EA22E0E-23132-F1\2026-08-24\motion\2026-08-24 11_01_16.json,1eb8000c3904b236c3e3c14e2d739b9d1c740e94b3fb984a0fc2932b7b3dec95,179723,3593.98,3475.18,59
23132,E:\2-学术\2-项目\园上园项目\牛尾环项目\温度传感器专项算法\正常数据\0C3D5EA22E0E-23132-F1\2026-08-24\motion\2026-08-24 12_08_50.json,1c6d0633b1e35fa584c944c0b6a06cacadf933b3f6d7a043d1b744c59f8a2a44,179722,3593.96,3475.16,59
23132,E:\2-学术\2-项目\园上园项目\牛尾环项目\温度传感器专项算法\正常数据\0C3D5EA22E0E-23132-F1\2026-08-24\motion\2026-08-24 13_16_14.json,c81d154e33d9a460ade6e129eb22c8a644a1569c3d8cebe22b4c55406b99a5ba,179726,3594.12,3475.32,59
23132,E:\2-学术\2-项目\园上园项目\牛尾环项目\温度传感器专项算法\正常数据\0C3D5EA22E0E-23132-F1\2026-08-24\motion\2026-08-24 14_23_45.json,db57096dd3a6c3df779f52c308727e2b56dcc732dd13329d786c713a15198a81,179724,3593.84,3475.04,59
23132,E:\2-学术\2-项目\园上园项目\牛尾环项目\温度传感器专项算法\正常数据\0C3D5EA22E0E-23132-F1\2026-08-24\motion\2026-08-24 15_30_59.json,93fd48ee4ee217896aaf7762440ab15395eae0fe8053776011003adaa5b2a832,179722,3593.88,3475.08,59
23132,E:\2-学术\2-项目\园上园项目\牛尾环项目\温度传感器专项算法\正常数据\0C3D5EA22E0E-23132-F1\2026-08-24\motion\2026-08-24 16_38_08.json,7c7846c345ee1f45aeb58112f7e1b7954a71b302ac15b697536351569ee2eb63,179722,3594.06,3475.26,59
23132,E:\2-学术\2-项目\园上园项目\牛尾环项目\温度传感器专项算法\正常数据\0C3D5EA22E0E-23132-F1\2026-08-24\motion\2026-08-24 17_45_10.json,675a28d33c33326afb9cf003b65164e45314d443c08ee00511378b610c8b1c4f,179724,3593.96,3475.16,59
23132,E:\2-学术\2-项目\园上园项目\牛尾环项目\温度传感器专项算法\正常数据\0C3D5EA22E0E-23132-F1\2026-08-24\motion\2026-08-24 18_52_09.json,1ca87d22ef6722a75a716d27d32f1d09d1a627c9cb899382cffb4033af447bdf,179725,3594.16,3475.36,59
23132,E:\2-学术\2-项目\园上园项目\牛尾环项目\温度传感器专项算法\正常数据\0C3D5EA22E0E-23132-F1\2026-08-24\motion\2026-08-24 19_59_17.json,373661a6b0983573369dacc00b84893b6535b0d9dbe7756913c12f0d1a118888,179723,3594.0,3475.2,59
23132,E:\2-学术\2-项目\园上园项目\牛尾环项目\温度传感器专项算法\正常数据\0C3D5EA22E0E-23132-F1\2026-08-24\motion\2026-08-24 21_06_17.json,baf876cdf1c560e00b1a29a69fd72c301e1e2fbc70c6ae8167a9d5c945e8775e,179720,3593.98,3475.18,59
23132,E:\2-学术\2-项目\园上园项目\牛尾环项目\温度传感器专项算法\正常数据\0C3D5EA22E0E-23132-F1\2026-08-24\motion\2026-08-24 22_13_13.json,bc7839ab76ddbadc113a43065b11efa738bb0e9f1cfb5ea5d00da2cbb04b8a17,179723,3594.1,3475.3,59
23132,E:\2-学术\2-项目\园上园项目\牛尾环项目\温度传感器专项算法\正常数据\0C3D5EA22E0E-23132-F1\2026-08-24\motion\2026-08-24 23_20_00.json,1e6325407f19652cf019ed9fb7b351028eb69ba785321a3c4383645aa43e304b,179722,3594.1,3475.3,59
23132,E:\2-学术\2-项目\园上园项目\牛尾环项目\温度传感器专项算法\正常数据\0C3D5EA22E0E-23132-F1\2026-08-25\motion\2026-08-25 00_26_47.json,889b6626cd1ac30527ab5b41e7078f2c604bc1985ebdd0ad790086ab795820f8,179726,3594.12,3475.32,59
23132,E:\2-学术\2-项目\园上园项目\牛尾环项目\温度传感器专项算法\正常数据\0C3D5EA22E0E-23132-F1\2026-08-25\motion\2026-08-25 01_33_28.json,905de73c8b205c0e69d5fe115e61d190d729d3ea1e7e379a0463529c642e34f7,179723,3594.02,3475.22,59
23132,E:\2-学术\2-项目\园上园项目\牛尾环项目\温度传感器专项算法\正常数据\0C3D5EA22E0E-23132-F1\2026-08-25\motion\2026-08-25 02_40_11.json,03f0b79cfe1b69c17ac710749dfeea53bd4291b618881ebcec469129fd38cc76,179726,3594.34,3475.54,59
23132,E:\2-学术\2-项目\园上园项目\牛尾环项目\温度传感器专项算法\正常数据\0C3D5EA22E0E-23132-F1\2026-08-25\motion\2026-08-25 03_47_03.json,33a304aa0c2b7a3ab3116252f460a71d663a0d39e48f0486cba80b5c2d9d440e,179724,3594.04,3475.24,59
23132,E:\2-学术\2-项目\园上园项目\牛尾环项目\温度传感器专项算法\正常数据\0C3D5EA22E0E-23132-F1\2026-08-25\motion\2026-08-25 04_53_49.json,6435aec7af53f4fd013e7ef5de17b923b9932bc8b5f1c4ac330e35e27fc4cc5d,179719,3593.96,3475.16,59
23132,E:\2-学术\2-项目\园上园项目\牛尾环项目\温度传感器专项算法\正常数据\0C3D5EA22E0E-23132-F1\2026-08-25\motion\2026-08-25 06_00_22.json,288dc3e50b76ebed511e6f6a2f03f70c4fac21cf6bbe85a0aa4356fe04914414,179726,3594.2,3475.4,59
23132,E:\2-学术\2-项目\园上园项目\牛尾环项目\温度传感器专项算法\正常数据\0C3D5EA22E0E-23132-F1\2026-08-25\motion\2026-08-25 07_07_02.json,456aac8d30f19813302e7b555e28a0d71d8dcd45f312439dddfd9b9d3104a59f,179720,3593.86,3475.06,59
23132,E:\2-学术\2-项目\园上园项目\牛尾环项目\温度传感器专项算法\正常数据\0C3D5EA22E0E-23132-F1\2026-08-25\motion\2026-08-25 08_13_58.json,26eb86a1b86f988a7e3bdf3e34df8c27aca88fa1b651e8aec68fc157f2eb7698,179723,3593.86,3475.06,59
23132,E:\2-学术\2-项目\园上园项目\牛尾环项目\温度传感器专项算法\正常数据\0C3D5EA22E0E-23132-F1\2026-08-25\motion\2026-08-25 09_21_01.json,fe7b4fd5582d02395c3a5de41e7e016f4e4a05fcae00795b14850571eeb52b21,179727,3593.98,3475.18,59
23132,E:\2-学术\2-项目\园上园项目\牛尾环项目\温度传感器专项算法\正常数据\0C3D5EA22E0E-23132-F1\2026-08-25\motion\2026-08-25 10_27_29.json,9150ee1eea1db5e87591462373ad8106857af541d1f70ee06e21e91ce2103da2,179726,3594.18,3475.38,59
23132,E:\2-学术\2-项目\园上园项目\牛尾环项目\温度传感器专项算法\正常数据\0C3D5EA22E0E-23132-F1\2026-08-25\motion\2026-08-25 13_44_13.json,0d480d8852830a0799c291cde83fbd37730d2d43f9d581e58f2c2ff115ed945d,179726,3594.42,3475.62,59
23132,E:\2-学术\2-项目\园上园项目\牛尾环项目\温度传感器专项算法\正常数据\0C3D5EA22E0E-23132-F1\2026-08-25\motion\2026-08-25 14_49_44.json,2f96801f187705f29b1823e205fb983cc097c4b81de3bdf9818dd622a848e103,179727,3594.34,3475.54,59
23158,E:\2-学术\2-项目\园上园项目\牛尾环项目\温度传感器专项算法\正常数据\0C3D5EA22E3B-23158-H5\2026-08-21\motion\2026-08-21 07_47_23.json,482ca036ab4bbc4628454d86671b89d2e541ab255e75bea292943b0720d2e3a8,179726,3594.18,3475.38,59
23158,E:\2-学术\2-项目\园上园项目\牛尾环项目\温度传感器专项算法\正常数据\0C3D5EA22E3B-23158-H5\2026-08-21\motion\2026-08-21 09_47_07.json,9c316fa31a5f9d3885825ef9c35d736e640f5672d9806a4427d1810437f4d22b,179719,3593.8,3475.0,59
23158,E:\2-学术\2-项目\园上园项目\牛尾环项目\温度传感器专项算法\正常数据\0C3D5EA22E3B-23158-H5\2026-08-21\motion\2026-08-21 10_53_46.json,3a4e31d9ba33f9f7b3ea2cd3d2f6534d8c83fed2d13958ed6057966057ad7a68,179723,3594.16,3475.36,59
23158,E:\2-学术\2-项目\园上园项目\牛尾环项目\温度传感器专项算法\正常数据\0C3D5EA22E3B-23158-H5\2026-08-21\motion\2026-08-21 12_00_34.json,bec7437bf8facc583f275074feb6dd7fd38c429fc5cd4f0039356224d9f7e95c,179724,3593.96,3475.16,59
23158,E:\2-学术\2-项目\园上园项目\牛尾环项目\温度传感器专项算法\正常数据\0C3D5EA22E3B-23158-H5\2026-08-21\motion\2026-08-21 13_07_38.json,8bc56605528fd7e29c4c92742d8f9ba3ac5cdb4af3f95e7eac2f2be2b858f9eb,179724,3593.92,3475.12,59
23158,E:\2-学术\2-项目\园上园项目\牛尾环项目\温度传感器专项算法\正常数据\0C3D5EA22E3B-23158-H5\2026-08-21\motion\2026-08-21 14_14_38.json,e973d826c71a2f6ff5f2c48d3a8fb71842cd673ae88fc143a3667e30c1fb7e4b,179721,3593.8,3475.0,59
23158,E:\2-学术\2-项目\园上园项目\牛尾环项目\温度传感器专项算法\正常数据\0C3D5EA22E3B-23158-H5\2026-08-21\motion\2026-08-21 15_21_44.json,cd0636c87d0d89c700851c99e03a4b84379e56f3a1818b3db722f8f8a254d547,179722,3594.04,3475.24,59
23158,E:\2-学术\2-项目\园上园项目\牛尾环项目\温度传感器专项算法\正常数据\0C3D5EA22E3B-23158-H5\2026-08-21\motion\2026-08-21 16_28_52.json,3ceff52dc04af832774daa324120cc0dc8973b0662701f8bee3c11fdc3bc0acd,179722,3593.92,3475.12,59
23158,E:\2-学术\2-项目\园上园项目\牛尾环项目\温度传感器专项算法\正常数据\0C3D5EA22E3B-23158-H5\2026-08-21\motion\2026-08-21 17_35_54.json,684080e31a9008737869fd895f34eb1e8d0f056453ebf05e786b818d8af6c241,179724,3594.18,3475.38,59
23158,E:\2-学术\2-项目\园上园项目\牛尾环项目\温度传感器专项算法\正常数据\0C3D5EA22E3B-23158-H5\2026-08-21\motion\2026-08-21 18_42_23.json,d1b9f5055a7d9337be24aaa33f45f5a46598f87a9b9f9afe9adef4ae73660431,179724,3594.02,3475.22,59
23158,E:\2-学术\2-项目\园上园项目\牛尾环项目\温度传感器专项算法\正常数据\0C3D5EA22E3B-23158-H5\2026-08-21\motion\2026-08-21 19_49_16.json,ff923903c0980f78fdf3b542715bcca4cecacc28c4f762b85f51de3c82b2ff66,179727,3594.34,3475.54,59
23158,E:\2-学术\2-项目\园上园项目\牛尾环项目\温度传感器专项算法\正常数据\0C3D5EA22E3B-23158-H5\2026-08-21\motion\2026-08-21 20_56_00.json,6c3e357701a494347d5bdc278d15908d2c112cd38b5a4838345124929cd80c49,179722,3594.0,3475.2,59
23158,E:\2-学术\2-项目\园上园项目\牛尾环项目\温度传感器专项算法\正常数据\0C3D5EA22E3B-23158-H5\2026-08-21\motion\2026-08-21 22_02_49.json,4d8154614852b98d95ba8295882d265ebacdd9d8677447aa2fac0b8cd960961f,179725,3594.3,3475.5,59
23158,E:\2-学术\2-项目\园上园项目\牛尾环项目\温度传感器专项算法\正常数据\0C3D5EA22E3B-23158-H5\2026-08-21\motion\2026-08-21 23_09_40.json,9cf5468b03c6e96826ece03cbb1e92a0535d74beadd9b149535ae3be4f9fac39,179721,3594.24,3475.44,59
23158,E:\2-学术\2-项目\园上园项目\牛尾环项目\温度传感器专项算法\正常数据\0C3D5EA22E3B-23158-H5\2026-08-22\motion\2026-08-22 00_16_22.json,7a731032841a6792263283837f0bbcf01d1b8529177384b6fff8867fddbdede3,179726,3594.06,3475.26,59
23158,E:\2-学术\2-项目\园上园项目\牛尾环项目\温度传感器专项算法\正常数据\0C3D5EA22E3B-23158-H5\2026-08-22\motion\2026-08-22 01_23_08.json,85ff30433254a295b731e03f4eb2980b6344fa9b8511eb14e2db6b7664c0d50a,179725,3594.12,3475.32,59
23158,E:\2-学术\2-项目\园上园项目\牛尾环项目\温度传感器专项算法\正常数据\0C3D5EA22E3B-23158-H5\2026-08-22\motion\2026-08-22 02_29_54.json,00a2cd7d5bf13acc5ae21190663daeb985bb59735d1676354e5aa1928a0ae4f3,179724,3593.88,3475.08,59
23158,E:\2-学术\2-项目\园上园项目\牛尾环项目\温度传感器专项算法\正常数据\0C3D5EA22E3B-23158-H5\2026-08-22\motion\2026-08-22 03_36_34.json,71a7ad6345e39580f16a94f0b3dedd66dce9f0dd3c85ea8fe1b8902e55b36ace,179720,3594.14,3475.34,59
23158,E:\2-学术\2-项目\园上园项目\牛尾环项目\温度传感器专项算法\正常数据\0C3D5EA22E3B-23158-H5\2026-08-22\motion\2026-08-22 04_43_07.json,4a1577797d92232e7accf7421c5766bdbcb8ed19efd21c987a8059435738f33a,179722,3594.12,3475.32,59
23158,E:\2-学术\2-项目\园上园项目\牛尾环项目\温度传感器专项算法\正常数据\0C3D5EA22E3B-23158-H5\2026-08-22\motion\2026-08-22 05_49_33.json,5509e89322e469453f347e92bf2210e9aca5e9e22aa861830cb91dda2d62da77,179723,3594.1,3475.3,59
23158,E:\2-学术\2-项目\园上园项目\牛尾环项目\温度传感器专项算法\正常数据\0C3D5EA22E3B-23158-H5\2026-08-22\motion\2026-08-22 06_56_25.json,2454d2eb9e0564ddf56057b80ecb134847aee983a2ebe030dd91b98292986fee,179721,3594.06,3475.26,59
23158,E:\2-学术\2-项目\园上园项目\牛尾环项目\温度传感器专项算法\正常数据\0C3D5EA22E3B-23158-H5\2026-08-22\motion\2026-08-22 08_03_17.json,49c07481fba7738ec85eb168107b9dbb7eaad58bd23b312f5912c763cebc4d38,179722,3593.7,3474.9,59
23158,E:\2-学术\2-项目\园上园项目\牛尾环项目\温度传感器专项算法\正常数据\0C3D5EA22E3B-23158-H5\2026-08-22\motion\2026-08-22 09_10_09.json,f6a97b62d1a78f619dad503b4bf03fb1cf528105696312605fb1c72c6bbb4048,179720,3593.96,3475.16,59
23158,E:\2-学术\2-项目\园上园项目\牛尾环项目\温度传感器专项算法\正常数据\0C3D5EA22E3B-23158-H5\2026-08-22\motion\2026-08-22 10_16_55.json,85d70ddc6bad6f90cd66f1eb2750edfbddbeaa9fcaf678a11b4c7b453de50984,179722,3594.04,3475.24,59
23158,E:\2-学术\2-项目\园上园项目\牛尾环项目\温度传感器专项算法\正常数据\0C3D5EA22E3B-23158-H5\2026-08-22\motion\2026-08-22 11_23_41.json,f75098ff60c742b3ca1d3e5d8e7d7589c2d0327f909a7a7e22da30c19c0d19f6,179722,3594.0,3475.2,59
23158,E:\2-学术\2-项目\园上园项目\牛尾环项目\温度传感器专项算法\正常数据\0C3D5EA22E3B-23158-H5\2026-08-22\motion\2026-08-22 12_30_27.json,07d63361d65dd8b0a128daac62887f406e73a31e4296eeef476efce9e344820b,179722,3594.18,3473.4,60
23158,E:\2-学术\2-项目\园上园项目\牛尾环项目\温度传感器专项算法\正常数据\0C3D5EA22E3B-23158-H5\2026-08-22\motion\2026-08-22 13_37_10.json,e65b7988f484b165342cda1a31fadb42166fb4d22fd36b0f06fe46107f4db038,179724,3594.04,3475.24,59
23158,E:\2-学术\2-项目\园上园项目\牛尾环项目\温度传感器专项算法\正常数据\0C3D5EA22E3B-23158-H5\2026-08-22\motion\2026-08-22 14_43_44.json,e9dfe26b535f5fedc75d237e597d3572b17c9238ba4c4280e8974de4c9537987,179724,3593.82,3475.02,59
23158,E:\2-学术\2-项目\园上园项目\牛尾环项目\温度传感器专项算法\正常数据\0C3D5EA22E3B-23158-H5\2026-08-22\motion\2026-08-22 15_50_32.json,c8eb0671625dbcc69384b29202c4560067ebb5ddc9f8445fb59ac01d1cafcc98,179721,3593.76,3474.96,59
23158,E:\2-学术\2-项目\园上园项目\牛尾环项目\温度传感器专项算法\正常数据\0C3D5EA22E3B-23158-H5\2026-08-22\motion\2026-08-22 16_57_25.json,db80d0ddb8813b6f2d3201f1e0d021a19fe5c1a63a7bf7f38070587f6e370a45,179725,3594.02,3475.22,59
23158,E:\2-学术\2-项目\园上园项目\牛尾环项目\温度传感器专项算法\正常数据\0C3D5EA22E3B-23158-H5\2026-08-22\motion\2026-08-22 18_04_05.json,5fda95665619c4c3c230cbdffe31aae061b02c3bd7184ce3f31b1f55ef242cca,179723,3594.12,3475.32,59
23158,E:\2-学术\2-项目\园上园项目\牛尾环项目\温度传感器专项算法\正常数据\0C3D5EA22E3B-23158-H5\2026-08-22\motion\2026-08-22 19_10_51.json,b47da36f5b7dde742c2ec1c475c880e11d98b4c0cf53bdf98c91ecafa7fa782e,179724,3593.96,3475.16,59
23158,E:\2-学术\2-项目\园上园项目\牛尾环项目\温度传感器专项算法\正常数据\0C3D5EA22E3B-23158-H5\2026-08-22\motion\2026-08-22 20_17_31.json,f652263638f30e14f74a911ba60db9fef35375f704a911bd99cfc3fbe2dd384d,179723,3594.14,3475.34,59
23158,E:\2-学术\2-项目\园上园项目\牛尾环项目\温度传感器专项算法\正常数据\0C3D5EA22E3B-23158-H5\2026-08-22\motion\2026-08-22 21_24_18.json,4c0f774a7d0dca2894e9c55bf78d72176fa120b4f6c3f26d749e01c949180134,179719,3594.02,3475.22,59
23158,E:\2-学术\2-项目\园上园项目\牛尾环项目\温度传感器专项算法\正常数据\0C3D5EA22E3B-23158-H5\2026-08-22\motion\2026-08-22 22_31_06.json,bd593e8c465ee823c828ada59b92f4b6702b01ebb09f1d1087de19070715b68b,179723,3594.18,3475.38,59
23158,E:\2-学术\2-项目\园上园项目\牛尾环项目\温度传感器专项算法\正常数据\0C3D5EA22E3B-23158-H5\2026-08-22\motion\2026-08-22 23_37_41.json,99676112bc20a6747cc44f56ae4554baed6fb5515bcea9d5d60d964f07de8c70,179722,3593.96,3475.16,59
23158,E:\2-学术\2-项目\园上园项目\牛尾环项目\温度传感器专项算法\正常数据\0C3D5EA22E3B-23158-H5\2026-08-23\motion\2026-08-23 00_44_28.json,9cd91f9ed402c0ade867bb57684843109249a314172be519bb2cfef17375227c,179722,3594.28,3475.48,59
23158,E:\2-学术\2-项目\园上园项目\牛尾环项目\温度传感器专项算法\正常数据\0C3D5EA22E3B-23158-H5\2026-08-23\motion\2026-08-23 01_51_06.json,149ffd9362cb17784b5bc392552a323251748adc5b13c47ef3c3faab8ffd91fa,179724,3594.02,3475.22,59
23158,E:\2-学术\2-项目\园上园项目\牛尾环项目\温度传感器专项算法\正常数据\0C3D5EA22E3B-23158-H5\2026-08-23\motion\2026-08-23 02_57_53.json,18363147d1802eaa38b6dc9923926a64ffbc90c3fdfbbbcc9634484635024fb1,179725,3594.2,3475.4,59
23158,E:\2-学术\2-项目\园上园项目\牛尾环项目\温度传感器专项算法\正常数据\0C3D5EA22E3B-23158-H5\2026-08-23\motion\2026-08-23 04_04_42.json,0e131ae6f86554b2d2833791b341f62f9120a28afb649668d008c2f701d9c0d6,179724,3594.3,3475.5,59
23158,E:\2-学术\2-项目\园上园项目\牛尾环项目\温度传感器专项算法\正常数据\0C3D5EA22E3B-23158-H5\2026-08-23\motion\2026-08-23 05_11_19.json,3b4af367dae0f43c4336dd4caddcad76de7ebdc180d9d5dda8601662b9231b20,179724,3594.08,3475.28,59
23158,E:\2-学术\2-项目\园上园项目\牛尾环项目\温度传感器专项算法\正常数据\0C3D5EA22E3B-23158-H5\2026-08-23\motion\2026-08-23 06_17_59.json,42d84b07a99b5a0b97069b3f18c2a2409dab819ec9fd23bf7026b84ed330a4c9,179724,3593.9,3475.1,59
23158,E:\2-学术\2-项目\园上园项目\牛尾环项目\温度传感器专项算法\正常数据\0C3D5EA22E3B-23158-H5\2026-08-23\motion\2026-08-23 07_24_45.json,74314c6d61f3bf609b4c948b3cc77fb71ad1bf7bfc3680d50bcc427fdd96d273,179726,3593.82,3475.02,59
23158,E:\2-学术\2-项目\园上园项目\牛尾环项目\温度传感器专项算法\正常数据\0C3D5EA22E3B-23158-H5\2026-08-23\motion\2026-08-23 08_31_34.json,5c2232924a55e024f4a00901d46850dfe46dd00f59b0e79b20c1f69383ce7a29,179720,3593.84,3475.04,59
23158,E:\2-学术\2-项目\园上园项目\牛尾环项目\温度传感器专项算法\正常数据\0C3D5EA22E3B-23158-H5\2026-08-23\motion\2026-08-23 09_48_08.json,92fdb8c069d1fb151fd3ba76a62c76a4de938c4cb922a307f193097bd03185a6,179723,3593.9,3475.1,59
23158,E:\2-学术\2-项目\园上园项目\牛尾环项目\温度传感器专项算法\正常数据\0C3D5EA22E3B-23158-H5\2026-08-23\motion\2026-08-23 10_54_56.json,3051beb183ccbd2a8c2cda829d6ac3067a65596ab33cc13507946a0e526757a2,179720,3593.92,3475.12,59
23158,E:\2-学术\2-项目\园上园项目\牛尾环项目\温度传感器专项算法\正常数据\0C3D5EA22E3B-23158-H5\2026-08-23\motion\2026-08-23 12_02_01.json,aad255cc2d74a8f34803ac21b8b07934f535c44341419783ef99a40aded8cc37,179725,3594.14,3475.34,59
23158,E:\2-学术\2-项目\园上园项目\牛尾环项目\温度传感器专项算法\正常数据\0C3D5EA22E3B-23158-H5\2026-08-23\motion\2026-08-23 13_08_56.json,9f10cc054905c56b9dfa3551981867aa9e310128c02859741c5d228d690cf6f9,179723,3593.92,3475.12,59
23158,E:\2-学术\2-项目\园上园项目\牛尾环项目\温度传感器专项算法\正常数据\0C3D5EA22E3B-23158-H5\2026-08-23\motion\2026-08-23 14_15_49.json,3340f9fa7f340f16006ca9ed2bfeca3fe992c39bf3938dd98f02f42ab6dd17ff,179722,3593.92,3475.12,59
23158,E:\2-学术\2-项目\园上园项目\牛尾环项目\温度传感器专项算法\正常数据\0C3D5EA22E3B-23158-H5\2026-08-23\motion\2026-08-23 15_22_44.json,fdcaae32b18c52fdf66d273477c87018ce60d7c937a081b198a921a0377ea2d6,179723,3593.82,3475.02,59
23158,E:\2-学术\2-项目\园上园项目\牛尾环项目\温度传感器专项算法\正常数据\0C3D5EA22E3B-23158-H5\2026-08-23\motion\2026-08-23 16_29_23.json,974fad294ff6459f46803716fe1ff748c323d3d55696e8681d7338bbf2bbe952,179720,3593.84,3475.04,59
23158,E:\2-学术\2-项目\园上园项目\牛尾环项目\温度传感器专项算法\正常数据\0C3D5EA22E3B-23158-H5\2026-08-23\motion\2026-08-23 17_36_21.json,eaf86a867bf30bc662c9266794e1c407e6a1043cbc7fff0cd4e1ab979360e142,179720,3593.74,3474.94,59
23158,E:\2-学术\2-项目\园上园项目\牛尾环项目\温度传感器专项算法\正常数据\0C3D5EA22E3B-23158-H5\2026-08-23\motion\2026-08-23 18_43_17.json,e57de5a1e2098518e65492acff21e45b0b140b2b13a047e8df3af5046b97b2da,179719,3593.84,3475.04,59
23158,E:\2-学术\2-项目\园上园项目\牛尾环项目\温度传感器专项算法\正常数据\0C3D5EA22E3B-23158-H5\2026-08-23\motion\2026-08-23 19_50_18.json,7c75628d691cbc93fdd8630ec0b4ccd624450609c2fd137d0b999c48937e8840,179723,3594.14,3475.34,59
23158,E:\2-学术\2-项目\园上园项目\牛尾环项目\温度传感器专项算法\正常数据\0C3D5EA22E3B-23158-H5\2026-08-23\motion\2026-08-23 20_56_58.json,583f10fbe1c60b3b9de899527c11172134c175b9611f78443ca5233afeead0d3,179719,3593.96,3475.16,59
23158,E:\2-学术\2-项目\园上园项目\牛尾环项目\温度传感器专项算法\正常数据\0C3D5EA22E3B-23158-H5\2026-08-23\motion\2026-08-23 22_03_44.json,6bba63a3e3db778f5adb5da54ce6b5145c78a362d8ca89fe0fe14eb70f72e312,179720,3593.76,3474.96,59
23158,E:\2-学术\2-项目\园上园项目\牛尾环项目\温度传感器专项算法\正常数据\0C3D5EA22E3B-23158-H5\2026-08-23\motion\2026-08-23 23_10_24.json,cfe3ff9cbf21da54bc6074cb3f7b55a165d9e06e4fc2e68518c1e93ed6c3b915,179724,3593.94,3475.14,59
23158,E:\2-学术\2-项目\园上园项目\牛尾环项目\温度传感器专项算法\正常数据\0C3D5EA22E3B-23158-H5\2026-08-24\motion\2026-08-24 00_17_04.json,336c9a8291b40d75de5bb7267ad71c5414d377bfcd8150403a9968de18d0fd14,179719,3593.78,3474.98,59
23158,E:\2-学术\2-项目\园上园项目\牛尾环项目\温度传感器专项算法\正常数据\0C3D5EA22E3B-23158-H5\2026-08-24\motion\2026-08-24 01_23_43.json,6f7330185f99db32f1cbc4468804964fff7b0da7ee4219d48a8775a178aa73bf,179721,3593.98,3475.18,59
23158,E:\2-学术\2-项目\园上园项目\牛尾环项目\温度传感器专项算法\正常数据\0C3D5EA22E3B-23158-H5\2026-08-24\motion\2026-08-24 02_30_27.json,bd5e51e92eb84fa8ae80fd8842c4c2279f80a129512ed8f68b572fc0ea7b1ebb,179720,3594.04,3475.24,59
23158,E:\2-学术\2-项目\园上园项目\牛尾环项目\温度传感器专项算法\正常数据\0C3D5EA22E3B-23158-H5\2026-08-24\motion\2026-08-24 03_37_06.json,6e73eab14d0e1a7a499125c6191ba167e81c6f688dee8b8d88e6a7f5aadf60a3,179721,3594.08,3475.28,59
23158,E:\2-学术\2-项目\园上园项目\牛尾环项目\温度传感器专项算法\正常数据\0C3D5EA22E3B-23158-H5\2026-08-24\motion\2026-08-24 04_43_39.json,84a3b2352c432cb41a4daeca5ed94e44fc663d31bad90322c84b8cd0f0c36554,179723,3594.04,3475.24,59
23158,E:\2-学术\2-项目\园上园项目\牛尾环项目\温度传感器专项算法\正常数据\0C3D5EA22E3B-23158-H5\2026-08-24\motion\2026-08-24 05_50_19.json,fb0b6de42ef62a9b0eee50fd858e63cfe9e44d069333812ea28bcd7712316173,179722,3593.86,3475.06,59
23158,E:\2-学术\2-项目\园上园项目\牛尾环项目\温度传感器专项算法\正常数据\0C3D5EA22E3B-23158-H5\2026-08-24\motion\2026-08-24 06_57_01.json,5376c61c27c8d2e00a629e2733868d697da3201baac7ec9590de449c7fab9752,179724,3593.82,3475.02,59
23158,E:\2-学术\2-项目\园上园项目\牛尾环项目\温度传感器专项算法\正常数据\0C3D5EA22E3B-23158-H5\2026-08-24\motion\2026-08-24 08_04_08.json,eb988c337e97dc41e1640bd7927ee98e7a7fc6f0061588a82ebf9366fc15820e,179724,3593.94,3475.14,59
23158,E:\2-学术\2-项目\园上园项目\牛尾环项目\温度传感器专项算法\正常数据\0C3D5EA22E3B-23158-H5\2026-08-24\motion\2026-08-24 09_10_56.json,1d0fdf6202742d0fc5ee89efaea4bfff656d2e8e28a8f6ae6bb1d37998cb02b1,179719,3593.86,3475.06,59
23158,E:\2-学术\2-项目\园上园项目\牛尾环项目\温度传感器专项算法\正常数据\0C3D5EA22E3B-23158-H5\2026-08-24\motion\2026-08-24 10_17_25.json,542139ac9b27f105ff0639ee0160409e3dd7b33432e57d99a74220084b6d1e25,179720,3593.64,3474.84,59
23158,E:\2-学术\2-项目\园上园项目\牛尾环项目\温度传感器专项算法\正常数据\0C3D5EA22E3B-23158-H5\2026-08-24\motion\2026-08-24 11_24_19.json,467a96bfacc12604a4ebc6bf273ac6f10996abaa891301838a4d9c2675b5b060,179723,3593.84,3475.04,59
23158,E:\2-学术\2-项目\园上园项目\牛尾环项目\温度传感器专项算法\正常数据\0C3D5EA22E3B-23158-H5\2026-08-24\motion\2026-08-24 12_31_03.json,345c9f815ee478305900c39f8ee1d772834250ed3372d362b45270997a593d37,179719,3593.82,3475.02,59
23158,E:\2-学术\2-项目\园上园项目\牛尾环项目\温度传感器专项算法\正常数据\0C3D5EA22E3B-23158-H5\2026-08-24\motion\2026-08-24 13_37_51.json,a8e7886284df19f40b44e1531b5232ed38629881fd151053a57de7f63c3f4b7d,179721,3593.9,3475.1,59
23158,E:\2-学术\2-项目\园上园项目\牛尾环项目\温度传感器专项算法\正常数据\0C3D5EA22E3B-23158-H5\2026-08-24\motion\2026-08-24 14_44_47.json,baf57673c8841fdb7d8db67242c147cae3614c68065ab804e5727630d9974aa1,179722,3593.98,3475.18,59
23158,E:\2-学术\2-项目\园上园项目\牛尾环项目\温度传感器专项算法\正常数据\0C3D5EA22E3B-23158-H5\2026-08-24\motion\2026-08-24 15_51_34.json,0d6398221c7aae5aef3766bd0229e72978a1c704690996a9391d2d99188412d7,179719,3593.82,3475.02,59
23158,E:\2-学术\2-项目\园上园项目\牛尾环项目\温度传感器专项算法\正常数据\0C3D5EA22E3B-23158-H5\2026-08-24\motion\2026-08-24 16_58_24.json,003bf22e8f6467d50f68c50f016636ed634023a9534b393393690d7f7842090e,179722,3593.82,3475.02,59
23158,E:\2-学术\2-项目\园上园项目\牛尾环项目\温度传感器专项算法\正常数据\0C3D5EA22E3B-23158-H5\2026-08-24\motion\2026-08-24 18_05_25.json,e3f11bcdd35acd98897363f2e6e12cbc043e4978ca46976a36be31873614339a,179722,3593.78,3474.98,59
23158,E:\2-学术\2-项目\园上园项目\牛尾环项目\温度传感器专项算法\正常数据\0C3D5EA22E3B-23158-H5\2026-08-24\motion\2026-08-24 19_12_20.json,0d947050c06c12146e2715775cfdb48373e1d2bab376997f8d989e2966ec1175,179720,3593.8,3475.0,59
23158,E:\2-学术\2-项目\园上园项目\牛尾环项目\温度传感器专项算法\正常数据\0C3D5EA22E3B-23158-H5\2026-08-24\motion\2026-08-24 20_19_16.json,6da276d1b53e8577c72e1f97c27ca25b5b40c0b19057ff3064a4034387c09685,179722,3594.0,3475.2,59
23158,E:\2-学术\2-项目\园上园项目\牛尾环项目\温度传感器专项算法\正常数据\0C3D5EA22E3B-23158-H5\2026-08-24\motion\2026-08-24 21_25_59.json,0f23317f682e89eaff99cdb065eee93f611993796fd5dc084ba94c2df4eb3cd0,179720,3593.94,3475.14,59
23158,E:\2-学术\2-项目\园上园项目\牛尾环项目\温度传感器专项算法\正常数据\0C3D5EA22E3B-23158-H5\2026-08-24\motion\2026-08-24 22_32_39.json,530aed7298500d728ac5581e8410fffe377f9f86956f50c65ee105c47f94f594,179721,3593.78,3474.98,59
23158,E:\2-学术\2-项目\园上园项目\牛尾环项目\温度传感器专项算法\正常数据\0C3D5EA22E3B-23158-H5\2026-08-24\motion\2026-08-24 23_39_21.json,b8e299e0de45c9830e7b29413abc4d27d033c32f7ec0e7ac119925239bd4049e,179721,3594.08,3475.28,59
23158,E:\2-学术\2-项目\园上园项目\牛尾环项目\温度传感器专项算法\正常数据\0C3D5EA22E3B-23158-H5\2026-08-25\motion\2026-08-25 00_45_56.json,4c6b432590ba5f8b6bb9b9d52043ff05b2487d3b063bbeb5614477ca3fdb923d,179721,3593.92,3475.12,59
23158,E:\2-学术\2-项目\园上园项目\牛尾环项目\温度传感器专项算法\正常数据\0C3D5EA22E3B-23158-H5\2026-08-25\motion\2026-08-25 01_52_29.json,5a67a4783dd95c5fc9eb2ba95a6dc0048712d00c2b85ee5cd1bd18d4b020b873,179721,3593.88,3475.08,59
23158,E:\2-学术\2-项目\园上园项目\牛尾环项目\温度传感器专项算法\正常数据\0C3D5EA22E3B-23158-H5\2026-08-25\motion\2026-08-25 02_59_14.json,ff1cda8707022a80c4f010b2daa7bef2975170e8a408192feca72bee9ae3ba3b,179727,3594.02,3475.22,59
23158,E:\2-学术\2-项目\园上园项目\牛尾环项目\温度传感器专项算法\正常数据\0C3D5EA22E3B-23158-H5\2026-08-25\motion\2026-08-25 04_05_54.json,59c14e7f385381b2c4f5deb55d28174db9d82cb5c91b575a405049d80607fbb9,179723,3594.06,3475.26,59
23158,E:\2-学术\2-项目\园上园项目\牛尾环项目\温度传感器专项算法\正常数据\0C3D5EA22E3B-23158-H5\2026-08-25\motion\2026-08-25 05_12_31.json,90959f20cadf5d3d3d5861035901e0573db63c44a59b2f1de1ad24e4b6f3b3a2,179724,3594.0,3475.2,59
23158,E:\2-学术\2-项目\园上园项目\牛尾环项目\温度传感器专项算法\正常数据\0C3D5EA22E3B-23158-H5\2026-08-25\motion\2026-08-25 06_19_08.json,9b85850bec7d5b759990dcf87ca3fdb3b50795cf88e34495ebfefad7984434ae,179720,3593.88,3475.08,59
23158,E:\2-学术\2-项目\园上园项目\牛尾环项目\温度传感器专项算法\正常数据\0C3D5EA22E3B-23158-H5\2026-08-25\motion\2026-08-25 07_25_45.json,c70a0ece15fa84198547cff48641ee2094af60b8cbdebca9f22ab58aededcb46,179720,3593.88,3475.08,59
23158,E:\2-学术\2-项目\园上园项目\牛尾环项目\温度传感器专项算法\正常数据\0C3D5EA22E3B-23158-H5\2026-08-25\motion\2026-08-25 08_32_33.json,7097b8617813150d3d4872005a2b6e8efc4ba0dd0580850927b8d4588d3918c3,179719,3593.76,3474.96,59
23158,E:\2-学术\2-项目\园上园项目\牛尾环项目\温度传感器专项算法\正常数据\0C3D5EA22E3B-23158-H5\2026-08-25\motion\2026-08-25 09_39_16.json,717c0f0094cb52a314cd9a795da0c94c97773fd2be1c4e7b9f916027c0010f08,179723,3593.92,3475.12,59
23158,E:\2-学术\2-项目\园上园项目\牛尾环项目\温度传感器专项算法\正常数据\0C3D5EA22E3B-23158-H5\2026-08-25\motion\2026-08-25 10_46_25.json,b99e263d8495a5f36749e462e3c248cac1908bbc74e897673105cef1de6ef3dc,179720,3593.82,3475.02,59
23158,E:\2-学术\2-项目\园上园项目\牛尾环项目\温度传感器专项算法\正常数据\0C3D5EA22E3B-23158-H5\2026-08-25\motion\2026-08-25 11_53_24.json,61f32311549a6439ba7497a75fa247bc75d4e8f087a3877d93ae02bd2d34334c,179719,3593.76,3474.96,59
23158,E:\2-学术\2-项目\园上园项目\牛尾环项目\温度传感器专项算法\正常数据\0C3D5EA22E3B-23158-H5\2026-08-25\motion\2026-08-25 13_00_12.json,2f0e6745ec70cba272d99e8f4fb74c41eed5299d11f710cafc4090e6dc2be210,179720,3593.88,3475.08,59
23158,E:\2-学术\2-项目\园上园项目\牛尾环项目\温度传感器专项算法\正常数据\0C3D5EA22E3B-23158-H5\2026-08-25\motion\2026-08-25 14_07_12.json,b8ba66a09140a9474969ecac25619ffe8b03ae55ce86a7f6dda0e1bff2011072,179724,3593.82,3475.02,59
23158,E:\2-学术\2-项目\园上园项目\牛尾环项目\温度传感器专项算法\正常数据\0C3D5EA22E3B-23158-H5\2026-08-25\motion\2026-08-25 15_14_22.json,7e747e8ffcecf0298bf5a1afae22502d648472959efdef9c82badffc1283da07,179721,3593.84,3475.04,59
23158,E:\2-学术\2-项目\园上园项目\牛尾环项目\温度传感器专项算法\正常数据\0C3D5EA22E3B-23158-H5\2026-08-25\motion\2026-08-25 16_21_25.json,958c039222d0143417a9a5a70ab6122ea845a6f4bb5300902b22a0598deabd57,179723,3593.82,3475.02,59
23158,E:\2-学术\2-项目\园上园项目\牛尾环项目\温度传感器专项算法\正常数据\0C3D5EA22E3B-23158-H5\2026-08-25\motion\2026-08-25 18_23_18.json,2c7f092fad067a809bf41197de6fd8505c69d026427d35d056490288bc371c4b,179973,3599.98,3598.0,0
23158,E:\2-学术\2-项目\园上园项目\牛尾环项目\温度传感器专项算法\正常数据\0C3D5EA22E3B-23158-H5\2026-08-25\motion\2026-08-25 19_32_02.json,ae632952ea3b7c85282b03274fcd90db96f948e41eb562dc7e0c245048adbf4d,179975,3600.0,3598.02,0
23158,E:\2-学术\2-项目\园上园项目\牛尾环项目\温度传感器专项算法\正常数据\0C3D5EA22E3B-23158-H5\2026-08-25\motion\2026-08-25 20_40_31.json,145906d77959d078c0bfc28dd011ca9324d7dcf75b1c102d386df0294486f1a7,179974,3600.0,3598.02,0
23158,E:\2-学术\2-项目\园上园项目\牛尾环项目\温度传感器专项算法\正常数据\0C3D5EA22E3B-23158-H5\2026-08-25\motion\2026-08-25 21_49_09.json,afe4ff378b1756a8cd1722243d29b24e182badaed06ebbf7a7f17a332e71e707,179974,3600.0,3598.02,0
23158,E:\2-学术\2-项目\园上园项目\牛尾环项目\温度传感器专项算法\正常数据\0C3D5EA22E3B-23158-H5\2026-08-25\motion\2026-08-25 22_57_41.json,187fe06fa96291b65b9652088429befc0f4f36642b3a68bdd7f59d0869be4cf5,179972,3600.02,3598.04,0
23158,E:\2-学术\2-项目\园上园项目\牛尾环项目\温度传感器专项算法\正常数据\0C3D5EA22E3B-23158-H5\2026-08-26\motion\2026-08-26 00_06_09.json,3c92e123c7983969f1e3c5cdd443b254f3c92b92ce570c59b00a446b65fa9973,179971,3600.0,3598.02,0
23158,E:\2-学术\2-项目\园上园项目\牛尾环项目\温度传感器专项算法\正常数据\0C3D5EA22E3B-23158-H5\2026-08-26\motion\2026-08-26 01_14_45.json,3ee6505134a828729f48cd4a626ea1b5e0fe0b6e68a19739b64dfaddc447ba71,179980,3600.0,3598.02,0
23158,E:\2-学术\2-项目\园上园项目\牛尾环项目\温度传感器专项算法\正常数据\0C3D5EA22E3B-23158-H5\2026-08-26\motion\2026-08-26 02_23_05.json,43624011022cf7ef69055a289439e9700855d3a6aecbfa02015dc7322a4ce2fc,179973,3600.0,3598.02,0
23158,E:\2-学术\2-项目\园上园项目\牛尾环项目\温度传感器专项算法\正常数据\0C3D5EA22E3B-23158-H5\2026-08-26\motion\2026-08-26 03_31_25.json,3b6ac5df6260078b7d27333d3e1a285911a219a408db6a84b45624c9ef9c3b7e,179982,3600.0,3598.02,0
23158,E:\2-学术\2-项目\园上园项目\牛尾环项目\温度传感器专项算法\正常数据\0C3D5EA22E3B-23158-H5\2026-08-26\motion\2026-08-26 04_39_52.json,ad2e9645a8cd9ba8f8077510c115e4168bcd097751bc3b3eab6684b12c4dab44,179975,3600.0,3598.02,0
23158,E:\2-学术\2-项目\园上园项目\牛尾环项目\温度传感器专项算法\正常数据\0C3D5EA22E3B-23158-H5\2026-08-26\motion\2026-08-26 05_48_08.json,391f1a3b4b6e6296d4ba87bd498814974f2bae29edca444c247e799799adf7c9,179973,3600.0,3598.02,0
23158,E:\2-学术\2-项目\园上园项目\牛尾环项目\温度传感器专项算法\正常数据\0C3D5EA22E3B-23158-H5\2026-08-26\motion\2026-08-26 06_56_41.json,b3f682d9dcf8d03de7a0d919bf3feb1fd4b4500486685ea375d0197fcab0b533,179966,3600.0,3598.02,0
23158,E:\2-学术\2-项目\园上园项目\牛尾环项目\温度传感器专项算法\正常数据\0C3D5EA22E3B-23158-H5\2026-08-26\motion\2026-08-26 08_04_57.json,3d8a1b8614d2e95fc9a594a13b698a07e4691455d820b95b3aec789275c13510,179970,3600.0,3598.02,0
23158,E:\2-学术\2-项目\园上园项目\牛尾环项目\温度传感器专项算法\正常数据\0C3D5EA22E3B-23158-H5\2026-08-26\motion\2026-08-26 09_13_36.json,a989f903cf4a09ae52fb01a72fa47f47def144a66639f7c7e1380efe6db75293,179977,3600.0,3598.02,0
23158,E:\2-学术\2-项目\园上园项目\牛尾环项目\温度传感器专项算法\正常数据\0C3D5EA22E3B-23158-H5\2026-08-26\motion\2026-08-26 10_22_07.json,d3455b69d1806d59e827f6ed7af2a7dd16ce73af5b40969b5d2209cd6898e132,179977,3600.0,3598.02,0
23158,E:\2-学术\2-项目\园上园项目\牛尾环项目\温度传感器专项算法\正常数据\0C3D5EA22E3B-23158-H5\2026-08-26\motion\2026-08-26 11_30_52.json,a3b72b250161a9455c19dd77a00fc04aa3b95992247eb59dedabfcd94d0194a2,179972,3600.02,3598.04,0
23158,E:\2-学术\2-项目\园上园项目\牛尾环项目\温度传感器专项算法\正常数据\0C3D5EA22E3B-23158-H5\2026-08-26\motion\2026-08-26 12_39_35.json,a89b85185e075d8cc3b8064b9912f4148cda2086791073e2f60d843ac4fc4666,179977,3600.02,3598.04,0
23158,E:\2-学术\2-项目\园上园项目\牛尾环项目\温度传感器专项算法\正常数据\0C3D5EA22E3B-23158-H5\2026-08-26\motion\2026-08-26 13_48_48.json,273492fca1a42a2c9901d3a2ae97152440a2f74661640357bcb31e227d970918,179967,3600.02,3598.04,0
23158,E:\2-学术\2-项目\园上园项目\牛尾环项目\温度传感器专项算法\正常数据\0C3D5EA22E3B-23158-H5\2026-08-26\motion\2026-08-26 14_57_29.json,d2b17b29cbca50338d8c2acb3c8999e71a665d3884af8931073526a3f0de0ddf,179974,3600.0,3598.02,0
23158,E:\2-学术\2-项目\园上园项目\牛尾环项目\温度传感器专项算法\正常数据\0C3D5EA22E3B-23158-H5\2026-08-26\motion\2026-08-26 16_06_15.json,67043e42384afc947f5de169a7aa9f8792551019fb7f41728016b22b11aca878,179970,3600.0,3598.02,0
23158,E:\2-学术\2-项目\园上园项目\牛尾环项目\温度传感器专项算法\正常数据\0C3D5EA22E3B-23158-H5\2026-08-26\motion\2026-08-26 17_14_55.json,c9e21a075588a3800fc221f509d48eab108c900470e8f130e46b093ba40f4eea,179974,3600.0,3598.02,0
23158,E:\2-学术\2-项目\园上园项目\牛尾环项目\温度传感器专项算法\正常数据\0C3D5EA22E3B-23158-H5\2026-08-26\motion\2026-08-26 18_23_30.json,6f921b5a6b1c607e8a8feed6622a115b49827f268f94b45a2f1c26ad42642399,179975,3600.0,3598.02,0
23158,E:\2-学术\2-项目\园上园项目\牛尾环项目\温度传感器专项算法\正常数据\0C3D5EA22E3B-23158-H5\2026-08-26\motion\2026-08-26 19_32_01.json,9c71924476a5ff16860d6e8ac022185f7b812291af6708df95c9dc6af888bf7d,179979,3600.0,3598.02,0
23158,E:\2-学术\2-项目\园上园项目\牛尾环项目\温度传感器专项算法\正常数据\0C3D5EA22E3B-23158-H5\2026-08-26\motion\2026-08-26 20_40_37.json,f645fbd60501c5d6edbac036cbfbf6aac36b07ca592f1ed6638d1f859434dd2e,179970,3600.0,3598.02,0
23263,E:\2-学术\2-项目\园上园项目\牛尾环项目\温度传感器专项算法\正常数据\546C50CA07D8-23263-C2\2026-08-16\motion\2026-08-16 09_03_54.json,5322550fde866da2ba1f7ed8d2fef87b23d6d01c4f027314d8e2f669434462cb,179365,3586.52,3467.72,59
23263,E:\2-学术\2-项目\园上园项目\牛尾环项目\温度传感器专项算法\正常数据\546C50CA07D8-23263-C2\2026-08-16\motion\2026-08-16 10_10_45.json,20c8d2b075e319bbec92971651a3620fad322bae22c5cdef9d078e17b694ffde,179363,3586.62,3467.82,59
23263,E:\2-学术\2-项目\园上园项目\牛尾环项目\温度传感器专项算法\正常数据\546C50CA07D8-23263-C2\2026-08-16\motion\2026-08-16 11_17_42.json,28a5e084e80b68c02af25656533d1fd0ee69ef3057176041a347630fce8380a9,179360,3586.4,3467.6,59
23263,E:\2-学术\2-项目\园上园项目\牛尾环项目\温度传感器专项算法\正常数据\546C50CA07D8-23263-C2\2026-08-16\motion\2026-08-16 12_24_20.json,4dc8a1df67fff0cd41acf186e91a419d88685d08580fda58cd9eec0a510c6ee2,179360,3586.4,3467.6,59
23263,E:\2-学术\2-项目\园上园项目\牛尾环项目\温度传感器专项算法\正常数据\546C50CA07D8-23263-C2\2026-08-16\motion\2026-08-16 15_40_01.json,031b34aa17c17903836b941ab119000de4351b3af585ad598fc6e20f47b33f3e,179361,3586.42,3467.62,59
23263,E:\2-学术\2-项目\园上园项目\牛尾环项目\温度传感器专项算法\正常数据\546C50CA07D8-23263-C2\2026-08-16\motion\2026-08-16 16_46_36.json,e9f28fcf5379e72528e416235c47c44ff7279573ce595709b2448d5261e78f7c,179359,3586.48,3467.68,59
23263,E:\2-学术\2-项目\园上园项目\牛尾环项目\温度传感器专项算法\正常数据\546C50CA07D8-23263-C2\2026-08-16\motion\2026-08-16 17_53_26.json,00e7dd570b6def4c02c8cdc63bba22dd46a96e6a449ce96c0a7785c9e281ee47,179361,3586.56,3467.76,59
23263,E:\2-学术\2-项目\园上园项目\牛尾环项目\温度传感器专项算法\正常数据\546C50CA07D8-23263-C2\2026-08-16\motion\2026-08-16 19_00_29.json,c548f08107c0b16271512fd0152e5b3504ef15f5995b29a3b4e2358492695a6d,179362,3586.52,3467.72,59
23263,E:\2-学术\2-项目\园上园项目\牛尾环项目\温度传感器专项算法\正常数据\546C50CA07D8-23263-C2\2026-08-16\motion\2026-08-16 21_14_08.json,04b28c1ebdfc90065de96c47c55e5f4df200550836389ab9986772ca7445f796,179360,3586.4,3467.6,59
23263,E:\2-学术\2-项目\园上园项目\牛尾环项目\温度传感器专项算法\正常数据\546C50CA07D8-23263-C2\2026-08-16\motion\2026-08-16 22_21_29.json,cbb4bc29dd27fa78d323cafed34d380c22eb19b1db71e813d0f76d669c7e79f1,179360,3586.46,3467.66,59
23263,E:\2-学术\2-项目\园上园项目\牛尾环项目\温度传感器专项算法\正常数据\546C50CA07D8-23263-C2\2026-08-16\motion\2026-08-16 23_28_14.json,18634ba7ba7666536abf3319d77425f3e1194caec77e61b7df31df37e731375b,179363,3586.38,3467.58,59
23263,E:\2-学术\2-项目\园上园项目\牛尾环项目\温度传感器专项算法\正常数据\546C50CA07D8-23263-C2\2026-08-17\motion\2026-08-17 00_34_54.json,485c3840c3243f140ab437418a650e2f06223cb74b0db08ef064b4754dd73637,179360,3586.44,3467.64,59
23263,E:\2-学术\2-项目\园上园项目\牛尾环项目\温度传感器专项算法\正常数据\546C50CA07D8-23263-C2\2026-08-17\motion\2026-08-17 01_41_27.json,7ba11f987b62f09e3f15c4e435228e3fc4a062e05c404d744b59ba3ea8abbe7e,179360,3586.42,3467.62,59
23263,E:\2-学术\2-项目\园上园项目\牛尾环项目\温度传感器专项算法\正常数据\546C50CA07D8-23263-C2\2026-08-17\motion\2026-08-17 02_48_05.json,b66355e2e9863c474acd57a36050c3a83de23005805a2468d521e27529b5447c,179359,3586.48,3467.68,59
23263,E:\2-学术\2-项目\园上园项目\牛尾环项目\温度传感器专项算法\正常数据\546C50CA07D8-23263-C2\2026-08-17\motion\2026-08-17 03_54_41.json,564d6b9e9d3266b2b7e6d66038ddeccd707220c653ce4d2a1c32d5db4c703d81,179360,3586.66,3467.86,59
23263,E:\2-学术\2-项目\园上园项目\牛尾环项目\温度传感器专项算法\正常数据\546C50CA07D8-23263-C2\2026-08-17\motion\2026-08-17 05_01_09.json,80df2c56371bf293cfcba3f19a6b0e1a9b0d25288920b3d140c1e2b288eadb64,179364,3586.52,3467.72,59
23263,E:\2-学术\2-项目\园上园项目\牛尾环项目\温度传感器专项算法\正常数据\546C50CA07D8-23263-C2\2026-08-17\motion\2026-08-17 06_07_47.json,bfef5075f282d6dc69444ded71b3d9a68ba37109be67c7d75fd00916f933cdb7,179362,3586.64,3467.84,59
23263,E:\2-学术\2-项目\园上园项目\牛尾环项目\温度传感器专项算法\正常数据\546C50CA07D8-23263-C2\2026-08-17\motion\2026-08-17 07_14_32.json,2d512fc58953b78dca07bf1e93fb84aa05714af2e445cf13b6420240b3cee351,179361,3586.36,3467.56,59
