cow_id,source_path,source_sha256,evaluated_at_ms,data_through_ms,feature_window_end_ms,quality_status,usable_for_fusion,activity_evidence_level,new_activity_evidence,new_strong_activity_evidence,packet_valid_seconds,activity_1h_g,activity_3h_g,activity_6h_g,coverage_1h,coverage_3h,coverage_6h,history_baseline_g,same_clock_baseline_g,baseline_g,activity_ratio,activity_excess_ratio,activity_ratio_3h,reference_valid_hours,reference_elapsed_hours,reference_valid_minutes,reference_days,same_clock_weight,reference_quality
21314,E:\2-学术\2-项目\园上园项目\牛尾环项目\温度传感器专项算法\正常数据\546C50CA07E5-21314-D2\2026-08-19\motion\2026-08-19 16_53_54.json,85eeea464e1d56149cdede2ac6565d7b006f31939b4e445686053e8ea5fd8bf7,1787133611882,1787133234378,1787133240000,INSUFFICIENT_HISTORY,False,UNAVAILABLE,False,False,3475.06,0.13120657003699662,,,0.9642833333333334,0.32176481481481484,0.16088240740740742,,,,,,,0.0,0.016666666666666666,0,0,0.0,INSUFFICIENT_HISTORY
21314,E:\2-学术\2-项目\园上园项目\牛尾环项目\温度传感器专项算法\正常数据\546C50CA07E5-21314-D2\2026-08-19\motion\2026-08-19 18_00_53.json,e597a55c089e72e6d2104670f6072e2ed76271b914622a908ddb44bc29a228fa,1787137607348,1787137253029,1787137260000,INSUFFICIENT_HISTORY,False,UNAVAILABLE,False,False,3474.98,0.09020832134164519,,,0.9638833333333333,0.6435222222222222,0.3217611111111111,,,,,,,0.9642833333333334,1.1333333333333333,60,0,0.0,INSUFFICIENT_HISTORY
21314,E:\2-学术\2-项目\园上园项目\牛尾环项目\温度传感器专项算法\正常数据\546C50CA07E5-21314-D2\2026-08-19\motion\2026-08-19 19_07_28.json,af72364c2b21da250bb2843125f8c991a00d6084218339ee73db90877a4cc3c1,1787141583312,1787141248556,1787141280000,PROVISIONAL,True,LOW,False,False,3475.24,0.014370246060485122,0.07811876663380278,,0.9571555555555555,0.8898925925925926,0.48265185185185183,0.1107116982520692,,0.1107116982520692,0.1297988043482708,-0.8702011956517293,0.7056053503572983,1.9281666666666661,2.25,120,0,0.0,PROVISIONAL_SAME_DAY
21314,E:\2-学术\2-项目\园上园项目\牛尾环项目\温度传感器专项算法\正常数据\546C50CA07E5-21314-D2\2026-08-19\motion\2026-08-19 20_13_46.json,7840957ad6f9f7b1ac1f58b1559adcdc5817d8967ec5ff07c9ea2f2ac4e7aeec,1787145564643,1787145226636,1787145240000,PROVISIONAL,True,LOW,False,False,3475.22,0.024122155896848234,0.03226529041108075,,0.9621777777777778,0.8951407407407408,0.6435416666666667,0.07892841798742088,,0.07892841798742088,0.30562066885329786,-0.6943793311467021,0.4087918044451745,2.8773888888888886,3.35,179,0,0.0,PROVISIONAL_SAME_DAY
21314,E:\2-学术\2-项目\园上园项目\牛尾环项目\温度传感器专项算法\正常数据\546C50CA07E5-21314-D2\2026-08-19\motion\2026-08-19 21_20_07.json,c80c8f1c734aea370ddefc92a91768ec0f27b211498d05b16c4706d72304b14e,1787149555832,1787149207912,1787149260000,PROVISIONAL,True,LOW,False,False,3474.94,0.04843660621659372,0.029887096308421554,0.06158588953537573,0.9513388888888888,0.8928685185185186,0.8044185185185185,0.06510860575831222,,0.06510860575831222,0.7439355466525248,-0.2560644533474752,0.45903450028348913,3.8534888888888883,4.466666666666667,240,0,0.0,PROVISIONAL_SAME_DAY
21314,E:\2-学术\2-项目\园上园项目\牛尾环项目\温度传感器专项算法\正常数据\546C50CA07E5-21314-D2\2026-08-19\motion\2026-08-19 22_26_37.json,109fc4e11ebfbd09d703c238635ad8d1dfb2f8b7084337a00792cfeaa7567c6e,1787153557605,1787153197758,1787153220000,PROVISIONAL,True,LOW,False,False,3475.08,0.04108524013880406,0.0397667809582777,0.05277112445720774,0.9596722222222223,0.8945314814814814,0.8766518518518519,0.061795985454518344,,0.061795985454518344,0.6648529000163396,-0.33514709998366043,0.6435172230977032,4.8026277777777775,5.566666666666666,299,0,0.0,PROVISIONAL_SAME_DAY
21314,E:\2-学术\2-项目\园上园项目\牛尾环项目\温度传感器专项算法\正常数据\546C50CA07E5-21314-D2\2026-08-19\motion\2026-08-19 23_33_17.json,a505a4934b6bf86a5a67e9f7f3aeee7f142fac4445bf06e31be16684932f98d4,1787157545022,1787157197043,1787157240000,PROVISIONAL,True,LOW,False,False,3475.44,0.02195139755154332,0.03712054267376293,0.03311760886020957,0.9540166666666666,0.8909722222222223,0.8766083333333333,0.05844042482643306,,0.05844042482643306,0.37562008860713364,-0.6243799113928663,0.6351860511625339,5.751816666666667,6.683333333333334,358,0,0.0,PROVISIONAL_SAME_DAY
21314,E:\2-学术\2-项目\园上园项目\牛尾环项目\温度传感器专项算法\正常数据\546C50CA07E5-21314-D2\2026-08-20\motion\2026-08-20 00_39_47.json,710164373449e4af27edd13cf4e6e09b6df2ff4a92c6c41e58e83c3050cb7b6a,1787161530098,1787161187423,1787161200000,PROVISIONAL,True,LOW,False,False,3475.28,0.0183562437509072,0.02702880829559366,0.029515845883564883,0.9624111111111111,0.893762962962963,0.8781648148148148,0.053258771356169084,,0.053258771356169084,0.3446614197715801,-0.65533858022842,0.5074996588794355,6.7010999999999985,7.783333333333333,417,0,0.0,PROVISIONAL_SAME_DAY
21314,E:\2-学术\2-项目\园上园项目\牛尾环项目\温度传感器专项算法\正常数据\546C50CA07E5-21314-D2\2026-08-20\motion\2026-08-20 01_46_12.json,30e19c807282ce1f796c024d6a636a4bee2e06aed825dcefe6210cf882922e8e,1787165536615,1787165172110,1787165220000,PROVISIONAL,True,LOW,False,False,3475.2,0.025890945914156874,0.02052751530618645,0.03117570032002961,0.9525777777777777,0.8918537037037036,0.8763194444444444,0.04881766588538932,,0.04881766588538932,0.5303601768864127,-0.4696398231135873,0.42049358431801115,7.676266666666666,8.9,478,0,0.0,PROVISIONAL_SAME_DAY
21314,E:\2-学术\2-项目\园上园项目\牛尾环项目\温度传感器专项算法\正常数据\546C50CA07E5-21314-D2\2026-08-20\motion\2026-08-20 02_52_53.json,2eee346f917661fc122bafae3908467488d672a8b14edffbf5d7f7554a6fe57d,1787169537810,1787169173804,1787169180000,PROVISIONAL,True,LOW,False,False,3475.26,0.04355532145946503,0.03007978819250188,0.0324689311445819,0.9641777777777778,0.8946481481481482,0.8772166666666666,0.04629549852369518,,0.04629549852369518,0.9408111554770782,-0.059188844522921835,0.6497346211123809,8.625483333333333,10.0,537,0,0.0,PROVISIONAL_SAME_DAY
21314,E:\2-学术\2-项目\园上园项目\牛尾环项目\温度传感器专项算法\正常数据\546C50CA07E5-21314-D2\2026-08-20\motion\2026-08-20 03_59_21.json,e12230b83b9e6db080869d771ca74e986438dee48c4f3825fdfff526d091ce86,1787173525030,1787173161812,1787173200000,PROVISIONAL,True,LOW,False,False,3475.08,0.037349336143710526,0.03716475785615433,0.030049064241629175,0.9552444444444445,0.8913555555555556,0.8759203703703704,0.04601999162080308,,0.04601999162080308,0.8115893729721361,-0.18841062702786393,0.8075785446113425,9.589661111111111,11.116666666666667,597,0,0.0,PROVISIONAL_SAME_DAY
21314,E:\2-学术\2-项目\园上园项目\牛尾环项目\温度传感器专项算法\正常数据\546C50CA07E5-21314-D2\2026-08-20\motion\2026-08-20 05_05_50.json,34c0d3760cb50c7f651d0c2f14f20542a788eb39d9d437ac7a63167030985cb1,1787177485854,1787177150517,1787177160000,PROVISIONAL,True,LOW,False,False,3475.32,0.013808210654055523,0.03134938449639602,0.02687844439147032,0.9632777777777778,0.8952277777777777,0.8776453703703704,0.0452547145588311,,0.0452547145588311,0.30512203620475514,-0.6948779637952449,0.69273190212352,10.538844444444443,12.216666666666667,656,0,0.0,PROVISIONAL_SAME_DAY
21314,E:\2-学术\2-项目\园上园项目\牛尾环项目\温度传感器专项算法\正常数据\546C50CA07E5-21314-D2\2026-08-20\motion\2026-08-20 06_12_07.json,48611ce1c498cbbab377a6bd45ce35535478606659e75742d08e92ed1e237074,1787181468098,1787181127454,1787181180000,PROVISIONAL,True,LOW,False,False,3475.38,0.01186657648008438,0.019293917662848787,0.02605274828976336,0.9513333333333334,0.892287037037037,0.8763703703703704,0.042584856865658674,,0.042584856865658674,0.2786571883409062,-0.7213428116590939,0.45306991928409673,11.516172222222222,13.333333333333334,717,0,0.0,PROVISIONAL_SAME_DAY
21314,E:\2-学术\2-项目\园上园项目\牛尾环项目\温度传感器专项算法\正常数据\546C50CA07E5-21314-D2\2026-08-20\motion\2026-08-20 07_18_26.json,43b5bfbb24b5954fa5b9ffedb077678440ca3e7c602218cb375385bc98953726,1787185460352,1787185106448,1787185140000,PROVISIONAL,True,LOW,False,False,3475.1,0.05465158870344793,0.027792422747848624,0.03207497206776652,0.9565333333333333,0.8949388888888888,0.8774083333333333,0.04024534488427828,,0.04024534488427828,1.3579605010366655,0.35796050103666555,0.6905748435691913,12.465433333333333,14.433333333333334,776,0,0.0,PROVISIONAL_SAME_DAY
21314,E:\2-学术\2-项目\园上园项目\牛尾环项目\温度传感器专项算法\正常数据\546C50CA07E5-21314-D2\2026-08-20\motion\2026-08-20 08_25_00.json,baa9cf25b7883a86dd9d182a0fb57c4739640de75ac87f7ee3e95535f7a00ca9,1787189470587,1787189100580,1787189160000,PROVISIONAL,True,ELEVATED,True,False,3475.1,0.07429862374458669,0.049751322069493696,0.04003992528897538,0.9493444444444444,0.8909314814814815,0.8766490740740741,0.04128773207677594,,0.04128773207677594,1.7995326942740735,0.7995326942740735,1.2049904309827293,13.430583333333331,15.55,836,0,0.0,PROVISIONAL_SAME_DAY
21314,E:\2-学术\2-项目\园上园项目\牛尾环项目\温度传感器专项算法\正常数据\546C50CA07E5-21314-D2\2026-08-20\motion\2026-08-20 09_31_51.json,6870f5d503f560c190d66aea51c2351d9aabb89bbbe3e7c07da249b4d2ceda5d,1787193481743,1787193111620,1787193120000,PROVISIONAL,True,ELEVATED,False,False,3475.02,0.07522559741054317,0.07141423482101286,0.04400123638592302,0.9635055555555555,0.8926611111111111,0.87785,0.04346430915701404,,0.04346430915701404,1.730744117864431,0.7307441178644309,1.6430546396821866,14.379766666666663,16.65,895,0,0.0,PROVISIONAL_SAME_DAY
21314,E:\2-学术\2-项目\园上园项目\牛尾环项目\温度传感器专项算法\正常数据\546C50CA07E5-21314-D2\2026-08-20\motion\2026-08-20 10_38_38.json,7ff0e99095209b020e78209e258b96d7111cbd5779b8026372615f488a159cb9,1787197485705,1787197118691,1787197140000,PROVISIONAL,True,LOW,False,False,3475.2,0.04989851036384228,0.06816008042226848,0.04996068788422033,0.9599611111111112,0.8902722222222222,0.8764944444444445,0.04545881054111609,,0.04545881054111609,1.0976642320790735,0.09766423207907349,1.4993810795075642,15.343272222222218,17.766666666666666,955,0,0.0,PROVISIONAL_SAME_DAY
21314,E:\2-学术\2-项目\园上园项目\牛尾环项目\温度传感器专项算法\正常数据\546C50CA07E5-21314-D2\2026-08-20\motion\2026-08-20 11_45_23.json,b6c1dec0b6f141392b9f2ea109219b67574a3ad1fa324cdad27f4d49356b115e,1787201485561,1787201123493,1787201160000,PROVISIONAL,True,ELEVATED,True,False,3475.02,0.07537301983835448,0.05908576991447706,0.061615686777040955,0.9556888888888889,0.8896296296296297,0.8744842592592592,0.04570628831354924,,0.04570628831354924,1.6490733030275573,0.6490733030275573,1.2927273706660094,16.292488888888887,18.883333333333333,1014,0,0.0,PROVISIONAL_SAME_DAY
21314,E:\2-学术\2-项目\园上园项目\牛尾环项目\温度传感器专项算法\正常数据\546C50CA07E5-21314-D2\2026-08-20\motion\2026-08-20 12_52_05.json,918cc0eb26e854a2fe6fca890b2a32cbb21fcc7212b02825f9700f49bbaf3153,1787205498165,1787205125617,1787205180000,PROVISIONAL,True,LOW,False,False,3475.4,0.03208817852295473,0.05395466549443066,0.06370858369178772,0.9508277777777778,0.8884648148148148,0.8726888888888888,0.04739931537441847,,0.04739931537441847,0.6769755695727369,-0.32302443042726314,1.1383005232930037,17.256216666666667,20.0,1074,0,0.0,PROVISIONAL_SAME_DAY
21314,E:\2-学术\2-项目\园上园项目\牛尾环项目\温度传感器专项算法\正常数据\546C50CA07E5-21314-D2\2026-08-20\motion\2026-08-20 13_58_59.json,008e1937b65147bb574cd21f175d07493619ca06caf451f83654a2cb39b2d396,1787209492993,1787209139253,1787209140000,PROVISIONAL,True,LOW,False,False,3475.24,0.03508184840841212,0.04595657918894786,0.05629254911376345,0.9653444444444444,0.8924296296296297,0.8741787037037037,0.04660157384191608,,0.04660157384191608,0.7528039402149447,-0.24719605978505532,0.9861593804716511,18.205488888888887,21.1,1133,0,0.0,PROVISIONAL_SAME_DAY
21314,E:\2-学术\2-项目\园上园项目\牛尾环项目\温度传感器专项算法\正常数据\546C50CA07E5-21314-D2\2026-08-20\motion\2026-08-20 15_05_34.json,4becd5012fe3d7e86112f51c363b1a4ba8bf01ec53c5e90a86e3524159055820,1787213510038,1787213134232,1787213160000,PROVISIONAL,True,LOW,False,False,3475.08,0.047370118139468814,0.03781727812187141,0.048459789285056176,0.9586888888888889,0.890774074074074,0.8738601851851852,0.04602149979112233,,0.04602149979112233,1.0293040938358693,0.029304093835869294,0.8217306757387873,19.170833333333334,22.216666666666665,1193,0,0.0,PROVISIONAL_SAME_DAY
21314,E:\2-学术\2-项目\园上园项目\牛尾环项目\温度传感器专项算法\正常数据\546C50CA07E5-21314-D2\2026-08-20\motion\2026-08-20 16_12_29.json,d1542b3fbd0401c8328e0361989669925f2ad652ec82e8fe845ea767a9b03e2d,1787217516442,1787217149137,1787217180000,PROVISIONAL,True,STRONG,True,True,3475.04,0.10912927505153283,0.06653082674344529,0.059542639200379555,0.9572666666666667,0.8902185185185185,0.8732620370370371,0.04608336536991356,,0.04608336536991356,2.3680838883086444,1.3680838883086444,1.443705905794833,20.120016666666665,23.333333333333332,1252,0,0.0,PROVISIONAL_SAME_DAY
21314,E:\2-学术\2-项目\园上园项目\牛尾环项目\温度传感器专项算法\正常数据\546C50CA07E5-21314-D2\2026-08-20\motion\2026-08-20 17_19_12.json,575f5847dedbf8b94adb64d95e121b17642e8cb42830c6c7bd1e9e76e995e560,1787221525638,1787221152600,1787221200000,VALID,True,LOW,False,False,3475.14,0.05224030074538488,0.07252703280835535,0.05691626777837582,0.9526944444444444,0.8880185185185185,0.8725601851851852,0.04793183894896579,0.15227071194731945,0.08271146328175036,0.6315968630301249,-0.36840313696987514,0.8768679688484954,20.66353888888889,24.0,1286,1,0.3333333333333333,SAME_CLOCK_BLEND
21314,E:\2-学术\2-项目\园上园项目\牛尾环项目\温度传感器专项算法\正常数据\546C50CA07E5-21314-D2\2026-08-20\motion\2026-08-20 18_26_06.json,0ae5fd6323695ea31cfa4e1e044bec58bb6c2e32e639d9fb3e17c654a35914ef,1787225546770,1787225166729,1787225220000,VALID,True,ELEVATED,True,False,3475.2,0.08799540995799023,0.07740484017417566,0.06316181940229243,0.9510833333333333,0.8875592592592593,0.8717287037037037,0.04378286598315315,0.04951221105376204,0.04569264767335612,1.9258111411499867,0.9258111411499867,1.6940327189512214,20.6627,24.0,1286,1,0.3333333333333333,SAME_CLOCK_BLEND
21314,E:\2-学术\2-项目\园上园项目\牛尾环项目\温度传感器专项算法\正常数据\546C50CA07E5-21314-D2\2026-08-20\motion\2026-08-20 19_33_06.json,9730e3ead3c8e12a7e95be0278bfcbddc51d2aa1532f2881fdef048490c29b88,1787229552568,1787229186211,1787229240000,VALID,True,STRONG,False,True,3474.96,0.0875732592242343,0.07771229656582078,0.07368649155576737,0.9508722222222222,0.8860222222222223,0.87145,0.04581407560028866,0.014726444102125067,0.03545153176756747,2.4702249764099036,1.4702249764099036,2.1920716169707286,20.66241111111111,24.0,1286,1,0.3333333333333333,SAME_CLOCK_BLEND
21314,E:\2-学术\2-项目\园上园项目\牛尾环项目\温度传感器专项算法\正常数据\546C50CA07E5-21314-D2\2026-08-20\motion\2026-08-20 20_39_53.json,cb49277fc669ebc7c121661d73b5ad44853c5685eaeb0e016268ca2e49a3b4a7,1787233564032,1787233193427,1787233200000,VALID,True,STRONG,False,False,3475.08,0.1480516142519277,0.11053434707041436,0.09311870411065028,0.9640166666666666,0.8908351851851852,0.8730324074074074,0.04912033205656454,0.03147247713635858,0.043237713749829224,3.424131421669178,2.424131421669178,2.5564336659879694,20.662338888888883,24.0,1286,1,0.3333333333333333,SAME_CLOCK_BLEND
21314,E:\2-学术\2-项目\园上园项目\牛尾环项目\温度传感器专项算法\正常数据\546C50CA07E5-21314-D2\2026-08-20\motion\2026-08-20 21_46_45.json,501a5001d5e54369176c8eca5899e58dd8a8347c9aecb9a66752109878976502,1787237564611,1787237205074,1787237220000,VALID,True,STRONG,False,False,3475.22,0.11039906428079786,0.11868686025573456,0.09580968314975029,0.9617388888888889,0.8907907407407407,0.8728037037037037,0.05456201210515592,0.04995478052125508,0.053026268243855645,2.081969332126068,1.081969332126068,2.238265376509637,20.65028333333333,24.0,1285,1,0.3333333333333333,SAME_CLOCK_BLEND
21314,E:\2-学术\2-项目\园上园项目\牛尾环项目\温度传感器专项算法\正常数据\546C50CA07E5-21314-D2\2026-08-20\motion\2026-08-20 22_53_25.json,c03747642b1d2380f1c694ead0b9328d75b49a61a7e9bf353e28df77c9cfdb19,1787241563794,1787241205866,1787241240000,VALID,True,LOW,False,False,3475.26,0.04700646832260713,0.09787659463725003,0.09288436098312494,0.9564166666666667,0.8898259259259259,0.8720509259259259,0.057277303157618926,0.03622187171502644,0.0502588260100881,0.9352878301051412,-0.06471216989485884,1.9474508739540384,20.646777777777775,24.0,1285,1,0.3333333333333333,SAME_CLOCK_BLEND
21314,E:\2-学术\2-项目\园上园项目\牛尾环项目\温度传感器专项算法\正常数据\546C50CA07E5-21314-D2\2026-08-21\motion\2026-08-21 00_00_04.json,a3840900676de7d13a7121664a7d79a91251ea9d5abdf478f05660c4eda723f5,1787245566421,1787245204393,1787245260000,VALID,True,ELEVATED,True,False,3475.22,0.08214820434164061,0.0706193579151043,0.0957960455671952,0.9504444444444444,0.8890611111111111,0.8717787037037037,0.05784900383945627,0.016636841021192866,0.04411161623336848,1.86228053642476,0.8622805364247601,1.6009242903615013,20.661666666666665,24.0,1286,1,0.3333333333333333,SAME_CLOCK_BLEND
21314,E:\2-学术\2-项目\园上园项目\牛尾环项目\温度传感器专项算法\正常数据\546C50CA07E5-21314-D2\2026-08-21\motion\2026-08-21 01_06_47.json,a2589170ef6d6986a99ecc34e7e8267451ebf1424a9918a293ee41bebf868fbd,1787249573579,1787249207110,1787249220000,VALID,True,ELEVATED,False,False,3475.18,0.09362341543040019,0.07771272919986895,0.09746476251085073,0.9622944444444445,0.8926444444444445,0.8744407407407407,0.060888320126127014,0.0201859726289884,0.047320870960414145,1.9784803941736413,0.9784803941736413,1.6422506099872685,20.661616666666664,24.0,1286,1,0.3333333333333333,SAME_CLOCK_BLEND
21314,E:\2-学术\2-项目\园上园项目\牛尾环项目\温度传感器专项算法\正常数据\546C50CA07E5-21314-D2\2026-08-21\motion\2026-08-21 02_13_32.json,450e4254d753b607d57dc49950a7d065ff278c75430dff86589432cdff02237f,1787253594559,1787253212425,1787253240000,VALID,True,STRONG,False,True,3475.14,0.139067253482559,0.10691429225804061,0.09860195630324099,0.9582,0.8906481481481482,0.87395,0.0643050506880647,0.02988023343003305,0.052830111602054156,2.6323482814136576,1.6323482814136576,2.0237377702962025,20.648744444444443,24.0,1285,1,0.3333333333333333,SAME_CLOCK_BLEND
21314,E:\2-学术\2-项目\园上园项目\牛尾环项目\温度传感器专项算法\正常数据\546C50CA07E5-21314-D2\2026-08-21\motion\2026-08-21 03_20_26.json,508cd091b4c68fff15b25adbb0d5a0818f79c89f855e6c66ac030461469ee88d,1787257595354,1787257226924,1787257260000,VALID,True,ELEVATED,False,False,3474.98,0.10817391707707845,0.11756063928239317,0.0890142385332533,0.9566333333333333,0.8892185185185185,0.8735564814814815,0.06943552774668713,0.050694773553074064,0.06318860968214944,1.7119211456180716,0.7119211456180716,1.8604720039536435,20.632605555555557,24.0,1284,1,0.3333333333333333,SAME_CLOCK_BLEND
21314,E:\2-学术\2-项目\园上园项目\牛尾环项目\温度传感器专项算法\正常数据\546C50CA07E5-21314-D2\2026-08-21\motion\2026-08-21 04_27_16.json,14d95c555ca30777fbba02daff595d2ebef544b91f2b6c90c5539b0cb0ce1940,1787261592882,1787261236283,1787261280000,VALID,True,LOW,False,False,3475.28,0.05518946447313696,0.10035489992947298,0.0923934586977473,0.9537611111111111,0.8878666666666667,0.8726685185185186,0.07198923160439342,0.021956941348861746,0.0553118015192162,0.9977882288640203,-0.002211771135979701,1.8143487858483165,20.617644444444444,24.0,1283,1,0.3333333333333333,SAME_CLOCK_BLEND
21314,E:\2-学术\2-项目\园上园项目\牛尾环项目\温度传感器专项算法\正常数据\546C50CA07E5-21314-D2\2026-08-21\motion\2026-08-21 05_33_53.json,d8eb8be0d419487872b85dd5ca100cc4b7919b4addd4dda63d6267520846cf1c,1787265595303,1787265233785,1787265240000,VALID,True,LOW,False,False,3475.06,0.05288398067927983,0.06982897441652493,0.0878078753262663,0.9641166666666666,0.8927240740740741,0.8743472222222223,0.07355592412751999,0.01330286525435467,0.05347157116979822,0.9890111609278788,-0.010988839072121226,1.3059084086903676,20.61766666666667,24.0,1283,1,0.3333333333333333,SAME_CLOCK_BLEND
21314,E:\2-学术\2-项目\园上园项目\牛尾环项目\温度传感器专项算法\正常数据\546C50CA07E5-21314-D2\2026-08-21\motion\2026-08-21 06_40_27.json,692b03c9440d06a871a2ed6f8a57bcc18933fcb0847bfdaa98e69a18828cd9d0,1787269596783,1787269227342,1787269260000,VALID,True,LOW,False,False,3475.02,0.055928620062905304,0.056271540465541406,0.08151897669354265,0.9567611111111111,0.8917203703703703,0.8736388888888889,0.07546763977260484,0.01678402497487733,0.05590643484002901,1.0003968277165192,0.0003968277165191658,1.0065306547726949,20.604438888888886,24.0,1282,1,0.3333333333333333,SAME_CLOCK_BLEND
21314,E:\2-学术\2-项目\园上园项目\牛尾环项目\温度传感器专项算法\正常数据\546C50CA07E5-21314-D2\2026-08-21\motion\2026-08-21 07_47_17.json,48ae398252cc68635751689c60bf7753e9b935403ad2e49488756f965ee33091,1787273612704,1787273237558,1787273280000,VALID,True,LOW,False,False,3474.98,0.08630587002131238,0.0656959632842809,0.07710791570208901,0.9540277777777778,0.8898166666666667,0.8729462962962963,0.07729373772346977,0.07054526938766455,0.07504424827820137,1.150066420831645,0.1500664208316449,0.8754296937019764,20.588288888888886,24.0,1281,1,0.3333333333333333,SAME_CLOCK_BLEND
21314,E:\2-学术\2-项目\园上园项目\牛尾环项目\温度传感器专项算法\正常数据\546C50CA07E5-21314-D2\2026-08-21\motion\2026-08-21 08_54_05.json,23572b11b06ccf9632c24bb53cabc6d6d42070ec4ebf617745ba5b03fd135e1e,1787277609646,1787277245534,1787277300000,VALID,True,LOW,False,False,3475.04,0.06108453328095454,0.06961736300292778,0.062237046257303495,0.9507055555555556,0.8873629629629629,0.8726972222222222,0.07785185192075252,0.09829467893088818,0.08466612759079774,0.7214754591846214,-0.2785245408153786,0.8222575542771654,20.586872222222222,24.0,1281,1,0.3333333333333333,SAME_CLOCK_BLEND
21314,E:\2-学术\2-项目\园上园项目\牛尾环项目\温度传感器专项算法\正常数据\546C50CA07E5-21314-D2\2026-08-21\motion\2026-08-21 10_00_49.json,88eee60c5466c5f33799d43188dfa1868c4203da86a52212e39d9fb8e221687d,1787281624526,1787281249557,1787281260000,VALID,True,LOW,False,False,3475.24,0.05979613148224411,0.062467862954354136,0.06343723736782837,0.9629944444444445,0.8918407407407407,0.8748805555555556,0.0764179231567633,0.0500765575175163,0.06763746794368097,0.8840681548285333,-0.11593184517146671,0.9235689160683638,20.586855555555555,24.0,1281,1,0.3333333333333333,SAME_CLOCK_BLEND
21314,E:\2-学术\2-项目\园上园项目\牛尾环项目\温度传感器专项算法\正常数据\546C50CA07E5-21314-D2\2026-08-21\motion\2026-08-21 11_07_45.json,e4f4a76b42f55e5d19af9c6cd64c12da5b828dce01bf6ae3ea10b69b42f7e3bb,1787285646306,1787285265657,1787285280000,VALID,True,LOW,False,False,3475.16,0.07254435358592301,0.0652064930621387,0.06601297807635217,0.9618833333333333,0.8907481481481482,0.8739407407407408,0.07686043592437702,0.058899013684331106,0.07087329517769506,1.023578110824934,0.023578110824933995,0.9200431967873312,20.586344444444443,24.0,1281,1,0.3333333333333333,SAME_CLOCK_BLEND
21314,E:\2-学术\2-项目\园上园项目\牛尾环项目\温度传感器专项算法\正常数据\546C50CA07E5-21314-D2\2026-08-21\motion\2026-08-21 12_14_47.json,d0cd369b2a6b22dac40d79f26d6cc72cbbcb8173ce98282d25eea869e9ae6ebf,1787289659333,1787289287282,1787289300000,VALID,True,LOW,False,False,3475.32,0.04674810527010542,0.05815990222976363,0.06492719998256662,0.9623833333333334,0.8894851851851852,0.8727287037037037,0.07729432303447563,0.06192811295592532,0.07217225300829219,0.6477296096705519,-0.35227039032944807,0.805848505561845,20.59903888888889,24.0,1282,1,0.3333333333333333,SAME_CLOCK_BLEND
21314,E:\2-学术\2-项目\园上园项目\牛尾环项目\温度传感器专项算法\正常数据\546C50CA07E5-21314-D2\2026-08-21\motion\2026-08-21 13_21_41.json,0fbd77bf83bdf1b69e85f3a20db12a2bb3f11b45c148488ab9d2c41b7f58aa9f,1787293664471,1787293301533,1787293320000,VALID,True,LOW,False,False,3475.12,0.0507328551686202,0.0565047975508221,0.058526388081634774,0.9607333333333333,0.8891092592592592,0.8722824074074074,0.07676240880461152,0.02983306492639454,0.0611192941785392,0.8300628443192005,-0.16993715568079948,0.9245001649685708,20.597633333333338,24.0,1282,1,0.3333333333333333,SAME_CLOCK_BLEND
21314,E:\2-学术\2-项目\园上园项目\牛尾环项目\温度传感器专项算法\正常数据\546C50CA07E5-21314-D2\2026-08-21\motion\2026-08-21 14_28_24.json,1872a11b10610fc85d8c9b77c6e120eb96ebf3073769333858e27574ea6f6b42,1787297668087,1787297304431,1787297340000,VALID,True,LOW,False,False,3474.94,0.07337979975664907,0.05674505044976954,0.06131092531765369,0.9559333333333333,0.8892407407407408,0.871725,0.07768270677795956,0.038514842181194976,0.06462675191237137,1.1354400087466274,0.13544000874662743,0.8780427419083543,20.581455555555557,24.0,1281,1,0.3333333333333333,SAME_CLOCK_BLEND
21314,E:\2-学术\2-项目\园上园项目\牛尾环项目\温度传感器专项算法\正常数据\546C50CA07E5-21314-D2\2026-08-21\motion\2026-08-21 15_35_10.json,7f0a1b526791129a61e9f13c563a6f0231bbff7fbbe1eda6d28cfa6b6219db99,1787301681791,1787301310267,1787301360000,VALID,True,LOW,False,False,3475.0,0.0636520659193796,0.0637649548812807,0.060970969711976734,0.9520166666666666,0.8886759259259259,0.8710722222222222,0.07915303253122478,0.08736024642942233,0.08188877049729064,0.7772990793833641,-0.22270092061663593,0.778677644004808,20.578566666666667,24.0,1281,1,0.3333333333333333,SAME_CLOCK_BLEND
21314,E:\2-学术\2-项目\园上园项目\牛尾环项目\温度传感器专项算法\正常数据\546C50CA07E5-21314-D2\2026-08-21\motion\2026-08-21 16_42_02.json,899ff0fe80532536a14d1f7c98ae83615ade92c1051507a17f51e191eb4811fc,1787305684627,1787305322916,1787305380000,VALID,True,LOW,False,False,3475.4,0.02839393951366899,0.05440730562558354,0.05483087310101677,0.9500833333333333,0.8871259259259259,0.8709,0.07774951290149618,0.09186693865230208,0.08480822577689913,0.3348017159133071,-0.6651982840866929,0.6415333551336186,20.593855555555557,24.0,1282,2,0.5,SAME_CLOCK_BLEND
21314,E:\2-学术\2-项目\园上园项目\牛尾环项目\温度传感器专项算法\正常数据\546C50CA07E5-21314-D2\2026-08-21\motion\2026-08-21 17_48_46.json,2373c05eceeeabb033edb9b34dd69d0ddaeff0f7d1f6e9e43d9676743a0d09a1,1787309715135,1787309326234,1787309340000,VALID,True,LOW,False,False,3475.3,0.04451966005831429,0.044600442554466484,0.05117539425862011,0.9620888888888889,0.8912129629629629,0.8736601851851852,0.07599537439673494,0.08267687525962168,0.07933612482817831,0.5611524403886937,-0.4388475596113063,0.5621706713185147,20.59744444444444,24.0,1282,2,0.5,SAME_CLOCK_BLEND
21314,E:\2-学术\2-项目\园上园项目\牛尾环项目\温度传感器专项算法\正常数据\546C50CA07E5-21314-D2\2026-08-21\motion\2026-08-21 18_55_55.json,68cea0f7332bf806d8a56e0d367fc027d6da4206753393431997818ed04744d1,1787313710519,1787313355318,1787313360000,VALID,True,LOW,False,False,3475.12,0.05765447108060548,0.044418529740508604,0.053666341670490815,0.9645611111111111,0.8905351851851852,0.8733851851851852,0.07509073265492537,0.05083501763566496,0.06296287514529517,0.9156899354986594,-0.0843100645013406,0.7054717504244679,20.596066666666665,24.0,1282,2,0.5,SAME_CLOCK_BLEND
21314,E:\2-学术\2-项目\园上园项目\牛尾环项目\温度传感器专项算法\正常数据\546C50CA07E5-21314-D2\2026-08-21\motion\2026-08-21 20_02_31.json,b18ef5444798bd62f8d20178c4f6106b554602410480c0bedce2c4bb11ab9693,1787317703442,1787317351280,1787317380000,VALID,True,LOW,False,False,3475.28,0.01677838474332602,0.0397211865799543,0.04458345040808892,0.9579222222222222,0.8891685185185185,0.8726074074074074,0.07412808517010783,0.06902184812505076,0.07157496664757929,0.23441694113445286,-0.7655830588655471,0.5549592048786194,20.59703888888889,24.0,1282,2,0.5,SAME_CLOCK_BLEND
21314,E:\2-学术\2-项目\园上园项目\牛尾环项目\温度传感器专项算法\正常数据\546C50CA07E5-21314-D2\2026-08-21\motion\2026-08-21 21_09_04.json,ad7669c4e84e41abccfd65efcd8a42bad7aa57c091939a4110377a4e716e1865,1787321715771,1787321344222,1787321400000,VALID,True,LOW,False,False,3475.22,0.04354016744572419,0.038490859884215994,0.04073382707337962,0.9503888888888888,0.8900037037037037,0.8719657407407407,0.06872941437767467,0.10687962062802817,0.08780451750285143,0.4958761654183708,-0.5041238345816292,0.43836992650140144,20.595972222222223,24.0,1282,2,0.5,SAME_CLOCK_BLEND
21314,E:\2-学术\2-项目\园上园项目\牛尾环项目\温度传感器专项算法\正常数据\546C50CA07E5-21314-D2\2026-08-21\motion\2026-08-21 22_15_57.json,1890941b96fc1e0ab6ca0466ffb097f11626470d7327e2ebb6c6201646ae46d9,1787325717819,1787325357459,1787325360000,VALID,True,LOW,False,False,3475.08,0.04203752809252815,0.035388464432315865,0.0393896388518562,0.9651444444444445,0.8931333333333333,0.8743009259259259,0.06331937411031016,0.04429654254063824,0.0538079583254742,0.7812511271706513,-0.21874887282934874,0.6576808623411747,20.597261111111116,24.0,1282,2,0.5,SAME_CLOCK_BLEND
21314,E:\2-学术\2-项目\园上园项目\牛尾环项目\温度传感器专项算法\正常数据\546C50CA07E5-21314-D2\2026-08-21\motion\2026-08-21 23_22_38.json,2c99bbb4f9c819193272808bad5a26a94847aa02dc889b1fae4f9e12e7385413,1787329708390,1787329358424,1787329380000,VALID,True,LOW,False,False,3475.22,0.0408590670436882,0.04235033817793684,0.04093849427304258,0.9598944444444445,0.8906240740740741,0.8736194444444444,0.06317163013631037,0.04400194001741906,0.05358678507686472,0.7624840151369424,-0.23751598486305758,0.7903130989700099,20.600644444444445,24.0,1282,2,0.5,SAME_CLOCK_BLEND
21314,E:\2-学术\2-项目\园上园项目\牛尾环项目\温度传感器专项算法\正常数据\546C50CA07E5-21314-D2\2026-08-22\motion\2026-08-22 00_29_10.json,98d43e95c40732ff3f6e6b2cdab3380f587c0aa03d81da7495af199c7004ae32,1787333706485,1787333350578,1787333400000,VALID,True,LOW,False,False,3475.2,0.03375459399258268,0.039712383817706906,0.03700283243620874,0.95215,0.8901981481481481,0.8740398148148149,0.06161853100342595,0.04263833891040494,0.052128434956915444,0.6475274774790595,-0.3524725225209405,0.7618180720470411,20.598916666666668,24.0,1282,2,0.5,SAME_CLOCK_BLEND
21314,E:\2-学术\2-项目\园上园项目\牛尾环项目\温度传感器专项算法\正常数据\546C50CA07E5-21314-D2\2026-08-22\motion\2026-08-22 01_35_48.json,08fd1844e2e24f6b213563add7bb0f94151d970f646a15147dd12bc9357516fd,1787337707825,1787337348285,1787337360000,VALID,True,LOW,False,False,3475.22,0.04004079232170641,0.038626718848428346,0.03835087270626685,0.9626333333333333,0.8938,0.8756074074074074,0.05952198456959866,0.06577992999362876,0.06265095728161371,0.6391090265664185,-0.36089097343358145,0.616538366282301,20.598927777777778,24.0,1282,2,0.5,SAME_CLOCK_BLEND
21314,E:\2-学术\2-项目\园上园项目\牛尾环项目\温度传感器专项算法\正常数据\546C50CA07E5-21314-D2\2026-08-22\motion\2026-08-22 02_42_28.json,b50131991213aa24537ba9a8a7d2d180c29649cc473a7812e2dd0ea735413872,1787341709294,1787341348717,1787341380000,VALID,True,LOW,False,False,3475.38,0.026552006745698218,0.03284721391499471,0.037878096403502676,0.9572444444444445,0.8912444444444444,0.8743592592592593,0.05587089744621863,0.0873882821212054,0.07162958978371202,0.3706848918983468,-0.6293151081016533,0.45857045969658616,20.59927222222222,24.0,1282,2,0.5,SAME_CLOCK_BLEND
21314,E:\2-学术\2-项目\园上园项目\牛尾环项目\温度传感器专项算法\正常数据\546C50CA07E5-21314-D2\2026-08-22\motion\2026-08-22 03_49_09.json,b70cae0528e404629a930ceae1f8e94052b4eec3ffcf51e5d0e8e68724acaa30,1787345710001,1787345349620,1787345400000,VALID,True,LOW,False,False,3475.22,0.03620399524238876,0.03372294217090526,0.036121206238789165,0.9518944444444445,0.8893685185185185,0.87415,0.05059795331299558,0.049589262744543436,0.05009360802876951,0.7227268441433937,-0.2772731558566063,0.6731985077125542,20.61282777777778,24.0,1283,2,0.5,SAME_CLOCK_BLEND
21314,E:\2-学术\2-项目\园上园项目\牛尾环项目\温度传感器专项算法\正常数据\546C50CA07E5-21314-D2\2026-08-22\motion\2026-08-22 04_55_46.json,06da79150659fc6fe34ad959e07c6958a48932adb5780fa6d1d8f7e7fc78fa35,1787349710497,1787349346152,1787349360000,VALID,True,LOW,False,False,3475.02,0.05114924898718904,0.03795369655031458,0.03831938205005368,0.9619833333333333,0.8929037037037038,0.875937962962963,0.04953679702047069,0.03637486318801162,0.04295583010424116,1.1907405551950658,0.19074055519506583,0.8835516962007748,20.628883333333338,24.0,1284,2,0.5,SAME_CLOCK_BLEND
21314,E:\2-学术\2-项目\园上园项目\牛尾环项目\温度传感器专项算法\正常数据\546C50CA07E5-21314-D2\2026-08-22\motion\2026-08-22 06_02_31.json,6745952a332bfa737097c962246a19ec2f02fe499c584619b46e3a9a0edf5a67,1787353733944,1787353351377,1787353380000,VALID,True,ELEVATED,True,False,3475.02,0.07879589715116977,0.05740936468727827,0.0449226021753684,0.9578777777777778,0.8911037037037037,0.8746490740740741,0.049180407847083836,0.030964548551001204,0.04007247819904252,1.9663345191626431,0.9663345191626431,1.432638241191931,20.625616666666666,24.0,1284,2,0.5,SAME_CLOCK_BLEND
21314,E:\2-学术\2-项目\园上园项目\牛尾环项目\温度传感器专项算法\正常数据\546C50CA07E5-21314-D2\2026-08-22\motion\2026-08-22 07_09_35.json,258c34f6fa86595685f75e44cea395337db271cc0e78a39dd46d26cc55a7bb09,1787357732620,1787357375389,1787357400000,VALID,True,LOW,False,False,3475.08,0.0672543495594223,0.0670993940932618,0.05189483649982656,0.9590166666666666,0.8891092592592592,0.8736990740740741,0.05046973497009079,0.0696843028106581,0.060077018890374444,1.1194688218825355,0.11946882188253549,1.1168895416681948,20.610666666666663,24.0,1283,2,0.5,SAME_CLOCK_BLEND
21314,E:\2-学术\2-项目\园上园项目\牛尾环项目\温度传感器专项算法\正常数据\546C50CA07E5-21314-D2\2026-08-22\motion\2026-08-22 08_16_13.json,a495abdb26bb0b72d4490cbd5f7c3d396997fd967712147e6ca772dd3c4c1a0c,1787361754518,1787361373444,1787361420000,VALID,True,LOW,False,False,3475.26,0.028634721165394214,0.05777967208161617,0.05063131566584906,0.9529666666666666,0.8877685185185186,0.8727907407407407,0.04965847357346765,0.06741210072833184,0.05853528715089974,0.4891873356933566,-0.5108126643066434,0.987091289612441,20.623077777777773,24.0,1284,2,0.5,SAME_CLOCK_BLEND
21314,E:\2-学术\2-项目\园上园项目\牛尾环项目\温度传感器专项算法\正常数据\546C50CA07E5-21314-D2\2026-08-22\motion\2026-08-22 09_23_14.json,26aa8fc2d9088b47862a0dc92959a26397909158710442b3d1007bd79d87ecc5,1787365772307,1787365394834,1787365440000,VALID,True,ELEVATED,True,False,3475.2,0.10584368981531461,0.06755421237568124,0.06371460903333745,0.9533388888888888,0.8881574074074075,0.8719074074074074,0.048177208820379326,0.07369616573764018,0.06093668727900975,1.736945254846066,0.736945254846066,1.1085967319879393,20.620561111111112,24.0,1284,2,0.5,SAME_CLOCK_BLEND
22146,E:\2-学术\2-项目\园上园项目\牛尾环项目\温度传感器专项算法\正常数据\0C3D5EA22E3C-22146-C7\2026-08-22\motion\2026-08-22 10_15_05.json,123c0767c8dadc25b93224c9bb46495230dec9f1843ce3e117e5e641bc2360f2,1787368890159,1787368505723,1787368560000,INSUFFICIENT_HISTORY,False,UNAVAILABLE,False,False,3475.14,0.058164092703329826,,,0.9507944444444445,0.32177222222222224,0.16088611111111112,,,,,,,0.014522222222222223,0.016666666666666666,1,0,0.0,INSUFFICIENT_HISTORY
22146,E:\2-学术\2-项目\园上园项目\牛尾环项目\温度传感器专项算法\正常数据\0C3D5EA22E3C-22146-C7\2026-08-22\motion\2026-08-22 11_22_19.json,d99b280c581792afdb5677ade476de56c19344dce0a79e83317cfb62ca748318,1787372918040,1787372539369,1787372580000,INSUFFICIENT_HISTORY,False,UNAVAILABLE,False,False,3475.24,0.031435270383167374,,,0.9546111111111111,0.6435537037037037,0.32177685185185184,,,,,,,0.9637277777777778,1.1333333333333333,60,0,0.0,INSUFFICIENT_HISTORY
22146,E:\2-学术\2-项目\园上园项目\牛尾环项目\温度传感器专项算法\正常数据\0C3D5EA22E3C-22146-C7\2026-08-22\motion\2026-08-22 12_29_27.json,539674f44f0d2bc0691c2ae114a361ba6e2dd66f3e2a16007137ebfd83cf244a,1787376953225,1787376567905,1787376600000,PROVISIONAL,True,LOW,False,False,3475.28,0.04276697711912517,0.04104271162908763,,0.9569888888888889,0.8854185185185185,0.48266944444444443,0.044767172426841695,,0.044767172426841695,0.9553200436997616,-0.044679956300238355,0.9168037515918487,1.9129555555555549,2.25,119,0,0.0,PROVISIONAL_SAME_DAY
22146,E:\2-学术\2-项目\园上园项目\牛尾环项目\温度传感器专项算法\正常数据\0C3D5EA22E3C-22146-C7\2026-08-22\motion\2026-08-22 13_36_42.json,91724a8d7edb6b9564ec61b30f8d24b2eeabd2e31ba35ba08918883d615ef3b6,1787380984065,1787380602968,1787380620000,PROVISIONAL,True,LOW,False,False,3475.06,0.05311524203001451,0.04317118401495548,,0.9611111111111111,0.8866703703703703,0.6435518518518518,0.04357126930682583,,0.04357126930682583,1.2190427975825238,0.21904279758252376,0.9908176810491112,2.8621888888888884,3.3666666666666667,178,0,0.0,PROVISIONAL_SAME_DAY
22146,E:\2-学术\2-项目\园上园项目\牛尾环项目\温度传感器专项算法\正常数据\0C3D5EA22E3C-22146-C7\2026-08-22\motion\2026-08-22 14_43_52.json,e3bf1f2d9ba4a12f39fdac6908ab7337aecd363fc6365dc78fc45336949a8ffb,1787385023432,1787384632755,1787384640000,PROVISIONAL,True,LOW,False,False,3475.0,0.040557623518163284,0.045985351252478025,0.04511061180857991,0.9638166666666667,0.8874388888888889,0.8044314814814815,0.04597045802557614,,0.04597045802557614,0.8822540662004854,-0.11774593379951459,1.0003239738636844,3.8232999999999993,4.483333333333333,238,0,0.0,PROVISIONAL_SAME_DAY
22146,E:\2-学术\2-项目\园上园项目\牛尾环项目\温度传感器专项算法\正常数据\0C3D5EA22E3C-22146-C7\2026-08-22\motion\2026-08-22 15_51_10.json,24b22d132ce46eb5cc6b6a00b7c17025ff5737a5a1d8f9a3a1ecf4553aa2ff00,1787389056212,1787388670716,1787388720000,PROVISIONAL,True,LOW,False,False,3475.28,0.04574972231734539,0.045406153719902226,0.04411822120579612,0.9522111111111111,0.8834796296296297,0.8663712962962963,0.04483966889831768,,0.04483966889831768,1.0202957212081878,0.02029572120818779,1.0126335638844512,4.80026111111111,5.616666666666666,299,0,0.0,PROVISIONAL_SAME_DAY
22146,E:\2-学术\2-项目\园上园项目\牛尾环项目\温度传感器专项算法\正常数据\0C3D5EA22E3C-22146-C7\2026-08-22\motion\2026-08-22 16_58_25.json,070be6c066fde2b150e8c3e112f71eb020938028b916c36682db1cd38d10eb4c,1787393088875,1787392705729,1787392740000,PROVISIONAL,True,LOW,False,False,3475.18,0.037752613705088534,0.042213735172077084,0.043137972113475656,0.9563555555555555,0.8843888888888889,0.8670037037037037,0.044978961727996286,,0.044978961727996286,0.8393393767822379,-0.1606606232177621,0.9385217788564906,5.749499999999999,6.733333333333333,358,0,0.0,PROVISIONAL_SAME_DAY
22146,E:\2-学术\2-项目\园上园项目\牛尾环项目\温度传感器专项算法\正常数据\0C3D5EA22E3C-22146-C7\2026-08-22\motion\2026-08-22 18_05_38.json,e3d2a1611dedefe1ab168ab53cea29cd4d7315599e3c6c5ac3c60f34856248d9,1787397116692,1787396738489,1787396760000,PROVISIONAL,True,LOW,False,False,3475.18,0.03762233728498433,0.039795640558232814,0.043670813434068055,0.9599,0.8858796296296296,0.8673944444444445,0.043953657416662906,,0.043953657416662906,0.8559546462388733,-0.1440453537611267,0.9053999802789158,6.698711111111109,7.85,417,0,0.0,PROVISIONAL_SAME_DAY
22146,E:\2-学术\2-项目\园上园项目\牛尾环项目\温度传感器专项算法\正常数据\0C3D5EA22E3C-22146-C7\2026-08-22\motion\2026-08-22 19_12_46.json,f5468c3f33de3c04c3aa12650a76b2dc8c75fc7cf53499f74f4d2f95c6d2f93c,1787401153565,1787400766418,1787400780000,PROVISIONAL,True,LOW,False,False,3475.12,0.037703752709788346,0.038335904207514905,0.04230440845513794,0.9620833333333333,0.8872537037037037,0.8680944444444444,0.04302626756108277,,0.04302626756108277,0.8762961522577284,-0.12370384774227161,0.8909883747896763,7.6479222222222205,8.966666666666667,476,0,0.0,PROVISIONAL_SAME_DAY
22146,E:\2-学术\2-项目\园上园项目\牛尾环项目\温度传感器专项算法\正常数据\0C3D5EA22E3C-22146-C7\2026-08-22\motion\2026-08-22 20_20_02.json,8c531dd94efbffc8fc0b5e12068351fb25dd34f8b373a55bd975634e7b7a898d,1787405184134,1787404802395,1787404860000,PROVISIONAL,True,LOW,False,False,3475.36,0.026217004988833496,0.03187819761059215,0.03724504057475974,0.9499277777777778,0.8830944444444444,0.8658805555555555,0.04239031939340583,,0.04239031939340583,0.6184667953436503,-0.38153320465634966,0.7520159806946647,8.625455555555556,10.1,537,0,0.0,PROVISIONAL_SAME_DAY
22146,E:\2-学术\2-项目\园上园项目\牛尾环项目\温度传感器专项算法\正常数据\0C3D5EA22E3C-22146-C7\2026-08-22\motion\2026-08-22 21_27_09.json,1506152b8e16c7ab6ea680610814ecafec59df8e04ec891e775fbba09333fefa,1787409208460,1787408829251,1787408880000,PROVISIONAL,True,LOW,False,False,3475.3,0.03775262414589087,0.03319514327380938,0.0352138700385422,0.9518166666666666,0.8838351851851852,0.8666231481481481,0.04076614261363347,,0.04076614261363347,0.9260779098894977,-0.07392209011050233,0.8142821750004842,9.58826111111111,11.216666666666667,597,0,0.0,PROVISIONAL_SAME_DAY
22146,E:\2-学术\2-项目\园上园项目\牛尾环项目\温度传感器专项算法\正常数据\0C3D5EA22E3C-22146-C7\2026-08-22\motion\2026-08-22 22_34_15.json,67e76cb3935026930be82406d4dfffd87b78e824604aa53a8829a2cc1c8c0e14,1787413235370,1787412855342,1787412900000,PROVISIONAL,True,LOW,False,False,3475.5,0.02988073410440781,0.03161243748213763,0.034062305707283067,0.9535611111111111,0.8851574074074074,0.8673268518518519,0.04048145135201342,,0.04048145135201342,0.7381339627518477,-0.2618660372481523,0.7809116626586888,10.54936111111111,12.333333333333334,657,0,0.0,PROVISIONAL_SAME_DAY
22146,E:\2-学术\2-项目\园上园项目\牛尾环项目\温度传感器专项算法\正常数据\0C3D5EA22E3C-22146-C7\2026-08-22\motion\2026-08-22 23_41_24.json,614ce08d78cd5743a7fce3b5051abdc306fdb5c25d8e1a4f32e84f9b4aff1e05,1787417259052,1787416884572,1787416920000,PROVISIONAL,True,LOW,False,False,3475.18,0.029890539663798812,0.032946402320638044,0.03261757718951248,0.9560333333333333,0.8857722222222222,0.8679194444444445,0.039610620164926114,,0.039610620164926114,0.7546092320530212,-0.24539076794697878,0.8317567910691533,11.49866111111111,13.45,716,0,0.0,PROVISIONAL_SAME_DAY
22146,E:\2-学术\2-项目\园上园项目\牛尾环项目\温度传感器专项算法\正常数据\0C3D5EA22E3C-22146-C7\2026-08-23\motion\2026-08-23 00_48_27.json,058d0db37b057eb0bc7f2da90aceabf087731a28bc170ec527b2aad0c91294b0,1787421295060,1787420907759,1787420940000,PROVISIONAL,True,LOW,False,False,3475.28,0.03497052328176566,0.03207762746601067,0.032272708357179915,0.95695,0.8863277777777778,0.8682935185185185,0.038875007046255544,,0.038875007046255544,0.8995631368029305,-0.10043686319706946,0.8251478238407265,12.447866666666664,14.566666666666666,775,0,0.0,PROVISIONAL_SAME_DAY
22146,E:\2-学术\2-项目\园上园项目\牛尾环项目\温度传感器专项算法\正常数据\0C3D5EA22E3C-22146-C7\2026-08-23\motion\2026-08-23 01_55_41.json,bd52f7939fcb3a9cf9b31690fe6b29ef78960c92059531615012f083abb256c9,1787425325932,1787424941780,1787424960000,PROVISIONAL,True,LOW,False,False,3475.38,0.028189655534960206,0.030310761470584206,0.031914033608717016,0.9608722222222222,0.8871814814814815,0.8689435185185185,0.038602730304056525,,0.038602730304056525,0.730250303875473,-0.26974969612452704,0.785197348266297,13.397105555555553,15.683333333333334,834,0,0.0,PROVISIONAL_SAME_DAY
22146,E:\2-学术\2-项目\园上园项目\牛尾环项目\温度传感器专项算法\正常数据\0C3D5EA22E3C-22146-C7\2026-08-23\motion\2026-08-23 03_02_54.json,67694a512f03c7ad5b0d9b5bad14578e0d57e8cef85bc6a82560f933e7dc2420,1787429354213,1787428974432,1787428980000,PROVISIONAL,True,LOW,False,False,3475.24,0.02829713908375839,0.029081599306783723,0.030731986962798934,0.96435,0.8874796296296297,0.8692546296296296,0.037908186118962885,,0.037908186118962885,0.7464651301161376,-0.2535348698838624,0.7671588193515854,14.346372222222218,16.8,893,0,0.0,PROVISIONAL_SAME_DAY
22146,E:\2-学术\2-项目\园上园项目\牛尾环项目\温度传感器专项算法\正常数据\0C3D5EA22E3C-22146-C7\2026-08-23\motion\2026-08-23 04_10_02.json,93720f2bb123939ea340d9ee6cefbe649e15a55dacd4edfe0be49124077c1e7c,1787433374249,1787433002334,1787433060000,PROVISIONAL,True,LOW,False,False,3475.46,0.0191818978262226,0.02503748942759919,0.02857132904667756,0.9499333333333333,0.8834222222222222,0.8668555555555556,0.037276988192141376,,0.037276988192141376,0.5145774580111188,-0.48542254198888124,0.6716607387524274,15.326194444444441,17.933333333333334,954,0,0.0,PROVISIONAL_SAME_DAY
22146,E:\2-学术\2-项目\园上园项目\牛尾环项目\温度传感器专项算法\正常数据\0C3D5EA22E3C-22146-C7\2026-08-23\motion\2026-08-23 05_17_01.json,897208781e7609bcbd3fb68760d7c99c7d935e8b7b5434128179929c862c8eeb,1787437404759,1787437021511,1787437080000,PROVISIONAL,True,LOW,False,False,3475.06,0.05093209620933954,0.03333415905932386,0.031790585499818245,0.9495944444444444,0.8845777777777778,0.8672740740740741,0.03622679827465512,,0.03622679827465512,1.4059232014707879,0.40592320147078786,0.9201519495760959,16.291177777777776,19.05,1014,0,0.0,PROVISIONAL_SAME_DAY
22146,E:\2-学术\2-项目\园上园项目\牛尾环项目\温度传感器专项算法\正常数据\0C3D5EA22E3C-22146-C7\2026-08-23\motion\2026-08-23 06_24_13.json,b86a51ec60971752dbaaa8a145cd6a32709a1cab7d94ee8f3b1db946f2937245,1787441429075,1787441053391,1787441100000,PROVISIONAL,True,LOW,False,False,3475.28,0.03638196999485121,0.036987919603323524,0.031986981022499854,0.9529555555555556,0.8851092592592592,0.867425,0.03702471069422855,,0.03702471069422855,0.9826402235878231,-0.017359776412176897,0.9990063098342923,17.252755555555556,20.166666666666668,1074,0,0.0,PROVISIONAL_SAME_DAY
22146,E:\2-学术\2-项目\园上园项目\牛尾环项目\温度传感器专项算法\正常数据\0C3D5EA22E3C-22146-C7\2026-08-23\motion\2026-08-23 07_31_17.json,f29075316a4df786262a741d3584f1295efa883055f6a01359569a14aa009112,1787445479232,1787445077177,1787445120000,PROVISIONAL,True,ELEVATED,True,False,3475.02,0.06749936525316065,0.05161632208519463,0.03951958916218849,0.9539333333333333,0.8850018518518519,0.8680527777777778,0.036992649069420236,,0.036992649069420236,1.824669683063023,0.8246696830630229,1.3953129441563288,18.20199444444444,21.283333333333335,1133,0,0.0,PROVISIONAL_SAME_DAY
22146,E:\2-学术\2-项目\园上园项目\牛尾环项目\温度传感器专项算法\正常数据\0C3D5EA22E3C-22146-C7\2026-08-23\motion\2026-08-23 08_38_44.json,beb32c4981bb96a18ebebb1a571bf727f1c815889895c797c7dde297dd04b044,1787449523759,1787449124110,1787449140000,PROVISIONAL,True,LOW,False,False,3475.26,0.05282367842304434,0.05384379533760203,0.04351423150325184,0.9614888888888888,0.8861166666666667,0.8686435185185185,0.03851819799223381,,0.03851819799223381,1.371395370928174,0.3713953709281741,1.3978793958237148,19.15115555555555,22.4,1192,0,0.0,PROVISIONAL_SAME_DAY
22146,E:\2-学术\2-项目\园上园项目\牛尾环项目\温度传感器专项算法\正常数据\0C3D5EA22E3C-22146-C7\2026-08-23\motion\2026-08-23 09_56_40.json,fde3533d67ddb1ec49f8d03c404e26033d4d961a5386c2d3d722cd1def727815,1787454187260,1787453800519,1787453820000,VALID,True,STRONG,True,True,3475.16,0.10048214337932958,0.07516547438209338,0.05958905289052101,0.9604666666666667,0.8274722222222223,0.8394018518518519,0.039202074273268606,0.05513216793403716,0.044512105493524794,2.2574116021976716,1.2574116021976716,1.6886524137355792,20.11264444444444,23.7,1252,1,0.3333333333333333,SAME_CLOCK_BLEND
22146,E:\2-学术\2-项目\园上园项目\牛尾环项目\温度传感器专项算法\正常数据\0C3D5EA22E3C-22146-C7\2026-08-23\motion\2026-08-23 11_03_54.json,784581e861b163671c27f1b2e01efbe2d2895241909f3a518e84b70dbe8ead5f,1787458284119,1787457834669,1787457840000,VALID,True,ELEVATED,False,False,3475.0,0.07304134969437202,0.0827772748774679,0.06445210731043113,0.96435,0.8299592592592593,0.8393564814814815,0.041245933605220296,0.03374721231185771,0.038746359840766104,1.8851151435785518,0.8851151435785518,2.136388430233275,20.275094444444445,24.0,1262,1,0.3333333333333333,SAME_CLOCK_BLEND
22146,E:\2-学术\2-项目\园上园项目\牛尾环项目\温度传感器专项算法\正常数据\0C3D5EA22E3C-22146-C7\2026-08-23\motion\2026-08-23 12_11_17.json,e20ad8c8608f226f5f9aa7fd7c5b99a6cd586782d5135c503b2445ab6864cdf6,1787462276608,1787461877769,1787461920000,VALID,True,STRONG,False,True,3475.26,0.08169643456275359,0.08603516864110998,0.07427750670829213,0.9541666666666667,0.8832574074074074,0.8372277777777778,0.043081426918157625,0.03415279871103608,0.04010521751578378,2.03705252391665,1.0370525239166501,2.1452363051578023,20.274144444444445,24.0,1262,1,0.3333333333333333,SAME_CLOCK_BLEND
22146,E:\2-学术\2-项目\园上园项目\牛尾环项目\温度传感器专项算法\正常数据\0C3D5EA22E3C-22146-C7\2026-08-23\motion\2026-08-23 13_18_43.json,1d6eb02b2445dce88e301cdcd1d1589ae20bde19cd203bc3fc143535f82bd3d2,1787466319178,1787465923988,1787465940000,VALID,True,STRONG,False,False,3475.2,0.09877351816209945,0.08424910818945831,0.0812481398714873,0.9614333333333334,0.8845740740740741,0.837412037037037,0.04526204500523817,0.04830842483939957,0.04627750494995864,2.134374320069901,1.134374320069901,1.8205196732312945,20.27411111111111,24.0,1262,1,0.3333333333333333,SAME_CLOCK_BLEND
22146,E:\2-学术\2-项目\园上园项目\牛尾环项目\温度传感器专项算法\正常数据\0C3D5EA22E3C-22146-C7\2026-08-23\motion\2026-08-23 14_26_07.json,50c59eb88542feeb7fc6890b33e1fa6665d8ee03ebee276e5bde770464704761,1787470366939,1787469967754,1787470020000,VALID,True,STRONG,False,False,3475.12,0.10695620463509907,0.09734438225930993,0.091967495418847,0.9513444444444444,0.8811629629629629,0.8359694444444444,0.04719331983732934,0.03777696330059844,0.04405453432508571,2.4278137602329766,1.4278137602329766,2.2096336676944444,20.28426111111111,24.0,1263,1,0.3333333333333333,SAME_CLOCK_BLEND
22146,E:\2-学术\2-项目\园上园项目\牛尾环项目\温度传感器专项算法\正常数据\0C3D5EA22E3C-22146-C7\2026-08-23\motion\2026-08-23 15_33_34.json,74019c4dd5efd0be8b487af222e91b4be30737ec63ce57d97a34930253d8576d,1787474424559,1787474014094,1787474040000,VALID,True,STRONG,False,False,3475.12,0.15977169372676844,0.1286219964624119,0.10362563530773639,0.9586666666666667,0.8835740740740741,0.8652972222222223,0.05033726092637291,0.05084227440127091,0.05050559875133892,3.1634451957176895,2.1634451957176895,2.5466878849545784,20.27235,24.0,1262,1,0.3333333333333333,SAME_CLOCK_BLEND
22146,E:\2-学术\2-项目\园上园项目\牛尾环项目\温度传感器专项算法\正常数据\0C3D5EA22E3C-22146-C7\2026-08-23\motion\2026-08-23 16_41_06.json,bd6b7fa2c5c2eff03447f14ea79f9614ecea7a136ec7f52440e613007f217143,1787478459570,1787478066184,1787478120000,VALID,True,STRONG,False,False,3475.08,0.13055749353604348,0.13439809508086548,0.11118911431119648,0.9508944444444445,0.8802222222222222,0.8632694444444444,0.05572330186547744,0.03472306092674794,0.048723221552567614,2.6795743256669646,1.6795743256669646,2.758399194434691,20.25893888888889,24.0,1261,1,0.3333333333333333,SAME_CLOCK_BLEND
22146,E:\2-学术\2-项目\园上园项目\牛尾环项目\温度传感器专项算法\正常数据\0C3D5EA22E3C-22146-C7\2026-08-23\motion\2026-08-23 17_48_26.json,11b81abbd222252e14ca3ca623d951c7005a563eca71931d0a7c1e4b34588e32,1787482507220,1787482106513,1787482140000,VALID,True,ELEVATED,False,False,3475.08,0.08339225255830653,0.11254045411051679,0.11548245343299278,0.95655,0.8826444444444445,0.8642398148148148,0.06011277030698102,0.03680774475315623,0.052344428455706096,1.593144772396801,0.5931447723968011,2.1499987186935976,20.258872222222223,24.0,1261,1,0.3333333333333333,SAME_CLOCK_BLEND
22146,E:\2-学术\2-项目\园上园项目\牛尾环项目\温度传感器专项算法\正常数据\0C3D5EA22E3C-22146-C7\2026-08-23\motion\2026-08-23 18_55_54.json,397238a8f9e7a55f281ff6f7e64c7f11405e08d3b4fd628a43ab34d2377b3841,1787486524580,1787486154676,1787486160000,VALID,True,ELEVATED,False,False,3475.16,0.09139706841057599,0.1043348849666852,0.11796579045752759,0.9643944444444444,0.8854314814814814,0.86545,0.06231117315740209,0.0384513699257691,0.054357905413524435,1.6813942280387442,0.6813942280387442,1.9194059111175084,20.258850000000002,24.0,1261,1,0.3333333333333333,SAME_CLOCK_BLEND
22146,E:\2-学术\2-项目\园上园项目\牛尾环项目\温度传感器专项算法\正常数据\0C3D5EA22E3C-22146-C7\2026-08-23\motion\2026-08-23 20_02_52.json,a4a06d7164bd42e465d15bad46a7fde5bc162ddb41b5e3fa6b1e186d086b192f,1787490530960,1787490172555,1787490180000,VALID,True,LOW,False,False,3475.18,0.07389760501116477,0.08425928611401122,0.10453512881775096,0.9638055555555556,0.8873185185185185,0.8664564814814815,0.06486765901081115,0.02712883031894732,0.05228804944685655,1.4132790531089001,0.4132790531089001,1.611444431478534,20.274055555555556,24.0,1262,1,0.3333333333333333,SAME_CLOCK_BLEND
22146,E:\2-学术\2-项目\园上园项目\牛尾环项目\温度传感器专项算法\正常数据\0C3D5EA22E3C-22146-C7\2026-08-23\motion\2026-08-23 21_09_36.json,7fe024093ff51635e657c355990babb584d508194cdcd3dbe95b0c2e6fcc3245,1787494528382,1787494176902,1787494200000,VALID,True,LOW,False,False,3475.22,0.06400476715875462,0.07663716260547086,0.08987734778953363,0.9594722222222222,0.8899444444444444,0.8676787037037037,0.06705573708572618,0.037710430356995374,0.05727396817614925,1.117519340757121,0.1175193407571209,1.33808019674434,20.27636111111111,24.0,1262,1,0.3333333333333333,SAME_CLOCK_BLEND
22146,E:\2-学术\2-项目\园上园项目\牛尾环项目\温度传感器专项算法\正常数据\0C3D5EA22E3C-22146-C7\2026-08-23\motion\2026-08-23 22_16_17.json,3749acf389527a5aecc8f561c7c06bca8e8d239239fdafc46969672742121263,1787498531773,1787498177055,1787498220000,VALID,True,LOW,False,False,3475.18,0.06464620859606653,0.07056753273448303,0.08216339764727777,0.9539444444444445,0.8897407407407407,0.869075925925926,0.06834394204560056,0.02908713387463714,0.05525833932194609,1.1698905430260007,0.1698905430260007,1.2770476565237063,20.26278333333333,24.0,1261,1,0.3333333333333333,SAME_CLOCK_BLEND
22146,E:\2-学术\2-项目\园上园项目\牛尾环项目\温度传感器专项算法\正常数据\0C3D5EA22E3C-22146-C7\2026-08-23\motion\2026-08-23 23_22_59.json,cd5b2d77d2e87a1b3e39852fbb82fc62699f97ce3b54d6a81b0bfcaf23f209dd,1787502536962,1787502179618,1787502180000,VALID,True,LOW,False,False,3475.4,0.0225095020015516,0.052435616815852515,0.06732820180588893,0.9653888888888889,0.8936777777777778,0.8727092592592592,0.07005034118340177,0.03357985926204868,0.05789351387628408,0.3888087022952766,-0.6111912977047234,0.905725241136773,20.266927777777777,24.0,1261,1,0.3333333333333333,SAME_CLOCK_BLEND
22146,E:\2-学术\2-项目\园上园项目\牛尾环项目\温度传感器专项算法\正常数据\0C3D5EA22E3C-22146-C7\2026-08-24\motion\2026-08-24 00_29_43.json,4800a738ef2cc0911503481bc3c6d59eabaf3adb8e1b241545f5f6608f39966e,1787506554608,1787506183469,1787506200000,VALID,True,LOW,False,False,3475.14,0.0639170703014621,0.04920937332444986,0.059436940337773775,0.9612777777777778,0.891837037037037,0.8740175925925926,0.06957752285528035,0.03742586385883949,0.05886030318980007,1.0859113330652759,0.08591133306527587,0.8360366946423983,20.283111111111115,24.0,1262,1,0.3333333333333333,SAME_CLOCK_BLEND
22146,E:\2-学术\2-项目\园上园项目\牛尾环项目\温度传感器专项算法\正常数据\0C3D5EA22E3C-22146-C7\2026-08-24\motion\2026-08-24 01_36_41.json,3b750f335354dd4f31948c63aa89575c7e34a1fa2e020e3f4b96f4cef9d996f4,1787510553461,1787510201503,1787510220000,VALID,True,LOW,False,False,3475.24,0.036763912658745415,0.04295879181326302,0.05335322050616631,0.9607555555555556,0.8902537037037037,0.8739185185185185,0.0708709760817748,0.025852400000025318,0.05586478405452497,0.6580874388212656,-0.34191256117873436,0.76897803402112,20.295166666666667,24.0,1263,1,0.3333333333333333,SAME_CLOCK_BLEND
22146,E:\2-学术\2-项目\园上园项目\牛尾环项目\温度传感器专项算法\正常数据\0C3D5EA22E3C-22146-C7\2026-08-24\motion\2026-08-24 02_43_21.json,3312bf87234ffd6c0dcdc1ab90a00d8898e9d2bc4c3089c9b1621c56430e3288,1787514561853,1787514201695,1787514240000,VALID,True,LOW,False,False,3475.56,0.03863010608480158,0.044512103141605766,0.04836407751959767,0.9553388888888888,0.8889444444444444,0.8732101851851852,0.07131473376791055,0.030795270975889535,0.05780824617057021,0.6682455989205898,-0.33175440107941023,0.7699957374639499,20.295094444444445,24.0,1263,1,0.3333333333333333,SAME_CLOCK_BLEND
22146,E:\2-学术\2-项目\园上园项目\牛尾环项目\温度传感器专项算法\正常数据\0C3D5EA22E3C-22146-C7\2026-08-24\motion\2026-08-24 03_50_09.json,c589be5b26163479f24f21f3cb87f09b68b0fafa9afad6cb2dca8070e68d7d63,1787518560666,1787518209391,1787518260000,VALID,True,LOW,False,False,3475.36,0.03577588374095293,0.03834637943740882,0.04098634593208932,0.9518666666666666,0.8887759259259259,0.8723018518518518,0.07172465893717467,0.02041187842261594,0.054620398765655095,0.6549912587501749,-0.34500874124982506,0.702052352307628,20.3087,24.0,1264,1,0.3333333333333333,SAME_CLOCK_BLEND
22146,E:\2-学术\2-项目\园上园项目\牛尾环项目\温度传感器专项算法\正常数据\0C3D5EA22E3C-22146-C7\2026-08-24\motion\2026-08-24 04_56_48.json,593bef57b22d092c7f3b12fede3b93ad5fd036ed7916e180cf3aa09589d396e3,1787522600686,1787522208071,1787522220000,VALID,True,LOW,False,False,3475.14,0.07234761039660072,0.047762107297270956,0.04730227601449173,0.9625555555555556,0.8922907407407408,0.8741861111111111,0.07245000390818451,0.041900736266504285,0.0622669146942911,1.1618948963795994,0.16189489637959942,0.7670543422902242,20.310255555555557,24.0,1264,1,0.3333333333333333,SAME_CLOCK_BLEND
22146,E:\2-学术\2-项目\园上园项目\牛尾环项目\温度传感器专项算法\正常数据\0C3D5EA22E3C-22146-C7\2026-08-24\motion\2026-08-24 06_04_09.json,4c901ecf7b85b561f279fb8a1b302e75fbec6a61914348b95bf47d13bfebcab1,1787526630825,1787526249200,1787526300000,VALID,True,LOW,False,False,3474.88,0.07572035110910887,0.06338099643216208,0.05181281386322804,0.9516833333333333,0.8857259259259259,0.8708212962962963,0.07368710394562542,0.024290739474199192,0.05722164912181668,1.3232815249331786,0.32328152493317863,1.1076401572634342,20.305377777777778,24.0,1264,1,0.3333333333333333,SAME_CLOCK_BLEND
22146,E:\2-学术\2-项目\园上园项目\牛尾环项目\温度传感器专项算法\正常数据\0C3D5EA22E3C-22146-C7\2026-08-24\motion\2026-08-24 07_11_19.json,f5175fd2abc250452d1b1fcd73df5b6b987a890f32ad9f10d06e8d45dffe7dcc,1787530651920,1787530279234,1787530320000,VALID,True,ELEVATED,True,False,3475.26,0.11593209672521454,0.09299567362345865,0.06640578962916065,0.9545722222222223,0.8839388888888889,0.8707296296296296,0.07584615995936109,0.0607214329044055,0.0708045842743759,1.6373529752814358,0.6373529752814358,1.3134131719930693,20.292894444444443,24.0,1263,1,0.3333333333333333,SAME_CLOCK_BLEND
22146,E:\2-学术\2-项目\园上园项目\牛尾环项目\温度传感器专项算法\正常数据\0C3D5EA22E3C-22146-C7\2026-08-24\motion\2026-08-24 08_18_19.json,23d0fdeec223338d34892eba95102e55ec1cb72cea8e1f314b52ca5bbaf10821,1787534638531,1787534299566,1787534340000,VALID,True,LOW,False,False,3475.52,0.011510797486745048,0.06502604804146501,0.059981270939954194,0.9547388888888889,0.8857425925925926,0.8698185185185185,0.07833694209605732,0.05136695298534958,0.06934694572582141,0.1659885286405482,-0.8340114713594518,0.9376915934922351,20.29296111111111,24.0,1263,1,0.3333333333333333,SAME_CLOCK_BLEND
22146,E:\2-学术\2-项目\园上园项目\牛尾环项目\温度传感器专项算法\正常数据\0C3D5EA22E3C-22146-C7\2026-08-24\motion\2026-08-24 09_24_47.json,05c6684534deb1563f5116465b2a19942d2135e4fcea098a16b0b8aa49022739,1787538663544,1787538287326,1787538300000,VALID,True,LOW,False,False,3475.32,0.07417227489637428,0.07059476605367587,0.06649782271136963,0.9623944444444444,0.8920666666666667,0.871925,0.07641933569226386,0.08233199609869073,0.07839022249440615,0.9461929375397186,-0.05380706246028144,0.9005557556455902,20.309105555555554,24.0,1264,1,0.3333333333333333,SAME_CLOCK_BLEND
22146,E:\2-学术\2-项目\园上园项目\牛尾环项目\温度传感器专项算法\正常数据\0C3D5EA22E3C-22146-C7\2026-08-24\motion\2026-08-24 10_31_51.json,efdf8c6ef9f269331e1f093b3b36c6a94a21a8f0229f08f59a90edd0f842074e,1787542633506,1787542311532,1787542320000,VALID,True,LOW,False,False,3475.38,0.02383789869821801,0.03934590043912169,0.06284743657228471,0.9635833333333333,0.8921148148148148,0.871037037037037,0.07552960682492654,0.06774345314898009,0.07163652998695332,0.3327617725559774,-0.6672382274440226,0.5492435276567346,20.48701111111111,24.0,1275,2,0.5,SAME_CLOCK_BLEND
22146,E:\2-学术\2-项目\园上园项目\牛尾环项目\温度传感器专项算法\正常数据\0C3D5EA22E3C-22146-C7\2026-08-24\motion\2026-08-24 11_38_04.json,341723e59fe7d17b356709223fe59607146231e5c52acbe784af014c21b84343,1787546591859,1787546284357,1787546340000,VALID,True,LOW,False,False,3475.62,0.0006943073663234801,0.03142199248905392,0.047750165737448835,0.9505444444444444,0.889325925925926,0.8719472222222222,0.07245250500570415,0.046483636166626666,0.059468070586165406,0.011675296667267411,-0.9883247033327326,0.5283842603153818,20.516305555555558,24.0,1277,2,0.5,SAME_CLOCK_BLEND
22146,E:\2-学术\2-项目\园上园项目\牛尾环项目\温度传感器专项算法\正常数据\0C3D5EA22E3C-22146-C7\2026-08-24\motion\2026-08-24 14_56_06.json,264f045b37882124da966dee0fa566ce01f8a65ba1c942aaa31dfdbcaced718c,1787558487704,1787558166753,1787558220000,VALID,True,LOW,False,False,3475.58,0.009394320712873354,,,0.9512,0.32181296296296297,0.5573046296296297,0.06543362356107632,0.09272871272294812,0.07908116814201221,0.1187933983980009,-0.881206601601999,,18.67133888888889,24.0,1162,2,0.5,SAME_CLOCK_BLEND
22146,E:\2-学术\2-项目\园上园项目\牛尾环项目\温度传感器专项算法\正常数据\0C3D5EA22E3C-22146-C7\2026-08-24\motion\2026-08-24 16_02_13.json,38d961f1c3bfceacdaa060058db8ae54b864335cf8a49fe7af9c9603cc3a9edf,1787562446861,1787562133163,1787562180000,VALID,True,LOW,False,False,3475.56,0.0006466243273110581,,,0.9529722222222222,0.6436240740740741,0.5601935185185185,0.058776520570772914,0.070614418190371,0.06469546938057195,0.009994893514216303,-0.9900051064857837,,18.699988888888885,24.0,1164,2,0.5,SAME_CLOCK_BLEND
22146,E:\2-学术\2-项目\园上园项目\牛尾环项目\温度传感器专项算法\正常数据\0C3D5EA22E3C-22146-C7\2026-08-24\motion\2026-08-24 20_25_33.json,ef36e319c30e067b2d0aa3ef04e206edb2f1f20dc22acf2ae6746d1563193554,1787578215988,1787577933049,1787577960000,VALID,True,LOW,False,False,3475.52,0.0011370045184695308,,,0.9584833333333334,0.32180740740740743,0.4025712962962963,0.04628586912912648,0.04813775248696907,0.047211810808047774,0.024083052503373073,-0.9759169474966269,,15.919455555555555,24.0,991,2,0.5,SAME_CLOCK_BLEND
22146,E:\2-学术\2-项目\园上园项目\牛尾环项目\温度传感器专项算法\正常数据\0C3D5EA22E3C-22146-C7\2026-08-24\motion\2026-08-24 21_31_03.json,bcbed59a4a94e5a8fcc14c1f2592672f35f6ae515011b2053702c2b7954bda96,1787582142698,1787581863557,1787581920000,VALID,True,LOW,False,False,3475.62,0.0006253972851046153,,,0.9503222222222222,0.6436240740740741,0.40287407407407405,0.04215986559608051,0.05818917461587092,0.050174520105975715,0.012464439795013235,-0.9875355602049868,,15.936188888888887,24.0,992,2,0.5,SAME_CLOCK_BLEND
22146,E:\2-学术\2-项目\园上园项目\牛尾环项目\温度传感器专项算法\正常数据\0C3D5EA22E3C-22146-C7\2026-08-24\motion\2026-08-24 22_36_33.json,b013a51ed0aac9597a0690d9fd953768706cf8a1d9b25dcce00ba43d4a8c6300,1787586065114,1787585793645,1787585820000,VALID,True,LOW,False,False,3475.72,0.0006526183623352762,0.0008146498919415744,,0.9587055555555556,0.9041407407407407,0.482725,0.03764934303964107,0.041464190044582495,0.03955676654211178,0.016498273731259217,-0.9835017262687408,0.02059445104225861,15.96849444444444,24.0,994,2,0.5,SAME_CLOCK_BLEND
22146,E:\2-学术\2-项目\园上园项目\牛尾环项目\温度传感器专项算法\正常数据\0C3D5EA22E3C-22146-C7\2026-08-24\motion\2026-08-24 23_41_55.json,1d255dfa0b3dee87eb009fbc073d177f4faf2919749242d34b2602e8149e128d,1787589988232,1787589715620,1787589720000,VALID,True,LOW,False,False,3475.62,0.0006456034852692178,0.0006420727538523003,,0.9647777777777777,0.9067851851851851,0.6436333333333333,0.034635533507482254,0.031219896636596224,0.03292771507203924,0.019606689497183964,-0.9803933105028161,0.019499462761007676,15.984688888888886,24.0,995,2,0.5,SAME_CLOCK_BLEND
22225,E:\2-学术\2-项目\园上园项目\牛尾环项目\温度传感器专项算法\正常数据\546C50CA00B6-22225-D4\2026-08-19\motion\2026-08-19 17_04_50.json,eb0099fb02b74ca6463ec3f2959c5088942ad2381b5bf50f4916d2bd473562e4,1787134171503,1787133890110,1787133900000,INSUFFICIENT_HISTORY,False,UNAVAILABLE,False,False,3475.06,0.09217789520550883,,,0.9631055555555555,0.32176481481481484,0.16088240740740742,,,,,,,0.0,0.016666666666666666,0,0,0.0,INSUFFICIENT_HISTORY
22225,E:\2-学术\2-项目\园上园项目\牛尾环项目\温度传感器专项算法\正常数据\546C50CA00B6-22225-D4\2026-08-20\motion\2026-08-20 09_41_46.json,63eec7148322a2801e0d55b43edca7694cf518b87d38450903131f76863abec0,1787194080741,1787193706717,1787193720000,INSUFFICIENT_HISTORY,False,UNAVAILABLE,False,False,3474.96,0.07094141745178842,,,0.9621277777777778,0.3217555555555556,0.1608777777777778,,,,,,,0.9631055555555555,16.633333333333333,60,0,0.0,INSUFFICIENT_HISTORY
22225,E:\2-学术\2-项目\园上园项目\牛尾环项目\温度传感器专项算法\正常数据\546C50CA00B6-22225-D4\2026-08-20\motion\2026-08-20 10_48_38.json,93c2935114552f895708682fc64b9b1863d072eaafbe3f83faf2f32594a02e13,1787198088417,1787197718651,1787197740000,PROVISIONAL,True,LOW,False,False,3475.16,0.043344053179970296,,,0.9599388888888889,0.6435296296296297,0.32176481481481484,0.08156504906615905,,0.08156504906615905,0.5314047337213401,-0.4685952662786599,,1.925233333333333,17.75,120,0,0.0,PROVISIONAL_SAME_DAY
22225,E:\2-学术\2-项目\园上园项目\牛尾环项目\温度传感器专项算法\正常数据\546C50CA00B6-22225-D4\2026-08-20\motion\2026-08-20 11_55_32.json,8d5f659bb606ae942f7008adc74e098a2bb9b519a5ed3c9782356c970ce0527e,1787202097955,1787201732931,1787201760000,PROVISIONAL,True,LOW,False,False,3475.08,0.05337003734379052,0.056270416326098895,,0.9583277777777778,0.8891740740740741,0.48264814814814816,0.06893949499914209,,0.06893949499914209,0.7741576485939544,-0.22584235140604558,0.8162290183123497,2.8744388888888888,18.866666666666667,179,0,0.0,PROVISIONAL_SAME_DAY
22225,E:\2-学术\2-项目\园上园项目\牛尾环项目\温度传感器专项算法\正常数据\546C50CA00B6-22225-D4\2026-08-20\motion\2026-08-20 13_02_24.json,4f29989904a06ddb0848d33ce5116ad3d5a524a0d4ba35d020922d2470bc039a,1787206101092,1787205744938,1787205780000,PROVISIONAL,True,LOW,False,False,3475.1,0.05154551750246328,0.05003045408360414,,0.9561166666666666,0.8884296296296297,0.6435324074074074,0.06511267862522249,,0.06511267862522249,0.7916356474773601,-0.20836435252263985,0.7683673155511068,3.8236166666666653,19.983333333333334,238,0,0.0,PROVISIONAL_SAME_DAY
22225,E:\2-学术\2-项目\园上园项目\牛尾环项目\温度传感器专项算法\正常数据\546C50CA00B6-22225-D4\2026-08-20\motion\2026-08-20 14_09_08.json,ba643133a3fa1f297003aea3306a87c703c4aa4e3f41efc0a06831cb902e4ae6,1787210117360,1787209748590,1787209800000,PROVISIONAL,True,LOW,False,False,3475.16,0.06923730089754715,0.058231713179221475,0.05759254391725159,0.9515888888888889,0.8879092592592592,0.8044194444444445,0.06239288867223831,,0.06239288867223831,1.1096985949995655,0.10969859499956547,0.9333068947187831,4.786544444444444,21.1,298,0,0.0,PROVISIONAL_SAME_DAY
22225,E:\2-学术\2-项目\园上园项目\牛尾环项目\温度传感器专项算法\正常数据\546C50CA00B6-22225-D4\2026-08-20\motion\2026-08-20 15_16_05.json,d141c98633aaf2e5af25cdc50e189af176107546d9d1f6da151d380ff02e9aad,1787214129415,1787213765143,1787213820000,PROVISIONAL,True,LOW,False,False,3475.0,0.06493194991474782,0.06357065002437036,0.05662996589646238,0.9505888888888889,0.8871629629629629,0.8709324074074074,0.06355802335447118,,0.06355802335447118,1.021616886236598,0.021616886236597965,1.0001986636656204,5.750438888888888,22.216666666666665,358,0,0.0,PROVISIONAL_SAME_DAY
22225,E:\2-学术\2-项目\园上园项目\牛尾环项目\温度传感器专项算法\正常数据\546C50CA00B6-22225-D4\2026-08-20\motion\2026-08-20 16_22_55.json,b6c8d09d3e5540ef8e0784906a8b504e588f71c7281fd877950666aab351a06a,1787218153504,1787217775770,1787217780000,PROVISIONAL,True,ELEVATED,True,False,3475.02,0.10192772479442211,0.0823014408966155,0.06644377653968828,0.9646611111111111,0.8910018518518519,0.8732351851851852,0.06375506733257638,,0.06375506733257638,1.598739191391944,0.598739191391944,1.2909003839223088,6.699599999999999,23.316666666666666,417,0,0.0,PROVISIONAL_SAME_DAY
22225,E:\2-学术\2-项目\园上园项目\牛尾环项目\温度传感器专项算法\正常数据\546C50CA00B6-22225-D4\2026-08-20\motion\2026-08-20 17_29_59.json,9a04c29789b15b27e4603f34ce39eca6f923bed119ce69dc9be231b38e188b26,1787222185082,1787221799840,1787221800000,PROVISIONAL,True,ELEVATED,False,False,3475.0,0.09378462275774593,0.08707310889649766,0.07342593323021426,0.9652777777777778,0.8906685185185185,0.8729703703703704,0.061925377781561146,,0.061925377781561146,1.514478007523293,0.5144780075232931,1.406097338697617,7.262072222222222,24.0,452,0,0.0,PROVISIONAL_SAME_DAY
22225,E:\2-学术\2-项目\园上园项目\牛尾环项目\温度传感器专项算法\正常数据\546C50CA00B6-22225-D4\2026-08-20\motion\2026-08-20 18_37_11.json,35d849c91cc92984cfaa7acb9ec3871c58e42aa601553cb8b68979b0416c385d,1787226206021,1787225831402,1787225880000,PROVISIONAL,True,LOW,False,False,3475.08,0.07143173550300246,0.08731280274067123,0.07860114675326686,0.95235,0.884637037037037,0.8699148148148148,0.06870570196724314,,0.06870570196724314,1.039676962140042,0.039676962140041905,1.2708232394204984,7.679383333333332,24.0,478,0,0.0,PROVISIONAL_SAME_DAY
22225,E:\2-学术\2-项目\园上园项目\牛尾环项目\温度传感器专项算法\正常数据\546C50CA00B6-22225-D4\2026-08-20\motion\2026-08-20 19_44_11.json,3e5d630b6becc378a0875950336d06a648e5aaad04f1dfff4b372ac1e8ed8400,1787230208696,1787229851824,1787229900000,PROVISIONAL,True,LOW,False,False,3475.22,0.0338857919950431,0.054347021254177966,0.07128465518318464,0.9525055555555556,0.88485,0.8691629629629629,0.06895491344733674,,0.06895491344733674,0.4914195421465195,-0.5085804578534805,0.7881529906593918,8.641399999999999,24.0,538,0,0.0,PROVISIONAL_SAME_DAY
22225,E:\2-学术\2-项目\园上园项目\牛尾环项目\温度传感器专项算法\正常数据\546C50CA00B6-22225-D4\2026-08-20\motion\2026-08-20 20_50_55.json,bb7d7b0e1766058d8d5c372cca964a4cba67d9d84778b79e7f7b72eb401e2774,1787234220889,1787233855321,1787233860000,PROVISIONAL,True,LOW,False,False,3475.06,0.06865376520782099,0.05833237468800881,0.07281313202766816,0.9645444444444444,0.8912851851851852,0.8716842592592593,0.06547245491081635,,0.06547245491081635,1.0485900567091622,0.048590056709162166,0.8909452802322222,9.59062222222222,24.0,597,0,0.0,PROVISIONAL_SAME_DAY
22225,E:\2-学术\2-项目\园上园项目\牛尾环项目\温度传感器专项算法\正常数据\546C50CA00B6-22225-D4\2026-08-20\motion\2026-08-20 21_57_45.json,1f9385183a8aab97ca739fe040a9b5c20d2bf2ec3bafca84d904529b615061b3,1787238229188,1787237865950,1787237880000,PROVISIONAL,True,LOW,False,False,3475.36,0.030208973860694113,0.045656606532155926,0.06121533732728635,0.9620222222222222,0.8913388888888889,0.8713601851851852,0.06576316705870881,,0.06576316705870881,0.4593600827302862,-0.5406399172697138,0.6942580257942392,10.555166666666668,24.0,657,0,0.0,PROVISIONAL_SAME_DAY
22225,E:\2-学术\2-项目\园上园项目\牛尾环项目\温度传感器专项算法\正常数据\546C50CA00B6-22225-D4\2026-08-20\motion\2026-08-20 23_04_36.json,b1d241d1c6ba3bc10765e5159de52bde24b6311d0ee7b6509a334482d205366f,1787242227580,1787241876855,1787241900000,PROVISIONAL,True,LOW,False,False,3475.14,0.022344907272565197,0.03969194165106484,0.04666162096479781,0.9594388888888888,0.8900037037037037,0.8714675925925925,0.06279335174356103,,0.06279335174356103,0.35584829686777303,-0.644151703132227,0.6321042044890516,11.517188888888887,24.0,717,0,0.0,PROVISIONAL_SAME_DAY
22225,E:\2-学术\2-项目\园上园项目\牛尾环项目\温度传感器专项算法\正常数据\546C50CA00B6-22225-D4\2026-08-21\motion\2026-08-21 00_11_15.json,ce873d0c9d7886fd33ae7f034db26200634682fcf961cc1ccbbdc89e3a7b5465,1787246230403,1787245875559,1787245920000,PROVISIONAL,True,LOW,False,False,3475.4,0.043684725167848104,0.03308841723985457,0.04232802473660238,0.9535944444444444,0.8891574074074075,0.8720148148148148,0.05965226111226075,,0.05965226111226075,0.7323230394508763,-0.2676769605491237,0.5546883994486786,12.478183333333334,24.0,777,0,0.0,PROVISIONAL_SAME_DAY
22225,E:\2-学术\2-项目\园上园项目\牛尾环项目\温度传感器专项算法\正常数据\546C50CA00B6-22225-D4\2026-08-21\motion\2026-08-21 01_17_56.json,c7a3bce873ee5b6cf21403a5443c0a2be0dad99a9af07c20bf98679d8febd277,1787250229325,1787249876504,1787249880000,PROVISIONAL,True,LOW,False,False,3475.04,0.04201345317822989,0.03749572851963913,0.040807995119092354,0.9648666666666667,0.8936592592592593,0.8747092592592592,0.0585272942189849,,0.0585272942189849,0.7178437639886946,-0.28215623601130535,0.6406537158431695,13.427455555555552,24.0,836,0,0.0,PROVISIONAL_SAME_DAY
22225,E:\2-学术\2-项目\园上园项目\牛尾环项目\温度传感器专项算法\正常数据\546C50CA00B6-22225-D4\2026-08-21\motion\2026-08-21 02_24_35.json,af7f0e1cb7117295ed22273319fbe5575093a5a2a3b3b72a93af2c3a074ebebc,1787254226756,1787253875190,1787253900000,PROVISIONAL,True,LOW,False,False,3475.24,0.032065450442859085,0.03709799273349519,0.035144726447318794,0.959,0.8916907407407407,0.8740444444444444,0.0574202001369573,,0.0574202001369573,0.5584350170563205,-0.4415649829436795,0.6460791262484272,14.392322222222221,24.0,896,0,0.0,PROVISIONAL_SAME_DAY
22225,E:\2-学术\2-项目\园上园项目\牛尾环项目\温度传感器专项算法\正常数据\546C50CA00B6-22225-D4\2026-08-21\motion\2026-08-21 03_31_12.json,610e9d27f8a5444cdc43eb604d379ca9f6376fabe8674094f5b7414562606146,1787258222584,1787257872244,1787257920000,PROVISIONAL,True,LOW,False,False,3475.26,0.041108541566314216,0.03833498205670006,0.03581789819945045,0.9526333333333333,0.8901166666666667,0.873612962962963,0.05583312420689899,,0.05583312420689899,0.7362751440162946,-0.26372485598370543,0.686599265243395,15.35426111111111,24.0,956,0,0.0,PROVISIONAL_SAME_DAY
22225,E:\2-学术\2-项目\园上园项目\牛尾环项目\温度传感器专项算法\正常数据\546C50CA00B6-22225-D4\2026-08-21\motion\2026-08-21 04_37_50.json,f068391a514265a943b2f35b9bc6163cb5b11e3a96fbc6983de54c92680923ea,1787262221467,1787261870645,1787261880000,PROVISIONAL,True,LOW,False,False,3475.1,0.03782178547014502,0.035493860922169426,0.038476388643027076,0.96325,0.8935037037037037,0.8758703703703704,0.05497724591499324,,0.05497724591499324,0.6879534403856045,-0.31204655961439554,0.6456100215905802,16.30349444444444,24.0,1015,0,0.0,PROVISIONAL_SAME_DAY
22225,E:\2-学术\2-项目\园上园项目\牛尾环项目\温度传感器专项算法\正常数据\546C50CA00B6-22225-D4\2026-08-21\motion\2026-08-21 05_44_25.json,014f7623091d8742b3b406c07241e98eb70af58d1905c70946b8e279688ff8f2,1787266224870,1787265865882,1787265900000,PROVISIONAL,True,LOW,False,False,3475.08,0.0540335735933471,0.04566500371944294,0.04032323144657781,0.9563722222222222,0.8913611111111112,0.8748731481481481,0.05402020405185169,,0.05402020405185169,1.0002474915030417,0.00024749150304170797,0.8453319368362816,17.266744444444445,24.0,1075,0,0.0,PROVISIONAL_SAME_DAY
22225,E:\2-学术\2-项目\园上园项目\牛尾环项目\温度传感器专项算法\正常数据\546C50CA00B6-22225-D4\2026-08-21\motion\2026-08-21 06_51_11.json,d7b06444852413423d71e21d720d15ae2538a56026f2bb05d154447b4ecff3cd,1787270225398,1787269871909,1787269920000,PROVISIONAL,True,LOW,False,False,3475.12,0.05697298765746499,0.05056748043631254,0.04459022428896781,0.9525,0.8895425925925926,0.8740842592592593,0.05402111518591355,,0.05402111518591355,1.054642938439767,0.054642938439767086,0.9360687994367511,18.228738888888888,24.0,1135,0,0.0,PROVISIONAL_SAME_DAY
22225,E:\2-学术\2-项目\园上园项目\牛尾环项目\温度传感器专项算法\正常数据\546C50CA00B6-22225-D4\2026-08-21\motion\2026-08-21 07_57_52.json,b7216bd9eb1c46453a7eec115a1650bec7a32e2f48092c6473a022d2a2c49c90,1787274236937,1787273872934,1787273880000,PROVISIONAL,True,LOW,False,False,3475.08,0.07945362247118032,0.06379465826041557,0.05073951534555118,0.9638888888888889,0.892612962962963,0.8757768518518518,0.054151938420967625,,0.054151938420967625,1.4672350572849648,0.46723505728496484,1.1780678609228563,19.17792777777778,24.0,1194,0,0.0,PROVISIONAL_SAME_DAY
22225,E:\2-学术\2-项目\园上园项目\牛尾环项目\温度传感器专项算法\正常数据\546C50CA00B6-22225-D4\2026-08-21\motion\2026-08-21 09_04_43.json,2fa28196f4f90f3d581242dcd6fcbdeef6875056adb21ec90a97c14d53d269f8,1787278217739,1787277883422,1787277900000,PROVISIONAL,True,ELEVATED,True,False,3475.08,0.08842521308171941,0.07808629583916062,0.060696394330017917,0.9612444444444445,0.8913185185185185,0.874700925925926,0.05536275334048469,,0.05536275334048469,1.597196810966,0.597196810966,1.4104482007772374,20.141816666666664,24.0,1254,0,0.0,PROVISIONAL_SAME_DAY
22225,E:\2-学术\2-项目\园上园项目\牛尾环项目\温度传感器专项算法\正常数据\546C50CA00B6-22225-D4\2026-08-21\motion\2026-08-21 10_11_03.json,d4a14c3b38aa00ab45b9bde0288c523f2e52a2965656e0df7c0fba9887460d1b,1787282223877,1787281863314,1787281920000,VALID,True,ELEVATED,False,False,3475.12,0.10290528233976452,0.08668009937106298,0.0731561513516805,0.9501111111111111,0.8897574074074074,0.8737962962962963,0.05636365115425071,0.052909702064789496,0.05521233479109698,1.8638096492227685,0.8638096492227685,1.5699408420061995,20.635627777777778,24.0,1285,1,0.3333333333333333,SAME_CLOCK_BLEND
22225,E:\2-学术\2-项目\园上园项目\牛尾环项目\温度传感器专项算法\正常数据\546C50CA00B6-22225-D4\2026-08-21\motion\2026-08-21 11_17_51.json,8d1967072464c8b075d0e88f5ca695dcb9183a39910235755bf9055779a3bced,1787286233291,1787285871180,1787285880000,VALID,True,LOW,False,False,3475.1,0.08256526639468399,0.09373732364741073,0.07971124198998131,0.9634055555555555,0.894237037037037,0.8753324074074074,0.05868343836559172,0.04777353937399631,0.05504680536839325,1.4999102280709513,0.4999102280709513,1.70286582518434,20.63875,24.0,1285,1,0.3333333333333333,SAME_CLOCK_BLEND
22225,E:\2-学术\2-项目\园上园项目\牛尾环项目\温度传感器专项算法\正常数据\546C50CA00B6-22225-D4\2026-08-21\motion\2026-08-21 12_24_37.json,5a22353322f141281c385bb84e06553f81e54d9cc0706d950062389f29c3ce9e,1787290247505,1787289877971,1787289900000,VALID,True,STRONG,True,True,3475.12,0.11275471783295178,0.1008657457726308,0.09156123134376383,0.9597388888888889,0.8905296296296297,0.8746879629629629,0.06002999264037775,0.04230549799296987,0.054121827757908456,2.083350147325276,1.0833501473252758,1.8636795901241892,20.652988888888892,24.0,1286,1,0.3333333333333333,SAME_CLOCK_BLEND
22225,E:\2-学术\2-项目\园上园项目\牛尾环项目\温度传感器专项算法\正常数据\546C50CA00B6-22225-D4\2026-08-21\motion\2026-08-21 13_31_33.json,a54483837b25f329670931349029ca1653cf0668245b3173e562b98f10a4c1e6,1787294265503,1787293893860,1787293920000,VALID,True,LOW,False,False,3475.06,0.07316493694965277,0.09022390102535233,0.08806476450177701,0.9585833333333333,0.8895907407407407,0.8739018518518519,0.06328120345827953,0.053561188730453436,0.060041198549004166,1.2185788877938093,0.2185788877938093,1.5026998661879438,20.652977777777778,24.0,1286,1,0.3333333333333333,SAME_CLOCK_BLEND
22225,E:\2-学术\2-项目\园上园项目\牛尾环项目\温度传感器专项算法\正常数据\546C50CA00B6-22225-D4\2026-08-21\motion\2026-08-21 14_38_28.json,6e7195268a9989295ac074ab4d0066b020479ac55e98a05e0dda95ad3f883f87,1787298284047,1787297908995,1787297940000,VALID,True,LOW,False,False,3475.1,0.06173796555185458,0.08286493077009349,0.08970548916682038,0.9572444444444445,0.8883703703703704,0.8734638888888889,0.06344007832696846,0.06319165642785339,0.06335727102726343,0.9744416789240805,-0.025558321075919488,1.3078993054236137,20.639227777777776,24.0,1285,1,0.3333333333333333,SAME_CLOCK_BLEND
22225,E:\2-学术\2-项目\园上园项目\牛尾环项目\温度传感器专项算法\正常数据\546C50CA00B6-22225-D4\2026-08-21\motion\2026-08-21 15_45_29.json,3514ff38b3a7fa1a812015128535d10f100c0dbbd72691ea4ae0f1205939c821,1787302301358,1787301929801,1787301960000,VALID,True,LOW,False,False,3475.1,0.05828648949678262,0.06633935729598515,0.08093446525844128,0.9574666666666667,0.8879925925925926,0.8716101851851852,0.06339888557077387,0.07605906956204483,0.06761894690119753,0.8619845792917896,-0.13801542070821038,0.9810764635674958,20.624527777777775,24.0,1284,1,0.3333333333333333,SAME_CLOCK_BLEND
22225,E:\2-学术\2-项目\园上园项目\牛尾环项目\温度传感器专项算法\正常数据\546C50CA00B6-22225-D4\2026-08-21\motion\2026-08-21 16_52_27.json,2cebd113fa5d34eccd466eb9ea0e7db4db506257c2915f21b2a2fddc541f6fde,1787306301755,1787305947038,1787305980000,VALID,True,LOW,False,False,3475.08,0.04257249283039119,0.052402490525372575,0.07126030096267398,0.9566944444444444,0.8875388888888889,0.8711416666666667,0.06220266252766351,0.1177951660848133,0.08999891430623841,0.47303340444230463,-0.5269665955576954,0.5822569186452977,20.608455555555555,24.0,1283,2,0.5,SAME_CLOCK_BLEND
22225,E:\2-学术\2-项目\园上园项目\牛尾环项目\温度传感器专项算法\正常数据\546C50CA00B6-22225-D4\2026-08-21\motion\2026-08-21 17_59_06.json,fde63aa9cdb17f3a8e038cf42310816042948db15e9976ebe2e34b8e309ee15e,1787310298405,1787309946489,1787310000000,VALID,True,LOW,False,False,3475.5,0.017744421117839554,0.03770013475002888,0.05275305761340701,0.9511055555555555,0.88765,0.8705444444444445,0.05888722372004161,0.0549426960279997,0.05757238115602764,0.3082106517316033,-0.6917893482683968,0.6548302153398392,20.607277777777774,24.0,1283,1,0.3333333333333333,SAME_CLOCK_BLEND
22225,E:\2-学术\2-项目\园上园项目\牛尾环项目\温度传感器专项算法\正常数据\546C50CA00B6-22225-D4\2026-08-21\motion\2026-08-21 19_05_45.json,33e659322238324cddfbf30768da33d222b10627b76b2e8a67b2e2a383b76953,1787314332659,1787313945505,1787313960000,VALID,True,LOW,False,False,3475.18,0.059057277445203456,0.03850026511775426,0.05111716441081983,0.9618444444444444,0.8927648148148148,0.8730425925925926,0.05708694343620014,0.06425594567733092,0.059476610849910405,0.9929496082793766,-0.0070503917206233835,0.6473177366294445,20.610566666666664,24.0,1283,1,0.3333333333333333,SAME_CLOCK_BLEND
22225,E:\2-学术\2-项目\园上园项目\牛尾环项目\温度传感器专项算法\正常数据\546C50CA00B6-22225-D4\2026-08-21\motion\2026-08-21 20_12_55.json,2596a377c7f123202354269269737d89fec0e0c14303c26a057f0a1eb50a244b,1787318339356,1787317975464,1787317980000,VALID,True,LOW,False,False,3475.28,0.041425124492351306,0.041567151613617355,0.04511513188362118,0.9646444444444444,0.890874074074074,0.8728259259259259,0.056992913826018,0.06438446093334194,0.05945676286179265,0.696726873419666,-0.303273126580334,0.6991156197023419,20.61036111111111,24.0,1283,1,0.3333333333333333,SAME_CLOCK_BLEND
22225,E:\2-学术\2-项目\园上园项目\牛尾环项目\温度传感器专项算法\正常数据\546C50CA00B6-22225-D4\2026-08-21\motion\2026-08-21 21_19_45.json,4015a18cecf5559b4625f6b95f8589ec8f6f7af4c974f3783df6abcf0fb0faff,1787322342435,1787321985980,1787322000000,VALID,True,LOW,False,False,3474.92,0.04021446710136787,0.044984588490889495,0.04177583975109302,0.9619055555555556,0.8890777777777777,0.8728555555555556,0.05596275448731305,0.03675418356512532,0.049559897513250475,0.8114316033566457,-0.18856839664335434,0.9076812251046784,20.609716666666664,24.0,1283,1,0.3333333333333333,SAME_CLOCK_BLEND
22225,E:\2-学术\2-项目\园上园项目\牛尾环项目\温度传感器专项算法\正常数据\546C50CA00B6-22225-D4\2026-08-21\motion\2026-08-21 22_26_28.json,4a38dffcf33da2240a4d54eefdb045905f2e1e3eb6273dae5ae9e9922ca70c7e,1787326345374,1787325988268,1787326020000,VALID,True,LOW,False,False,3474.96,0.04692828327156983,0.04203098567927372,0.03907634183961612,0.957,0.8899722222222223,0.872725,0.056181739308957174,0.027560797113960964,0.04664142524395844,1.006150284347251,0.006150284347250956,0.9011514004863752,20.607044444444444,24.0,1283,1,0.3333333333333333,SAME_CLOCK_BLEND
22225,E:\2-学术\2-项目\园上园项目\牛尾环项目\温度传感器专项算法\正常数据\546C50CA00B6-22225-D4\2026-08-21\motion\2026-08-21 23_33_11.json,bb336e6b5effb11d142d8aea12bdd93a9331e8fb7ce5f7e5003f77a110d29ab4,1787330351839,1787329991659,1787330040000,VALID,True,LOW,False,False,3475.12,0.04174992825319428,0.04489325273400168,0.0444598094098453,0.9524333333333334,0.8890851851851852,0.8717611111111111,0.057167439996868026,0.04318485133318047,0.05250657710897218,0.7951371152331346,-0.20486288476686543,0.8550024626596817,20.607088888888885,24.0,1283,1,0.3333333333333333,SAME_CLOCK_BLEND
22225,E:\2-学术\2-项目\园上园项目\牛尾环项目\温度传感器专项算法\正常数据\546C50CA00B6-22225-D4\2026-08-22\motion\2026-08-22 00_39_55.json,65b77c0532110b56a9158ed491854d97323291f1867da2b5b5f5deead253be45,1787334355841,1787333995671,1787334000000,VALID,True,LOW,False,False,3475.16,0.04768189457467115,0.04587017252472474,0.0445725402267876,0.9646666666666667,0.8928277777777778,0.873562037037037,0.057119738489524126,0.032050721511607504,0.048763399496885254,0.9778213796951711,-0.022178620304828867,0.9406680624810556,20.611344444444445,24.0,1283,1,0.3333333333333333,SAME_CLOCK_BLEND
22225,E:\2-学术\2-项目\园上园项目\牛尾环项目\温度传感器专项算法\正常数据\546C50CA00B6-22225-D4\2026-08-22\motion\2026-08-22 01_46_40.json,f7872b13a7916992bcd138cf76efc2d7958f11b6c0cc74151eba25e8cfa24337,1787338347835,1787338000782,1787338020000,VALID,True,LOW,False,False,3475.14,0.029961531613656466,0.040045373060011345,0.040799198004944776,0.9605277777777778,0.8913111111111112,0.8740175925925926,0.057802030831491255,0.049719062992153396,0.05510770821837864,0.5436903943623658,-0.45630960563763423,0.7266746223835172,20.610694444444444,24.0,1283,1,0.3333333333333333,SAME_CLOCK_BLEND
22225,E:\2-学术\2-项目\园上园项目\牛尾环项目\温度传感器专项算法\正常数据\546C50CA00B6-22225-D4\2026-08-22\motion\2026-08-22 02_53_14.json,c06406b8c8e068cf21d27664820dc79a4fc6b3dc4add98ecb6ed696acc017cf0,1787342353860,1787341994396,1787342040000,VALID,True,LOW,False,False,3475.0,0.02946916513895482,0.0346396283898522,0.04028089584058528,0.9531555555555555,0.8900074074074074,0.8735731481481481,0.057038267928783686,0.03288854847876577,0.048988361445444384,0.6015544155681343,-0.39844558443186573,0.7070991428939387,20.60712777777778,24.0,1283,1,0.3333333333333333,SAME_CLOCK_BLEND
22225,E:\2-学术\2-项目\园上园项目\牛尾环项目\温度传感器专项算法\正常数据\546C50CA00B6-22225-D4\2026-08-22\motion\2026-08-22 03_59_59.json,5851559e389ab6818536d5468584433173403ce162594ebaba0046f00c57f819,1787346352147,1787345999347,1787346000000,VALID,True,LOW,False,False,3475.12,0.03587109933731444,0.03239600039962814,0.038231019960025446,0.9653111111111111,0.8939944444444444,0.8754416666666667,0.05685419663113951,0.03517286925083952,0.04962708750437285,0.7228129060395431,-0.27718709396045693,0.6527886690262368,20.61040555555556,24.0,1283,1,0.3333333333333333,SAME_CLOCK_BLEND
22225,E:\2-学术\2-项目\园上园项目\牛尾环项目\温度传感器专项算法\正常数据\546C50CA00B6-22225-D4\2026-08-22\motion\2026-08-22 05_06_37.json,5f0e881259b91df91e9c665bf30989e1ed61c048859a8da9fd8386d8ac4e9a04,1787350355480,1787349997120,1787350020000,VALID,True,LOW,False,False,3475.0,0.0406965283191389,0.03554232052908211,0.03780618886957685,0.9594722222222222,0.8915407407407407,0.874674074074074,0.05684721331483721,0.047878572928531954,0.05385766651940213,0.7556311097228479,-0.24436889027715214,0.6599305693327439,20.61042777777778,24.0,1283,1,0.3333333333333333,SAME_CLOCK_BLEND
22225,E:\2-学术\2-项目\园上园项目\牛尾环项目\温度传感器专项算法\正常数据\546C50CA00B6-22225-D4\2026-08-22\motion\2026-08-22 06_13_21.json,4e17737ab7460e4dd9552ee56ed8cbee7ac89d9fbdfbd40f76c29be863f43086,1787354355645,1787354001385,1787354040000,VALID,True,LOW,False,False,3475.06,0.04053802483260226,0.039910602111158607,0.03646859200610852,0.9551166666666666,0.8902129629629629,0.8740259259259259,0.05660849128090524,0.046575440943243444,0.053264141168351306,0.7610753490697283,-0.2389246509302717,0.7492958909261986,20.59633333333333,24.0,1282,1,0.3333333333333333,SAME_CLOCK_BLEND
22225,E:\2-学术\2-项目\园上园项目\牛尾环项目\温度传感器专项算法\正常数据\546C50CA00B6-22225-D4\2026-08-22\motion\2026-08-22 07_20_01.json,fa37445fce5d71bc26b87adab23a5b6aa343369f963c2361d5b1617736937ed6,1787358360683,1787358001535,1787358060000,VALID,True,LOW,False,False,3475.18,0.039601568014230634,0.041661234958812396,0.03717340708614576,0.9496388888888889,0.8882944444444445,0.873337037037037,0.056318225892667904,0.09449937298739045,0.06904527492424209,0.5735594225337258,-0.4264405774662742,0.6033900944637264,20.599222222222224,24.0,1282,1,0.3333333333333333,SAME_CLOCK_BLEND
22225,E:\2-学术\2-项目\园上园项目\牛尾环项目\温度传感器专项算法\正常数据\546C50CA00B6-22225-D4\2026-08-22\motion\2026-08-22 08_26_47.json,0a9ba40093c7f14f52968ff59744563ba43afb18f9f5ef8f3aa95996b877021c,1787362370466,1787362007785,1787362020000,VALID,True,LOW,False,False,3475.04,0.039718914334939896,0.04052403767800004,0.03857353980612736,0.9624444444444444,0.8921981481481481,0.8747953703703704,0.053967298170228696,0.05343736831884581,0.053790654886434405,0.7383980436526848,-0.2616019563473152,0.7533657614609167,20.599227777777777,24.0,1282,1,0.3333333333333333,SAME_CLOCK_BLEND
22225,E:\2-学术\2-项目\园上园项目\牛尾环项目\温度传感器专项算法\正常数据\546C50CA00B6-22225-D4\2026-08-22\motion\2026-08-22 09_33_34.json,0fe89e870e4b728f9dca92422a158102fdd2b7d21d3199f44a337684a9a92a36,1787366375573,1787366014704,1787366040000,VALID,True,LOW,False,False,3475.08,0.04560454473378503,0.042321643105920084,0.04107871046693295,0.9588222222222222,0.8903629629629629,0.8741314814814815,0.05339028762990045,0.09025573301705062,0.07182301032347553,0.634957300291256,-0.36504269970874403,0.5892490848728342,20.597788888888893,24.0,1282,2,0.5,SAME_CLOCK_BLEND
22225,E:\2-学术\2-项目\园上园项目\牛尾环项目\温度传感器专项算法\正常数据\546C50CA00B6-22225-D4\2026-08-22\motion\2026-08-22 10_40_22.json,65054abb15284faf6b56569e7bf392911952fe593487903f6d87969e9c2cbb48,1787370383033,1787370022667,1787370060000,VALID,True,LOW,False,False,3475.26,0.03524463636299691,0.03944282656120193,0.04128324020023705,0.9555333333333333,0.8892851851851852,0.8731787037037037,0.05070846458860983,0.07182925319335269,0.061268858890981256,0.5752455162533622,-0.4247544837466378,0.6437662994733512,20.570533333333334,24.0,1280,2,0.5,SAME_CLOCK_BLEND
22225,E:\2-学术\2-项目\园上园项目\牛尾环项目\温度传感器专项算法\正常数据\546C50CA00B6-22225-D4\2026-08-22\motion\2026-08-22 11_47_09.json,c504a9797cfe958b48c6938c031abbcc3d5e56086c8635b930d041b0db115833,1787374385317,1787374029778,1787374080000,VALID,True,LOW,False,False,3475.2,0.04365850112306242,0.04180982360153682,0.041934985832241096,0.9519277777777778,0.8880907407407408,0.8724574074074074,0.04779516003913175,0.07052923384452685,0.059162196941829295,0.7379459076881348,-0.26205409231186516,0.7066982932132483,20.5679,24.0,1280,2,0.5,SAME_CLOCK_BLEND
22225,E:\2-学术\2-项目\园上园项目\牛尾环项目\温度传感器专项算法\正常数据\546C50CA00B6-22225-D4\2026-08-22\motion\2026-08-22 12_53_52.json,c8bd01a7adc5cb3ed513cf5e487e7c38b3a4226453c0fb54939a0a4959fffe81,1787378405879,1787378032650,1787378040000,VALID,True,ELEVATED,True,False,3475.02,0.08996893753042907,0.05834941848859285,0.04986240112848627,0.9637888888888889,0.8923333333333333,0.8742138888888888,0.044949744184330974,0.06599692583588573,0.05547333501010836,1.6218411515016165,0.6218411515016165,1.051846233473441,20.569783333333334,24.0,1280,2,0.5,SAME_CLOCK_BLEND
22225,E:\2-学术\2-项目\园上园项目\牛尾环项目\温度传感器专项算法\正常数据\546C50CA00B6-22225-D4\2026-08-22\motion\2026-08-22 14_00_51.json,cb1c042bdf3159bf3366d52a913342ab1d75a3346fd414b1b5928c8f76f68558,1787382425108,1787382051479,1787382060000,VALID,True,STRONG,False,True,3475.12,0.1380233240239113,0.09470474834743113,0.06766730545823037,0.9634888888888888,0.8911259259259259,0.8736731481481481,0.04521739689716217,0.0739137712017672,0.05956558404946469,2.3171656288855225,1.3171656288855225,1.5899239444842184,20.584405555555552,24.0,1281,2,0.5,SAME_CLOCK_BLEND
22225,E:\2-学术\2-项目\园上园项目\牛尾环项目\温度传感器专项算法\正常数据\546C50CA00B6-22225-D4\2026-08-22\motion\2026-08-22 15_07_49.json,5bd5e53c6498d84db3b7f2033974b48072e0b434220f01251411e8f385ab92bb,1787386411504,1787386069539,1787386080000,VALID,True,ELEVATED,False,False,3475.32,0.0968002430232258,0.1120044204781871,0.07851928784215961,0.9630111111111112,0.88975,0.8730814814814815,0.048294216081303805,0.062036754708864286,0.05516548539508405,1.7547247582426229,0.7547247582426229,2.030335084990807,20.5987,24.0,1282,2,0.5,SAME_CLOCK_BLEND
22281,E:\2-学术\2-项目\园上园项目\牛尾环项目\温度传感器专项算法\正常数据\0C3D5EA22DE5-22281-C3\2026-08-22\motion\2026-08-22 17_27_29.json,24d1424cdb0f60f41aab02694e8a9c6d33971f0fdc19a9ff7a0479509dcedd70,1787394821766,1787394449688,1787394480000,INSUFFICIENT_HISTORY,False,UNAVAILABLE,False,False,3474.9,0.06379827264382244,,,0.9573833333333334,0.32175,0.160875,,,,,,,0.0,0.016666666666666666,0,0,0.0,INSUFFICIENT_HISTORY
22281,E:\2-学术\2-项目\园上园项目\牛尾环项目\温度传感器专项算法\正常数据\0C3D5EA22DE5-22281-C3\2026-08-22\motion\2026-08-22 18_34_31.json,ecdf74db831f7eab22557ffd36f4d2d74cdc7eac2d795f61783beea7b9e6eaf5,1787398832672,1787398471739,1787398500000,INSUFFICIENT_HISTORY,False,UNAVAILABLE,False,False,3475.26,0.03845731902477137,,,0.9580444444444445,0.6435333333333333,0.32176666666666665,,,,,,,0.9491388888888889,1.1333333333333333,59,0,0.0,INSUFFICIENT_HISTORY
22281,E:\2-学术\2-项目\园上园项目\牛尾环项目\温度传感器专项算法\正常数据\0C3D5EA22DE5-22281-C3\2026-08-22\motion\2026-08-22 19_41_22.json,03013f83b9280ce18d6ee665acc05b46629a78353e89f830a9b8342346aeb534,1787402835064,1787402482401,1787402520000,PROVISIONAL,True,LOW,False,False,3475.06,0.04034699444356409,0.046405874157057735,,0.9554,0.8875981481481482,0.4826490740740741,0.05082838475486267,,0.05082838475486267,0.7937886407004928,-0.20621135929950718,0.9129913213033621,1.898366666666666,2.25,118,0,0.0,PROVISIONAL_SAME_DAY
22281,E:\2-学术\2-项目\园上园项目\牛尾环项目\温度传感器专项算法\正常数据\0C3D5EA22DE5-22281-C3\2026-08-22\motion\2026-08-22 20_48_05.json,0627f6fbfa9b3f7e85ca45cbd90e7fe6f5cc6874cc0450ff8bacf10d9c2f8e2c,1787406839686,1787406485833,1787406540000,PROVISIONAL,True,LOW,False,False,3475.1,0.03178708085441949,0.03592538407347214,,0.9508111111111112,0.8878074074074074,0.6435333333333333,0.04723588561405302,,0.04723588561405302,0.6729434717100466,-0.32705652828995335,0.7605527790249386,2.8620388888888884,3.3666666666666667,178,0,0.0,PROVISIONAL_SAME_DAY
22281,E:\2-学术\2-项目\园上园项目\牛尾环项目\温度传感器专项算法\正常数据\0C3D5EA22DE5-22281-C3\2026-08-22\motion\2026-08-22 21_54_49.json,19eb72f15fef9ef56a74e7b05dbc715fac97c5009ea06d885529b21a3daca6c5,1787410849383,1787410489301,1787410500000,PROVISIONAL,True,LOW,False,False,3475.12,0.04313666165820515,0.03672358433097039,0.04401260794596572,0.9628888888888889,0.8922925925925926,0.8044185185185185,0.04339570184866183,,0.04339570184866183,0.9940307408470992,-0.005969259152900808,0.8462493465145514,3.811227777777777,4.466666666666667,237,0,0.0,PROVISIONAL_SAME_DAY
22281,E:\2-学术\2-项目\园上园项目\牛尾环项目\温度传感器专项算法\正常数据\0C3D5EA22DE5-22281-C3\2026-08-22\motion\2026-08-22 23_01_40.json,997636e9858469904eb0aaa79da8a4027995a1b82731716d991541317309fa0e,1787414852025,1787414500163,1787414520000,PROVISIONAL,True,LOW,False,False,3475.2,0.04023298601766292,0.038680698059311715,0.04049533299474712,0.9603722222222222,0.8907666666666667,0.8728351851851852,0.04334345617923612,,0.04334345617923612,0.9282366835558608,-0.07176331644413925,0.8924230199677035,4.774116666666667,5.583333333333333,297,0,0.0,PROVISIONAL_SAME_DAY
22281,E:\2-学术\2-项目\园上园项目\牛尾环项目\温度传感器专项算法\正常数据\0C3D5EA22DE5-22281-C3\2026-08-23\motion\2026-08-23 00_08_21.json,2f40160511f2d528cbd1e828f823425386b63d3611475c809e5bd520bf305462,1787418858925,1787418501834,1787418540000,PROVISIONAL,True,LOW,False,False,3474.94,0.039431574507462014,0.04023075994802398,0.038587256858393384,0.9552111111111111,0.8894203703703704,0.872925,0.042858002817657274,,0.042858002817657274,0.9200516103194714,-0.07994838968052864,0.9386988964275562,5.723333333333333,6.7,356,0,0.0,PROVISIONAL_SAME_DAY
22281,E:\2-学术\2-项目\园上园项目\牛尾环项目\温度传感器专项算法\正常数据\0C3D5EA22DE5-22281-C3\2026-08-23\motion\2026-08-23 01_15_09.json,b7ffd91c10c86498682ce6a56ce3ee807b069d39ced046edaf1cb827edc390eb,1787422864629,1787422509370,1787422560000,PROVISIONAL,True,LOW,False,False,3475.22,0.03223667774486204,0.03744485623426346,0.03710178268931237,0.9518222222222222,0.8885759259259259,0.8724962962962963,0.042354515053848775,,0.042354515053848775,0.761115496278895,-0.23888450372110503,0.8840818077283317,6.685994444444443,7.816666666666666,416,0,0.0,PROVISIONAL_SAME_DAY
22281,E:\2-学术\2-项目\园上园项目\牛尾环项目\温度传感器专项算法\正常数据\0C3D5EA22DE5-22281-C3\2026-08-23\motion\2026-08-23 02_21_52.json,bbe46afa04d12859c996d10e0df90576e48df32d2bf81ff8c7d407f2186084e2,1787426871555,1787426512368,1787426520000,PROVISIONAL,True,LOW,False,False,3475.28,0.028982368990348506,0.03346370290612087,0.03588362795706758,0.9637833333333333,0.8922574074074074,0.8744175925925926,0.0410964991877202,,0.0410964991877202,0.7052271985008531,-0.29477280149914686,0.8142713751180042,7.63521111111111,8.916666666666666,475,0,0.0,PROVISIONAL_SAME_DAY
22281,E:\2-学术\2-项目\园上园项目\牛尾环项目\温度传感器专项算法\正常数据\0C3D5EA22DE5-22281-C3\2026-08-23\motion\2026-08-23 03_28_41.json,bdf7ff5b5cea7a4a1ec0d1d9c21369085c4c7578a9f631f8766f256bcddbbb9c,1787430876899,1787430521031,1787430540000,PROVISIONAL,True,LOW,False,False,3475.08,0.029371017963940083,0.029826905394943787,0.03401091353585975,0.9605833333333333,0.8911092592592592,0.8737472222222222,0.03973873615420643,,0.03973873615420643,0.7391029712159354,-0.2608970287840646,0.7505750882262657,8.598994444444443,10.033333333333333,535,0,0.0,PROVISIONAL_SAME_DAY
22281,E:\2-学术\2-项目\园上园项目\牛尾环项目\温度传感器专项算法\正常数据\0C3D5EA22DE5-22281-C3\2026-08-23\motion\2026-08-23 04_35_27.json,dd8a8930b2a431f7290d550041f5e8c291ede1099afa7b321df472d238c91f5b,1787434881771,1787434527011,1787434560000,PROVISIONAL,True,LOW,False,False,3475.2,0.03523243820326072,0.03153669060837784,0.033838403793472416,0.9567222222222223,0.8897222222222222,0.8733212962962963,0.03870864602594105,,0.03870864602594105,0.9101955718019508,-0.08980442819804924,0.8147195483728148,9.548183333333336,11.15,594,0,0.0,PROVISIONAL_SAME_DAY
22281,E:\2-学术\2-项目\园上园项目\牛尾环项目\温度传感器专项算法\正常数据\0C3D5EA22DE5-22281-C3\2026-08-23\motion\2026-08-23 05_42_10.json,1572277fb30f4103c0ca34e1a764c7a23d395777fcbc322546231a64bdf66598,1787438888663,1787438530835,1787438580000,PROVISIONAL,True,LOW,False,False,3475.14,0.04169692965992214,0.036543055331594645,0.03460146625746879,0.9522055555555555,0.888662962962963,0.8724824074074075,0.03859587294302049,,0.03859587294302049,1.0803468474849571,0.08034684748495713,0.9468125098645536,10.51051111111111,12.266666666666667,654,0,0.0,PROVISIONAL_SAME_DAY
22281,E:\2-学术\2-项目\园上园项目\牛尾环项目\温度传感器专项算法\正常数据\0C3D5EA22DE5-22281-C3\2026-08-23\motion\2026-08-23 06_48_58.json,74f98e3ff643b9ea0c88927cd3852c7cdd0d71a4d4976a0452adf0a4b44a6fca,1787442910200,1787442538694,1787442540000,PROVISIONAL,True,ELEVATED,True,False,3475.06,0.07623449463041285,0.05352614739590279,0.04149636118960188,0.9652944444444445,0.8927222222222222,0.8745842592592593,0.03885617279092109,,0.03885617279092109,1.961966121589447,0.961966121589447,1.3775455365591078,11.459705555555555,13.366666666666667,713,0,0.0,PROVISIONAL_SAME_DAY
22281,E:\2-学术\2-项目\园上园项目\牛尾环项目\温度传感器专项算法\正常数据\0C3D5EA22DE5-22281-C3\2026-08-23\motion\2026-08-23 07_55_57.json,5e1825cae61114920311ae34fdb317b1f0c49e3b0f305028be03cc7b96db2286,1787446927873,1787446557066,1787446560000,PROVISIONAL,True,LOW,False,False,3475.34,0.05663634829342531,0.06027679626437579,0.047067971718093383,0.9651055555555555,0.8912425925925926,0.8738962962962963,0.0417600831663189,,0.0417600831663189,1.356231693022697,0.35623169302269697,1.443406997641981,12.425,14.483333333333333,773,0,0.0,PROVISIONAL_SAME_DAY
22281,E:\2-学术\2-项目\园上园项目\牛尾环项目\温度传感器专项算法\正常数据\0C3D5EA22DE5-22281-C3\2026-08-23\motion\2026-08-23 09_02_58.json,64bfcaaeeaed5c6f62790672b482d96dbe2e7e13d607802689ef0cfc96fdf56e,1787450981224,1787450578379,1787450580000,PROVISIONAL,True,STRONG,True,True,3475.14,0.1295332742930734,0.08759565969878935,0.06543072265971053,0.9653166666666667,0.8902481481481481,0.8733694444444444,0.0428323051932865,,0.0428323051932865,3.0241957258321075,2.0241957258321075,2.045083945482323,13.390105555555552,15.6,833,0,0.0,PROVISIONAL_SAME_DAY
22281,E:\2-学术\2-项目\园上园项目\牛尾环项目\温度传感器专项算法\正常数据\0C3D5EA22DE5-22281-C3\2026-08-23\motion\2026-08-23 10_10_29.json,5e847c66fb37f1bd5dbb31bb2f691653bebbd8b802d1c1f20f43c9e279e416f1,1787455025869,1787454629016,1787454660000,PROVISIONAL,True,LOW,False,False,3475.0,0.0622701103833097,0.08666865573160698,0.07141216223941538,0.9572222222222222,0.8847851851851852,0.8700324074074074,0.04866242911389245,,0.04866242911389245,1.279634237690211,0.279634237690211,1.7810178675783424,14.35542222222222,16.733333333333334,893,0,0.0,PROVISIONAL_SAME_DAY
22281,E:\2-学术\2-项目\园上园项目\牛尾环项目\温度传感器专项算法\正常数据\0C3D5EA22DE5-22281-C3\2026-08-23\motion\2026-08-23 11_17_27.json,2a14752c7cabb11ed24bb2f4caa7491ee8857626cfa1dde2d0beae94a5f59f0a,1787459102806,1787458647088,1787458680000,PROVISIONAL,True,LOW,False,False,3475.08,0.04029792740767029,0.07984124968310441,0.07112729456817904,0.9567,0.8848537037037038,0.8692796296296297,0.049426969104974204,,0.049426969104974204,0.8153024176352908,-0.18469758236470923,1.6153377625388199,15.30458333333333,17.85,952,0,0.0,PROVISIONAL_SAME_DAY
22281,E:\2-学术\2-项目\园上园项目\牛尾环项目\温度传感器专项算法\正常数据\0C3D5EA22DE5-22281-C3\2026-08-23\motion\2026-08-23 12_24_44.json,ae002a8e685553c0bcdeac566fd2fccd0bb293972d88cf6b2d14267cb72bdfdb,1787463063465,1787462684072,1787462700000,PROVISIONAL,True,ELEVATED,True,False,3475.12,0.09689051795769589,0.06629619843003397,0.07691847438072386,0.9614333333333334,0.8875333333333333,0.8687833333333334,0.048890942730000476,,0.048890942730000476,1.9817682488303074,0.9817682488303074,1.3560016380979554,16.253761111111107,18.966666666666665,1011,0,0.0,PROVISIONAL_SAME_DAY
22281,E:\2-学术\2-项目\园上园项目\牛尾环项目\温度传感器专项算法\正常数据\0C3D5EA22DE5-22281-C3\2026-08-23\motion\2026-08-23 13_31_52.json,1b2498aadcc3c0ea8ea4c98c4d20a1f2f7c85ecf1fbf12bde675548cc5706e75,1787467080550,1787466712339,1787466720000,PROVISIONAL,True,STRONG,False,True,3475.26,0.12280150585500504,0.09113172579641635,0.08901256155547956,0.9637722222222223,0.887375925925926,0.8687416666666666,0.051571620648491245,,0.051571620648491245,2.3811837656220267,1.3811837656220267,1.7670905946036515,17.215194444444442,20.083333333333332,1071,0,0.0,PROVISIONAL_SAME_DAY
22281,E:\2-学术\2-项目\园上园项目\牛尾环项目\温度传感器专项算法\正常数据\0C3D5EA22DE5-22281-C3\2026-08-23\motion\2026-08-23 14_38_50.json,32aca03860634569b9062ba962f16d434ad474e5595c9119c4d08157557539ee,1787471109117,1787470730065,1787470740000,PROVISIONAL,True,STRONG,False,False,3475.06,0.19897225593974283,0.14527405135348034,0.10428202348690199,0.9630833333333333,0.8889462962962963,0.8687768518518518,0.05534792906100362,,0.05534792906100362,3.594935877735167,2.594935877735167,2.6247423131832366,18.178966666666668,21.2,1131,0,0.0,PROVISIONAL_SAME_DAY
22281,E:\2-学术\2-项目\园上园项目\牛尾环项目\温度传感器专项算法\正常数据\0C3D5EA22DE5-22281-C3\2026-08-23\motion\2026-08-23 15_45_57.json,8982cfdb09f3fb49e0e341a678d5d223e8a7dfa930788f17c2ff4a83e16f4d16,1787475124775,1787474757633,1787474760000,PROVISIONAL,True,ELEVATED,False,False,3475.1,0.1175517962349554,0.14896867759126375,0.11115130063133664,0.9652,0.889712962962963,0.8701203703703704,0.06257402007414654,,0.06257402007414654,1.8786038693960116,0.8786038693960116,2.380679352465202,19.14205,22.316666666666666,1191,0,0.0,PROVISIONAL_SAME_DAY
22281,E:\2-学术\2-项目\园上园项目\牛尾环项目\温度传感器专项算法\正常数据\0C3D5EA22DE5-22281-C3\2026-08-23\motion\2026-08-23 16_52_48.json,93e8cb6e8eb6784529227a460d2d6ea72fde120bc9a8a5c19bb0adc4705b6147,1787479121070,1787478768319,1787478780000,PROVISIONAL,True,LOW,False,False,3474.94,0.04551729105727153,0.11001682388078642,0.11122041734119609,0.9625666666666667,0.8894703703703704,0.8700268518518518,0.06521309550964433,,0.06521309550964433,0.6979777712060916,-0.3020222287939084,1.6870357559474554,20.10725,23.433333333333334,1251,0,0.0,PROVISIONAL_SAME_DAY
22281,E:\2-学术\2-项目\园上园项目\牛尾环项目\温度传感器专项算法\正常数据\0C3D5EA22DE5-22281-C3\2026-08-23\motion\2026-08-23 17_59_31.json,cec79cf781896d38f3b55a89a744458275602466becba32d384e367ce6574ed7,1787483145839,1787482771130,1787482800000,VALID,True,LOW,False,False,3475.02,0.08486471348582451,0.080961797351519,0.11340601884863433,0.9578111111111111,0.8901666666666667,0.870812037037037,0.06425634421343475,0.05145295471764661,0.059988547714838705,1.4146819137752267,0.4146819137752267,1.3496208932474685,20.555027777777774,24.0,1279,1,0.3333333333333333,SAME_CLOCK_BLEND
22281,E:\2-学术\2-项目\园上园项目\牛尾环项目\温度传感器专项算法\正常数据\0C3D5EA22DE5-22281-C3\2026-08-23\motion\2026-08-23 19_06_33.json,cd3ec16a163db7066511fcf855039e5b3bbcc108d16ea2f0ccca4586b6ea6b3b,1787487194751,1787486793694,1787486820000,VALID,True,LOW,False,False,3475.02,0.0756984424190492,0.07007878504352395,0.1046962150955565,0.9585222222222223,0.8893055555555556,0.8711842592592592,0.06591418330343217,0.04310709890158723,0.05831182183615053,1.2981663071984453,0.2981663071984453,1.2017937844651334,20.555027777777774,24.0,1279,1,0.3333333333333333,SAME_CLOCK_BLEND
22281,E:\2-学术\2-项目\园上园项目\牛尾环项目\温度传感器专项算法\正常数据\0C3D5EA22DE5-22281-C3\2026-08-23\motion\2026-08-23 20_13_56.json,67e80973dc63e9145b7d95d5af321e2628fc91b284e376832b8559c07e639b98,1787491250330,1787490836210,1787490840000,VALID,True,STRONG,True,True,3475.06,0.11435199540949648,0.0928995379096556,0.09526780366141915,0.9647888888888889,0.887724074074074,0.8710712962962963,0.06750261609372477,0.03556540163941332,0.05685687794228762,2.011225370579951,1.0112253705799512,1.633919083702643,20.554983333333332,24.0,1279,1,0.3333333333333333,SAME_CLOCK_BLEND
22281,E:\2-学术\2-项目\园上园项目\牛尾环项目\温度传感器专项算法\正常数据\0C3D5EA22DE5-22281-C3\2026-08-23\motion\2026-08-23 21_21_38.json,452023a19ef4e0ceb380d067a7ca8d7feda67c3bb86602fabb6b1c5bdcfd19ff,1787495290940,1787494898836,1787494920000,VALID,True,LOW,False,False,3475.04,0.07661475042614004,0.08792431561156752,0.08035717980772848,0.9599611111111112,0.8825981481481482,0.8687370370370371,0.07124841293980304,0.038360401161377136,0.06028574234699441,1.270860197510029,0.2708601975100291,1.4584595326949814,20.539988888888885,24.0,1278,1,0.3333333333333333,SAME_CLOCK_BLEND
22281,E:\2-学术\2-项目\园上园项目\牛尾环项目\温度传感器专项算法\正常数据\0C3D5EA22DE5-22281-C3\2026-08-23\motion\2026-08-23 22_29_00.json,fa01542eef54a130b5997f9f28939f9b5ca20b38b6ced153c5eb5be73a603a9c,1787499340731,1787498940668,1787499000000,VALID,True,STRONG,True,True,3475.1,0.17553065962543873,0.11658600059384558,0.10062821244341634,0.9493722222222222,0.8793240740740741,0.8656342592592593,0.07302514551868355,0.035663029559999816,0.06057110686578898,2.8979272248462045,1.8979272248462045,1.9247791005730197,20.523738888888886,24.0,1277,1,0.3333333333333333,SAME_CLOCK_BLEND
22281,E:\2-学术\2-项目\园上园项目\牛尾环项目\温度传感器专项算法\正常数据\0C3D5EA22DE5-22281-C3\2026-08-23\motion\2026-08-23 23_36_27.json,afd3141e6a99a0315f8c47477501e1ac5af0c5fc47cea4744edc8281c2bf2f71,1787503388142,1787502987191,1787503020000,VALID,True,LOW,False,False,3475.04,0.055947038735983126,0.10572663451856161,0.09816296218603435,0.9567222222222223,0.8830833333333333,0.8648416666666666,0.07950023332981486,0.04055790946290697,0.06651945870751225,0.8410627479995543,-0.15893725200044573,1.5894091228770264,20.509994444444448,24.0,1276,1,0.3333333333333333,SAME_CLOCK_BLEND
22281,E:\2-学术\2-项目\园上园项目\牛尾环项目\温度传感器专项算法\正常数据\0C3D5EA22DE5-22281-C3\2026-08-24\motion\2026-08-24 00_43_51.json,90801c54f9c64f87a85dab2a0d6460108d536a91c79ab1cd4f31c8931e36255e,1787507357453,1787507031646,1787507040000,VALID,True,LOW,False,False,3475.48,0.07106884141712153,0.09661648565115266,0.09590931998066565,0.9636388888888889,0.8849481481481482,0.8649777777777777,0.08026256699201753,0.03968159019818538,0.06673557472740682,1.0649318853911829,0.06493188539118289,1.4477508592051491,20.510016666666665,24.0,1276,1,0.3333333333333333,SAME_CLOCK_BLEND
22281,E:\2-学术\2-项目\园上园项目\牛尾环项目\温度传感器专项算法\正常数据\0C3D5EA22DE5-22281-C3\2026-08-24\motion\2026-08-24 01_50_08.json,1c8153036b69337b76136d04290ebd374c0107eb3f60da5306e456e36c0aeac5,1787511316337,1787511008310,1787511060000,VALID,True,LOW,False,False,3475.4,0.003298676174918445,0.04440645554007839,0.0777966223010092,0.9515833333333333,0.8874314814814814,0.8660388888888889,0.08171268092342478,0.02685457339744313,0.0634266450814309,0.052007735403368865,-0.9479922645966311,0.7001230395059796,20.524755555555554,24.0,1277,1,0.3333333333333333,SAME_CLOCK_BLEND
22281,E:\2-学术\2-项目\园上园项目\牛尾环项目\温度传感器专项算法\正常数据\0C3D5EA22DE5-22281-C3\2026-08-24\motion\2026-08-24 04_02_18.json,cea0b67b6714c64bb233be8c85ceccfa7a82c697445bd1578f7213a9752070a5,1787519251307,1787518938474,1787518980000,VALID,True,LOW,False,False,3475.5,0.0023358076900236173,,0.048821757701420866,0.9544333333333334,0.5746425925925925,0.7133314814814815,0.0831073190472419,0.0306683457599061,0.06562766128479663,0.03559181668667405,-0.964408183313326,,19.577122222222226,24.0,1218,1,0.3333333333333333,SAME_CLOCK_BLEND
22281,E:\2-学术\2-项目\园上园项目\牛尾环项目\温度传感器专项算法\正常数据\0C3D5EA22DE5-22281-C3\2026-08-24\motion\2026-08-24 05_08_21.json,1ec7713fad50090e6aa13749350f6fa726b39a0b7a66081420b05dd06d6024d0,1787523239334,1787522901568,1787522940000,VALID,True,LOW,False,False,3475.36,0.016616785668925414,,0.028770251083935345,0.95525,0.6435981481481482,0.7172518518518518,0.08168283659872506,0.04439911743769171,0.06925493021171396,0.23993650153321225,-0.7600634984667878,,19.593300000000003,24.0,1219,1,0.3333333333333333,SAME_CLOCK_BLEND
22281,E:\2-学术\2-项目\园上园项目\牛尾环项目\温度传感器专项算法\正常数据\0C3D5EA22DE5-22281-C3\2026-08-24\motion\2026-08-24 06_14_49.json,6974995c6a71658a88c92e8d707119e1cc5876e0cef7b908a235d2765e9bf51d,1787527196337,1787526889668,1787526900000,VALID,True,LOW,False,False,3475.44,0.0007148400738149119,0.006637321008609637,0.005378879301360607,0.9630777777777778,0.8973777777777778,0.721075925925926,0.0803684721189883,0.061695370931268506,0.07414410505641504,0.00964122600537159,-0.9903587739946285,0.08951920052928561,19.59633888888889,24.0,1219,1,0.3333333333333333,SAME_CLOCK_BLEND
22281,E:\2-学术\2-项目\园上园项目\牛尾环项目\温度传感器专项算法\正常数据\0C3D5EA22DE5-22281-C3\2026-08-24\motion\2026-08-24 07_20_48.json,79713e7e787e52d6af3dd67b832961df5e1a6236797bcbc5cc9b8b607c1eff1f,1787531158119,1787530848991,1787530860000,VALID,True,LOW,False,False,3475.44,0.0006693245343644586,0.006307499974433668,0.004933249963443258,0.9628888888888889,0.8976574074074074,0.7217472222222222,0.07717001750677706,0.05487684706064176,0.06973896069139862,0.009597569675956054,-0.990402430324044,0.09044442176798334,19.610233333333333,24.0,1220,1,0.3333333333333333,SAME_CLOCK_BLEND
22281,E:\2-学术\2-项目\园上园项目\牛尾环项目\温度传感器专项算法\正常数据\0C3D5EA22DE5-22281-C3\2026-08-24\motion\2026-08-24 10_39_09.json,505e0fd5297b21d57d1d74898927ed3ba471740159c93683bbefb593a39ece41,1787543062329,1787542749041,1787542800000,VALID,True,LOW,False,False,3475.52,0.0007046834917864475,,,0.9518166666666666,0.32180740740740743,0.5587824074074074,0.071598835819532,0.04892219911118773,0.06403995691675057,0.011003809585670214,-0.9889961904143297,,17.739294444444447,24.0,1104,1,0.3333333333333333,SAME_CLOCK_BLEND
22281,E:\2-学术\2-项目\园上园项目\牛尾环项目\温度传感器专项算法\正常数据\0C3D5EA22DE5-22281-C3\2026-08-24\motion\2026-08-24 11_45_14.json,8e3c4057fb4c18a0fd5087bc07a8e7419819626ba9e6b8ea5bdc17ddb767bb91,1787547022408,1787546714359,1787546760000,VALID,True,LOW,False,False,3475.44,0.0006954582959703922,,,0.9532722222222222,0.6436074074074074,0.5600888888888889,0.0691488896922956,0.053831509459161486,0.0640430962812509,0.010859223497193605,-0.9891407765028064,,17.767644444444446,24.0,1106,1,0.3333333333333333,SAME_CLOCK_BLEND
22281,E:\2-学术\2-项目\园上园项目\牛尾环项目\温度传感器专项算法\正常数据\0C3D5EA22DE5-22281-C3\2026-08-24\motion\2026-08-24 12_51_13.json,1b76005d874fca1439af4089eb042a055b8390a03b871b358d43714eac21d024,1787550981008,1787550673978,1787550720000,VALID,True,LOW,False,False,3475.38,0.0006518529567064989,0.0006738217226236736,,0.95315,0.8965074074074074,0.5600518518518518,0.06608193408211106,0.11482949006579747,0.08233111941000654,0.007917455287596546,-0.9920825447124034,0.008184289579108738,17.79607222222222,24.0,1108,1,0.3333333333333333,SAME_CLOCK_BLEND
22281,E:\2-学术\2-项目\园上园项目\牛尾环项目\温度传感器专项算法\正常数据\0C3D5EA22DE5-22281-C3\2026-08-24\motion\2026-08-24 13_57_12.json,3e783d124600214fa373d2314a67495c4df5c60de258f6be64116571cd4159a8,1787554942576,1787554632810,1787554680000,VALID,True,LOW,False,False,3475.6,0.0006545429078539602,0.0006802189932468944,,0.9528833333333333,0.8970074074074074,0.6436083333333333,0.060095428953153084,0.17261014259371693,0.0976003335000077,0.006706359336916698,-0.9932936406630833,0.006969433083410936,17.812544444444445,24.0,1109,1,0.3333333333333333,SAME_CLOCK_BLEND
22281,E:\2-学术\2-项目\园上园项目\牛尾环项目\温度传感器专项算法\正常数据\0C3D5EA22DE5-22281-C3\2026-08-24\motion\2026-08-24 16_09_08.json,07641d645ed32cf9f34b972f54119c3845ff59515a0cd58aac97512ea69743bd,1787562857362,1787562548893,1787562600000,VALID,True,LOW,False,False,3475.4,0.0007186730733762086,,0.0006835892124000722,0.9517444444444444,0.5750611111111111,0.7217870370370371,0.045035611851566966,0.09494767852564845,0.06167296740959413,0.011652967313916024,-0.9883470326860839,,16.880816666666664,24.0,1051,1,0.3333333333333333,SAME_CLOCK_BLEND
22281,E:\2-学术\2-项目\园上园项目\牛尾环项目\温度传感器专项算法\正常数据\0C3D5EA22DE5-22281-C3\2026-08-24\motion\2026-08-24 17_15_08.json,47c2063c6c6175ecbe4a219732a847bd6f01cd8af0c1c1d374a33e5f8ee130c3,1787566819855,1787566508708,1787566560000,VALID,True,LOW,False,False,3475.54,0.0017673616010939843,,0.0009368388178773747,0.9517277777777777,0.6436055555555555,0.722037962962963,0.040005953877593065,0.06341801434582099,0.05171198411170703,0.03417702166051434,-0.9658229783394856,,16.894716666666664,24.0,1052,2,0.5,SAME_CLOCK_BLEND
22281,E:\2-学术\2-项目\园上园项目\牛尾环项目\温度传感器专项算法\正常数据\0C3D5EA22DE5-22281-C3\2026-08-24\motion\2026-08-24 23_48_26.json,f3fa34ac16b2446bac08a7ca3800e4cab86f593a61eb3b065f1fcdc0bbbfb864,1787590381826,1787590106051,1787590140000,VALID,True,LOW,False,False,3475.44,0.00068779686679556,,,0.9565166666666667,0.3218,0.1609,0.01154187261766081,0.07749685449675381,0.04451936355720731,0.01544938678001859,-0.9845506132199814,,12.280994444444444,24.0,765,2,0.5,SAME_CLOCK_BLEND
22281,E:\2-学术\2-项目\园上园项目\牛尾环项目\温度传感器专项算法\正常数据\0C3D5EA22DE5-22281-C3\2026-08-25\motion\2026-08-25 07_26_31.json,aea2335f446ae28348aa748c67b301ba5666f668fce088f553696d5cbcd8b4c9,1787617868268,1787617591874,1787617620000,VALID,True,LOW,False,False,3475.52,0.000670783514507614,,,0.9581555555555555,0.32180740740740743,0.16090370370370372,0.0008258991197101679,0.02753618452096959,0.014181041820339878,0.047301427004150624,-0.9526985729958494,,7.589249999999999,24.0,473,2,0.5,SAME_CLOCK_BLEND
22281,E:\2-学术\2-项目\园上园项目\牛尾环项目\温度传感器专项算法\正常数据\0C3D5EA22DE5-22281-C3\2026-08-25\motion\2026-08-25 08_31_59.json,0f4df659f198f972c55b8b632661a282da58ab60c6c6cf7dc46ac3028e6731d4,1787621795734,1787621519971,1787621520000,VALID,True,LOW,False,False,3475.44,0.0006400864311605312,,,0.9654,0.6436074074074074,0.3218037037037037,0.0008236309058739875,0.0883330626521131,0.02999344148795369,0.021340879852604112,-0.9786591201473959,,7.672205555555554,24.0,478,1,0.3333333333333333,SAME_CLOCK_BLEND
23060,E:\2-学术\2-项目\园上园项目\牛尾环项目\温度传感器专项算法\正常数据\546C50CA090E-23060-I\2026-08-19\motion\2026-08-19 09_26_54.json,e5401e64a20561d8b7a28354c1d8fadc572199f3a6dc2221ede266cee94cfae0,1787106798842,1787106414424,1787106420000,INSUFFICIENT_HISTORY,False,UNAVAILABLE,False,False,3416.84,0.05322383075045154,,,0.9481277777777778,0.3163740740740741,0.15818703703703704,,,,,,,0.0,0.016666666666666666,0,0,0.0,INSUFFICIENT_HISTORY
23060,E:\2-学术\2-项目\园上园项目\牛尾环项目\温度传感器专项算法\正常数据\546C50CA090E-23060-I\2026-08-19\motion\2026-08-19 10_33_18.json,0b4f5803b93c274f3fa878a63536c7b2d43454ae17c9b217c8803953fc9cc240,1787110772296,1787110398906,1787110440000,INSUFFICIENT_HISTORY,False,UNAVAILABLE,False,False,3282.82,0.04140651677351661,,,0.9010277777777778,0.6203388888888889,0.31016944444444444,,,,,,,0.948127777777778,1.1333333333333333,60,0,0.0,INSUFFICIENT_HISTORY
23060,E:\2-学术\2-项目\园上园项目\牛尾环项目\温度传感器专项算法\正常数据\546C50CA090E-23060-I\2026-08-19\motion\2026-08-19 11_39_32.json,e583e1026b4567ad935798af5b13325c87c58d035ca5097189be5019a7a99480,1787114772943,1787114372541,1787114400000,PROVISIONAL,True,LOW,False,False,3307.48,0.06096330054209959,0.051317349730499916,,0.9116666666666666,0.8573259259259259,0.4632935185185185,0.04758281434636552,,0.04758281434636552,1.2812041780113013,0.28120417801130126,1.0784849621745765,1.8439055555555557,2.2333333333333334,119,0,0.0,PROVISIONAL_SAME_DAY
23060,E:\2-学术\2-项目\园上园项目\牛尾环项目\温度传感器专项算法\正常数据\546C50CA090E-23060-I\2026-08-19\motion\2026-08-19 12_46_10.json,43b3c281d76d55e758cf77f1e75afcf5a16438f2a5d5d6a113e9609212b73c7f,1787118756802,1787118370791,1787118420000,PROVISIONAL,True,LOW,False,False,3283.94,0.026543717478842644,0.04230690634884652,,0.8996666666666666,0.8424796296296296,0.6153277777777778,0.0516625633947764,,0.0516625633947764,0.5137901748314424,-0.4862098251685576,0.8189083848890891,2.760216666666667,3.35,179,0,0.0,PROVISIONAL_SAME_DAY
23060,E:\2-学术\2-项目\园上园项目\牛尾环项目\温度传感器专项算法\正常数据\546C50CA090E-23060-I\2026-08-19\motion\2026-08-19 13_52_36.json,6fbb8a7942c01ac35b52d7bfede25b4e8fc53f62cca553a46c03d99633899cef,1787122752489,1787122356567,1787122380000,PROVISIONAL,True,LOW,False,False,3222.12,0.06655799814081084,0.052154969939571715,0.04960896458577544,0.8890722222222223,0.8381962962962963,0.7645,0.04556401368164754,,0.04556401368164754,1.460758014117166,0.4607580141171661,1.1446526705038478,3.646405555555556,4.45,237,0,0.0,PROVISIONAL_SAME_DAY
23060,E:\2-学术\2-项目\园上园项目\牛尾环项目\温度传感器专项算法\正常数据\546C50CA090E-23060-I\2026-08-19\motion\2026-08-19 14_59_11.json,0fa0ed6d656287c01907c1c7933a94c20313be1620518dd9912f5787060a653b,1787126730833,1787126351010,1787126400000,PROVISIONAL,True,LOW,False,False,3102.44,0.05232728424933429,0.051277353470429436,0.049386947511397446,0.8511833333333333,0.8186555555555556,0.820450925925926,0.04955214051927726,,0.04955214051927726,1.0560045176853141,0.056004517685314115,1.0348161135537832,4.515422222222222,5.566666666666666,295,0,0.0,PROVISIONAL_SAME_DAY
23060,E:\2-学术\2-项目\园上园项目\牛尾环项目\温度传感器专项算法\正常数据\546C50CA090E-23060-I\2026-08-19\motion\2026-08-19 16_05_29.json,b3baeccd0b113be74a730d726a4034435b8fcd1b0573dafdc6c9bbd5bd20342a,1787130710392,1787130329469,1787130360000,PROVISIONAL,True,LOW,False,False,3067.78,0.054226889430400896,0.059450715331633014,0.0498354157928043,0.8459555555555556,0.8015333333333333,0.8085324074074074,0.050163313906499155,,0.050163313906499155,1.081006919348988,0.08100691934898796,1.1851432989942594,5.340488888888889,6.666666666666667,352,0,0.0,PROVISIONAL_SAME_DAY
23060,E:\2-学术\2-项目\园上园项目\牛尾环项目\温度传感器专项算法\正常数据\546C50CA090E-23060-I\2026-08-19\motion\2026-08-19 17_22_12.json,3652757b438d7c15a57bdb21d36c1dd436bead320409eb5db9427853e2221cf3,1787135310392,1787134932903,1787134980000,PROVISIONAL,True,LOW,False,False,3475.02,0.04135035405483346,0.04903117056678179,0.04820706515879095,0.9527555555555556,0.776062962962963,0.7896537037037037,0.05078744083822803,,0.05078744083822803,0.81418463644478,-0.18581536355522,0.9654192012344066,6.136622222222222,7.95,407,0,0.0,PROVISIONAL_SAME_DAY
23060,E:\2-学术\2-项目\园上园项目\牛尾环项目\温度传感器专项算法\正常数据\546C50CA090E-23060-I\2026-08-19\motion\2026-08-19 18_29_10.json,0eb8e5f1dcb9ffd9d0cdee1f2193bbf98c583550160a856b5ae376e5929f8057,1787139371445,1787138950925,1787139000000,PROVISIONAL,True,LOW,False,False,3475.12,0.0672442605498994,0.05502224224760669,0.05493087003868192,0.9522277777777778,0.819162962962963,0.7975111111111111,0.04956056701510358,,0.04956056701510358,1.3568097501670375,0.35680975016703753,1.1102020328144888,7.098872222222222,9.066666666666666,467,0,0.0,PROVISIONAL_SAME_DAY
23060,E:\2-学术\2-项目\园上园项目\牛尾环项目\温度传感器专项算法\正常数据\546C50CA090E-23060-I\2026-08-19\motion\2026-08-19 19_36_35.json,3e63f6a5618ac3791048a921dbd3270ae7d8959789240dcd3291642cbb2ad3b6,1787143396261,1787142995501,1787143020000,PROVISIONAL,True,LOW,False,False,3475.04,0.03734360501538967,0.047892737651992916,0.05285274278722095,0.9590333333333333,0.8860407407407408,0.8057657407407407,0.05161423240902088,,0.05161423240902088,0.7235137145789063,-0.27648628542109366,0.9278978959226459,8.04806111111111,10.183333333333334,526,0,0.0,PROVISIONAL_SAME_DAY
23060,E:\2-学术\2-项目\园上园项目\牛尾环项目\温度传感器专项算法\正常数据\546C50CA090E-23060-I\2026-08-19\motion\2026-08-19 20_43_50.json,b4453971d2eb92af813326329f7b9264feb29e784b51757b7788335c164e9f28,1787147492907,1787147030942,1787147040000,PROVISIONAL,True,LOW,False,False,3475.16,0.048530156076601834,0.049180420815097346,0.05028844418924679,0.9633555555555555,0.8858703703703704,0.8219601851851852,0.05013970476417522,,0.05013970476417522,0.9678987202827846,-0.032101279717215436,0.9808677782689441,8.997233333333334,11.3,585,0,0.0,PROVISIONAL_SAME_DAY
23060,E:\2-学术\2-项目\园上园项目\牛尾环项目\温度传感器专项算法\正常数据\546C50CA090E-23060-I\2026-08-19\motion\2026-08-19 21_52_08.json,24ddec88baace8d81fe9eb1d11be1fc1a2d66235a3c9171d8ced2f6faa93e218,1787151531845,1787151128402,1787151180000,PROVISIONAL,True,LOW,False,False,3475.26,0.03111902470203139,0.03896234841988924,0.04660124300176166,0.9515611111111111,0.8774351851851852,0.8357175925925926,0.04993586078495351,,0.04993586078495351,0.6231798994322745,-0.3768201005677255,0.7802478581009908,9.974377777777779,12.45,646,0,0.0,PROVISIONAL_SAME_DAY
23060,E:\2-学术\2-项目\园上园项目\牛尾环项目\温度传感器专项算法\正常数据\546C50CA090E-23060-I\2026-08-19\motion\2026-08-19 22_59_32.json,4abf47a3bf4ef557a20bbd585a3c1bda7f09eccfcc65208d01627ca0b220c952,1787155542574,1787155172767,1787155200000,PROVISIONAL,True,LOW,False,False,3475.4,0.031935912028775784,0.038975112614539,0.041628792095858264,0.9583722222222222,0.8788925925925926,0.8640314814814815,0.04830455100037872,,0.04830455100037872,0.6611367121190175,-0.3388632878809825,0.8068621239069882,10.923605555555554,13.566666666666666,705,0,0.0,PROVISIONAL_SAME_DAY
23060,E:\2-学术\2-项目\园上园项目\牛尾环项目\温度传感器专项算法\正常数据\546C50CA090E-23060-I\2026-08-20\motion\2026-08-20 00_06_24.json,1038bc495f270a9a899379dad096e44b4333695e7aa4f9f1035a183dd51368ed,1787159566485,1787159184133,1787159220000,PROVISIONAL,True,LOW,False,False,3475.14,0.041234883724063226,0.035294431428044504,0.041024791806415245,0.9559,0.8856740740740741,0.8639407407407408,0.04691974954588742,,0.04691974954588742,0.878838530110558,-0.12116146988944199,0.7522297490852252,11.872872222222222,14.683333333333334,764,0,0.0,PROVISIONAL_SAME_DAY
23060,E:\2-学术\2-项目\园上园项目\牛尾环项目\温度传感器专项算法\正常数据\546C50CA090E-23060-I\2026-08-20\motion\2026-08-20 01_13_27.json,0ee3777fbab09877c4eae18fd8f373a42e98cc8179e615911aa31eff98ce8679,1787163582107,1787163207137,1787163240000,PROVISIONAL,True,LOW,False,False,3475.26,0.03921410575579337,0.03945384775497556,0.039161343826329055,0.9567722222222222,0.8879333333333334,0.8650833333333333,0.046464385343542365,,0.046464385343542365,0.8439604971820285,-0.15603950281797152,0.8491201909433818,12.822066666666668,15.8,823,0,0.0,PROVISIONAL_SAME_DAY
23060,E:\2-学术\2-项目\园上园项目\牛尾环项目\温度传感器专项算法\正常数据\546C50CA090E-23060-I\2026-08-20\motion\2026-08-20 02_20_19.json,f4cdc2984582bb7ac250408bcc0392345950e902110022b9bff78c7de746f3bc,1787167596341,1787167219416,1787167260000,PROVISIONAL,True,LOW,False,False,3475.22,0.01849342794145122,0.03273508837081854,0.03224229873887575,0.9546166666666667,0.8871222222222223,0.8658064814814814,0.045983200977635225,,0.045983200977635225,0.40217791602733,-0.59782208397267,0.7118923362194783,13.771299999999998,16.916666666666668,882,0,0.0,PROVISIONAL_SAME_DAY
23060,E:\2-学术\2-项目\园上园项目\牛尾环项目\温度传感器专项算法\正常数据\546C50CA090E-23060-I\2026-08-20\motion\2026-08-20 03_27_01.json,ac5139954e99bfeeca255a2e9222993213a99fac0742dccbb30afcc2dc065ab3,1787171607042,1787171222004,1787171280000,PROVISIONAL,True,LOW,False,False,3475.02,0.018539142725533884,0.022602421436150617,0.028713682199267506,0.9497222222222222,0.8873888888888889,0.8691907407407408,0.04417536745518578,,0.04417536745518578,0.4196715000580615,-0.5803284999419385,0.5116521432239338,14.736083333333331,18.033333333333335,942,0,0.0,PROVISIONAL_SAME_DAY
23060,E:\2-学术\2-项目\园上园项目\牛尾环项目\温度传感器专项算法\正常数据\546C50CA090E-23060-I\2026-08-20\motion\2026-08-20 04_33_51.json,9c3bad2e9343840db5c2533f52814dd9261f88550806497d59ec5589f9cc6e04,1787175603793,1787175231474,1787175240000,PROVISIONAL,True,LOW,False,False,3475.16,0.020870213752328202,0.019922533747649324,0.02964728824275701,0.9635,0.8920296296296296,0.8729907407407408,0.04262430096038158,,0.04262430096038158,0.4896318128883015,-0.5103681871116985,0.46739848628055897,15.685249999999998,19.133333333333333,1001,0,0.0,PROVISIONAL_SAME_DAY
23060,E:\2-学术\2-项目\园上园项目\牛尾环项目\温度传感器专项算法\正常数据\546C50CA090E-23060-I\2026-08-20\motion\2026-08-20 05_40_41.json,dca7647cc9df4e73fdd6c9cc8480bb6aa7cd69f017db6d75e173ce1eeb7f81a2,1787179627104,1787179241074,1787179260000,PROVISIONAL,True,ELEVATED,True,False,3475.16,0.06737491183874252,0.036917524613278054,0.034932553394030987,0.9606166666666667,0.8904074074074074,0.8725879629629629,0.04136534379993653,,0.04136534379993653,1.628776788719592,0.6287767887195921,0.8924747438781035,16.64875,20.25,1061,0,0.0,PROVISIONAL_SAME_DAY
23060,E:\2-学术\2-项目\园上园项目\牛尾环项目\温度传感器专项算法\正常数据\546C50CA090E-23060-I\2026-08-20\motion\2026-08-20 06_47_47.json,6e3d3328046127dad0cd65da2133425e0fc08836a797dcbc1205bdffdacac8f0,1787183646625,1787183267809,1787183280000,PROVISIONAL,True,LOW,False,False,3475.08,0.029042730713273443,0.03996035197589233,0.030255331496834265,0.9624666666666667,0.8896333333333334,0.8727222222222222,0.04280380444409554,,0.04280380444409554,0.6785081627780324,-0.3214918372219676,0.933570099547648,17.597955555555554,21.366666666666667,1120,0,0.0,PROVISIONAL_SAME_DAY
23060,E:\2-学术\2-项目\园上园项目\牛尾环项目\温度传感器专项算法\正常数据\546C50CA090E-23060-I\2026-08-20\motion\2026-08-20 07_54_48.json,2cdfdfebfeb37fbdb896fff1d7701489848c38a18488bbded69502012d1871cf,1787187671283,1787187288528,1787187300000,PROVISIONAL,True,ELEVATED,True,False,3475.18,0.07532925261375832,0.05580201637539028,0.0406285915317537,0.9626888888888889,0.8886685185185185,0.8723601851851852,0.04209021212357166,,0.04209021212357166,1.789709502831702,0.789709502831702,1.3257718020418252,18.56042222222222,22.483333333333334,1180,0,0.0,PROVISIONAL_SAME_DAY
23060,E:\2-学术\2-项目\园上园项目\牛尾环项目\温度传感器专项算法\正常数据\546C50CA090E-23060-I\2026-08-20\motion\2026-08-20 09_01_51.json,55e047d7c3019755c8c1930de8414e80bed40fa46c51d992fa75bdd60eb4d043,1787191684631,1787191311612,1787191320000,PROVISIONAL,True,LOW,False,False,3475.18,0.028413349227976913,0.043827378727734054,0.04212203350381617,0.96355,0.8893,0.8715583333333333,0.04372923649704966,,0.04372923649704966,0.6497563530498391,-0.35024364695016086,1.0022443161268322,19.523111111111113,23.6,1240,0,0.0,PROVISIONAL_SAME_DAY
23060,E:\2-学术\2-项目\园上园项目\牛尾环项目\温度传感器专项算法\正常数据\546C50CA090E-23060-I\2026-08-20\motion\2026-08-20 10_08_45.json,c439e317ec780a4003f4627d631b508516da29b98485e557be49d70560f98b78,1787195701988,1787195325630,1787195340000,VALID,True,LOW,False,False,3475.2,0.04256134888292899,0.039716325717014084,0.04624108432510994,0.9618888888888889,0.8893740740740741,0.8711731481481482,0.04269245050097802,0.05265848778567898,0.04601446292921168,0.9249558980706798,-0.0750441019293202,0.8631270080912038,19.821394444444447,24.0,1258,1,0.3333333333333333,SAME_CLOCK_BLEND
23060,E:\2-学术\2-项目\园上园项目\牛尾环项目\温度传感器专项算法\正常数据\546C50CA090E-23060-I\2026-08-20\motion\2026-08-20 11_15_43.json,eb14ef65bbbc42bd0c705d12978b39268222a1153a94cce4b1d7302255f7edb5,1787199722746,1787199343406,1787199360000,VALID,True,LOW,False,False,3475.24,0.040970691938149936,0.03865862966977985,0.043061798288514065,0.9612833333333334,0.8896592592592593,0.8706916666666666,0.04230287744358356,0.04898139600753034,0.04452905029823249,0.9200890579015157,-0.07991094209848426,0.8681664982941337,19.86188333333333,24.0,1258,1,0.3333333333333333,SAME_CLOCK_BLEND
23060,E:\2-学术\2-项目\园上园项目\牛尾环项目\温度传感器专项算法\正常数据\546C50CA090E-23060-I\2026-08-20\motion\2026-08-20 12_22_42.json,7b5e58576681dca9a6ad7203cb3bfd35c85151a721459145d4d2b76bf88c121f,1787203757394,1787203362221,1787203380000,VALID,True,LOW,False,False,3475.26,0.041881381244520545,0.037439038588928046,0.04392187750903613,0.9609611111111112,0.8891222222222223,0.871012037037037,0.04178626627943199,0.033959724117303414,0.039177418892055796,1.0690183893919833,0.06901838939198335,0.955628003265926,19.90571111111111,24.0,1258,1,0.3333333333333333,SAME_CLOCK_BLEND
23060,E:\2-学术\2-项目\园上园项目\牛尾环项目\温度传感器专项算法\正常数据\546C50CA090E-23060-I\2026-08-20\motion\2026-08-20 13_29_56.json,946500d6d1e2e653114fbbe551720873539098d0bc56489b8cc95df98bd03bed,1787207777312,1787207396134,1787207400000,VALID,True,LOW,False,False,3475.22,0.037539360131918,0.03622819038467314,0.03758761365038983,0.9648111111111111,0.8889148148148148,0.8710518518518519,0.04220507757093604,0.037972657077753054,0.040794270739875044,0.9202115750833737,-0.0797884249166263,0.8880705483297509,19.967455555555553,24.0,1259,1,0.3333333333333333,SAME_CLOCK_BLEND
23060,E:\2-学术\2-项目\园上园项目\牛尾环项目\温度传感器专项算法\正常数据\546C50CA090E-23060-I\2026-08-20\motion\2026-08-20 14_36_57.json,2202b43c77f598dc745f117774528f69b1018d7f4901504080c972cb56225b24,1787211807967,1787211417737,1787211420000,VALID,True,LOW,False,False,3475.14,0.0610127766953952,0.04756793988833226,0.04389489173941809,0.9652333333333334,0.8887907407407407,0.8711861111111111,0.04175001872889707,0.062057365212796194,0.04851913422353011,1.257499287071081,0.25749928707108105,0.9803954800426642,20.024888888888892,24.0,1259,1,0.3333333333333333,SAME_CLOCK_BLEND
23060,E:\2-学术\2-项目\园上园项目\牛尾环项目\温度传感器专项算法\正常数据\546C50CA090E-23060-I\2026-08-20\motion\2026-08-20 15_44_09.json,5d5462380fec549403096738725cbe262097e545dc0c3e74ec30d72333f7fd3a,1787215825840,1787215449078,1787215500000,VALID,True,LOW,False,False,3475.12,0.05232534981944157,0.05056322785241474,0.0445138665396708,0.9517111111111111,0.8847074074074074,0.8682296296296297,0.04179022501853132,0.05445845359736505,0.04601296787814257,1.13718701992917,0.13718701992917004,1.0988908167437221,20.175583333333336,24.0,1263,1,0.3333333333333333,SAME_CLOCK_BLEND
23060,E:\2-学术\2-项目\园上园项目\牛尾环项目\温度传感器专项算法\正常数据\546C50CA090E-23060-I\2026-08-20\motion\2026-08-20 16_51_06.json,bc23d4e2268513c7663c8c0d6ca87125a905d1f1ea942401fdd4d0786adeb98d,1787219844630,1787219466715,1787219520000,VALID,True,LOW,False,False,3474.96,0.04728453506045516,0.05248404409409624,0.045744032323461144,0.9510166666666666,0.8848314814814815,0.8681148148148148,0.04188481597186176,0.06877183568300743,0.050847155875576984,0.9299347081705108,-0.07006529182948917,1.032192326007864,20.34713888888889,24.0,1268,1,0.3333333333333333,SAME_CLOCK_BLEND
23060,E:\2-学术\2-项目\园上园项目\牛尾环项目\温度传感器专项算法\正常数据\546C50CA090E-23060-I\2026-08-20\motion\2026-08-20 17_58_04.json,9cfb1ba20f530e2d76dd35923e0e7d1bae12efd4085367dfcaa753276882381b,1787223878488,1787223484316,1787223540000,VALID,True,LOW,False,False,3475.18,0.04214200979063322,0.048653431441787104,0.04755463037350583,0.9504111111111111,0.8856962962962963,0.8680546296296296,0.041406599837950295,0.04293147442477609,0.04191489136689223,1.0054185616694784,0.0054185616694784056,1.1607672083868865,20.526183333333336,24.0,1278,1,0.3333333333333333,SAME_CLOCK_BLEND
23060,E:\2-学术\2-项目\园上园项目\牛尾环项目\温度传感器专项算法\正常数据\546C50CA090E-23060-I\2026-08-20\motion\2026-08-20 20_12_56.json,764677fd66361c262f08b002212490cf7ad7fea9de7f570edb1ed6e856f04816,1787232024646,1787231576156,1787231580000,VALID,True,LOW,False,False,3475.0,0.0582916882912725,,0.052213182630406384,0.9647611111111111,0.5634851851851852,0.707875,0.04087330173587116,0.05515205034393679,0.045632884605226375,1.2774052921606516,0.2774052921606516,,19.563916666666668,24.0,1218,1,0.3333333333333333,SAME_CLOCK_BLEND
23060,E:\2-学术\2-项目\园上园项目\牛尾环项目\温度传感器专项算法\正常数据\546C50CA090E-23060-I\2026-08-20\motion\2026-08-20 21_21_02.json,3b2c89d8c67891da7f4df06442b07ece67a052deac1d1b92e77a64e4645716c4,1787236052074,1787235662551,1787235720000,VALID,True,LOW,False,False,3475.02,0.03071462150518279,,0.04470460447701197,0.9498722222222222,0.6435203703703704,0.702937037037037,0.04099317674272331,0.039684036132668056,0.04055679653937157,0.7573236578329299,-0.24267634216707012,,19.562744444444444,24.0,1218,1,0.3333333333333333,SAME_CLOCK_BLEND
23060,E:\2-学术\2-项目\园上园项目\牛尾环项目\温度传感器专项算法\正常数据\546C50CA090E-23060-I\2026-08-20\motion\2026-08-20 22_28_12.json,bb118d093dc434c6466ef058928263218250b9094538e0f48203ab0a3e2930bd,1787240071981,1787239692805,1787239740000,VALID,True,LOW,False,False,3475.28,0.02383389876586441,0.037846252037857395,0.04013350857266354,0.9527888888888889,0.8793333333333333,0.702837962962963,0.040654601951064594,0.015595303908345085,0.032301502603491426,0.7378572773666645,-0.2621427226333355,1.1716560836945908,19.579494444444443,24.0,1219,1,0.3333333333333333,SAME_CLOCK_BLEND
23060,E:\2-学术\2-项目\园上园项目\牛尾环项目\温度传感器专项算法\正常数据\546C50CA090E-23060-I\2026-08-20\motion\2026-08-20 23_35_10.json,85dc4fd76a0c0c6db58aea631f1d8edca48ed236b03d97a8c9d30a07ca5cb85c,1787244095986,1787243710544,1787243760000,VALID,True,LOW,False,False,3475.08,0.056511142535310484,0.03782513841089916,0.04005249349694315,0.9521111111111111,0.8851,0.7027287037037037,0.041053599318041326,0.04044180653149879,0.040849668389193815,1.3833929322730973,0.38339293227309734,0.9259594974069668,19.59265,24.0,1220,1,0.3333333333333333,SAME_CLOCK_BLEND
23060,E:\2-学术\2-项目\园上园项目\牛尾环项目\温度传感器专项算法\正常数据\546C50CA090E-23060-I\2026-08-21\motion\2026-08-21 00_42_16.json,3b14ee7b5e1f10110ee61e6ea8080b74dbd3516b6f3f508419755e58c86362f2,1787248118395,1787247736120,1787247780000,VALID,True,LOW,False,False,3474.94,0.04583318882152657,0.04397279477764242,0.04293203583244084,0.9536166666666667,0.8860388888888889,0.8044129629629629,0.04197019328468413,0.05871051889108108,0.047550301820149785,0.9638884942283253,-0.03611150577167466,0.9247637363893373,19.59261111111111,24.0,1220,1,0.3333333333333333,SAME_CLOCK_BLEND
23060,E:\2-学术\2-项目\园上园项目\牛尾环项目\温度传感器专项算法\正常数据\546C50CA090E-23060-I\2026-08-21\motion\2026-08-21 01_49_19.json,52778dc88f9eeeed65f5fa743cceb5e2fa354f014e78a262b8d5518410a8a492,1787252128886,1787251759032,1787251800000,VALID,True,LOW,False,False,3475.22,0.043544732439190985,0.04915300843492665,0.042103995059870135,0.9545055555555556,0.885824074074074,0.866012037037037,0.041441081277411,0.014809752602272672,0.03256397171903156,1.3372058179789497,0.33720581797894966,1.5094291586735367,19.592550000000003,24.0,1220,1,0.3333333333333333,SAME_CLOCK_BLEND
23060,E:\2-学术\2-项目\园上园项目\牛尾环项目\温度传感器专项算法\正常数据\546C50CA090E-23060-I\2026-08-21\motion\2026-08-21 02_56_09.json,11737085d72fd6510d58fa5c33871a9959c3c73f0eae348300b87122b77fefca,1787256147599,1787255769583,1787255820000,VALID,True,LOW,False,False,3475.46,0.026634869721827683,0.03878434741091348,0.038461361835380854,0.95195,0.8863833333333333,0.868912037037037,0.042669664931849774,0.01896810125543116,0.034769143706376904,0.7660490562194278,-0.23395094378057224,1.115481811644391,19.605988888888888,24.0,1221,1,0.3333333333333333,SAME_CLOCK_BLEND
23060,E:\2-学术\2-项目\园上园项目\牛尾环项目\温度传感器专项算法\正常数据\546C50CA090E-23060-I\2026-08-21\motion\2026-08-21 04_03_07.json,2a1cb039a64976d5df74bf316001e6af7a6a6e7df0bf5db4d86c8f60f02c0791,1787260169656,1787259787964,1787259840000,VALID,True,LOW,False,False,3475.14,0.0407254552738311,0.0376511534069989,0.041733994518714894,0.9514111111111111,0.8866666666666667,0.8693824074074074,0.04305658860071195,0.021396893856452777,0.035836690352625565,1.136417868756883,0.1364178687568831,1.0506314348931052,19.604438888888886,24.0,1221,1,0.3333333333333333,SAME_CLOCK_BLEND
23060,E:\2-学术\2-项目\园上园项目\牛尾环项目\温度传感器专项算法\正常数据\546C50CA090E-23060-I\2026-08-21\motion\2026-08-21 05_10_10.json,2a58ff73f4da6ff7150c14ca5b7cf26714e09ede048abd1f0de6aecde9ef3ced,1787264194574,1787263810966,1787263860000,VALID,True,LOW,False,False,3475.3,0.03723267569153269,0.03624492020969448,0.03944982946210189,0.9522888888888889,0.8857944444444444,0.8692842592592592,0.0440500303643926,0.05435031815310139,0.047483459627295534,0.7841188486217577,-0.21588115137824226,0.7633167527005412,19.601422222222222,24.0,1221,1,0.3333333333333333,SAME_CLOCK_BLEND
23060,E:\2-学术\2-项目\园上园项目\牛尾环项目\温度传感器专项算法\正常数据\546C50CA090E-23060-I\2026-08-21\motion\2026-08-21 06_17_15.json,0a35467fa13ba6259bb6d6394b02f468b433d8211bcc99d2a378f29c4a191421,1787268214527,1787267835944,1787267880000,VALID,True,LOW,False,False,3475.1,0.0443274286530538,0.03897080597911559,0.03903769821359166,0.9536166666666667,0.8856203703703703,0.86955,0.04296100308182087,0.03708512014590931,0.04100237543651702,1.081094160548939,0.08109416054893903,0.950452396092347,19.59883888888889,24.0,1221,1,0.3333333333333333,SAME_CLOCK_BLEND
23060,E:\2-学术\2-项目\园上园项目\牛尾环项目\温度传感器专项算法\正常数据\546C50CA090E-23060-I\2026-08-21\motion\2026-08-21 07_24_15.json,17c89b49f04d8aae729c3f03cf10a21cd739555531ad76a9bdf8644c14d4dd9c,1787272240425,1787271855657,1787271900000,VALID,True,LOW,False,False,3474.94,0.07352600203430767,0.05360567524667301,0.04255423562768567,0.9534944444444444,0.8858703703703704,0.8696759259259259,0.04336000383361932,0.07815044544141678,0.054956817702885144,1.3378868192807982,0.3378868192807982,0.9754144706209725,19.61060555555556,24.0,1222,1,0.3333333333333333,SAME_CLOCK_BLEND
23060,E:\2-学术\2-项目\园上园项目\牛尾环项目\温度传感器专项算法\正常数据\546C50CA090E-23060-I\2026-08-21\motion\2026-08-21 08_31_21.json,63f99293a968993d7f0a699fd8aac0330d714ac6f0e42599b4648dac9c2daa45,1787276269188,1787275881338,1787275920000,VALID,True,LOW,False,False,3475.12,0.052303033009281526,0.05681649257838528,0.048508402401991765,0.9551166666666666,0.8863222222222222,0.8692296296296296,0.04337658426283321,0.026053736898088375,0.037602301807918265,1.3909529601793578,0.39095296017935777,1.5109844303845492,19.597288888888887,24.0,1221,1,0.3333333333333333,SAME_CLOCK_BLEND
23060,E:\2-学术\2-项目\园上园项目\牛尾环项目\温度传感器专项算法\正常数据\546C50CA090E-23060-I\2026-08-21\motion\2026-08-21 09_38_29.json,3989e5eb365adc933393a6e4ac2eb2cd79bae7e0212523a6b053d10c05dd35b0,1787280294483,1787279909928,1787279940000,VALID,True,LOW,False,False,3475.04,0.055904022907554966,0.06159328403870052,0.05043053795345297,0.9574833333333334,0.8862925925925926,0.8691453703703703,0.044694856121608444,0.0530214639653908,0.04885816004349962,1.1442105649861198,0.14421056498611984,1.2606550059163608,19.58375,24.0,1220,2,0.5,SAME_CLOCK_BLEND
23060,E:\2-学术\2-项目\园上园项目\牛尾环项目\温度传感器专项算法\正常数据\546C50CA090E-23060-I\2026-08-21\motion\2026-08-21 10_45_35.json,75e8edb78f04a657b84edadfcdcc96e8d655eb49c494379e29b954da3dbce547,1787284311029,1787283935534,1787283960000,VALID,True,LOW,False,False,3475.12,0.03827614544962546,0.044011692679373354,0.05210505603092677,0.9590611111111111,0.8868351851851852,0.869275925925926,0.04501251965375047,0.039553942607606016,0.042283231130678244,0.9052322735538184,-0.09476772644618159,1.0408781803678442,19.569411111111112,24.0,1219,2,0.5,SAME_CLOCK_BLEND
23060,E:\2-学术\2-项目\园上园项目\牛尾环项目\温度传感器专项算法\正常数据\546C50CA090E-23060-I\2026-08-21\motion\2026-08-21 11_52_32.json,580977568e156898d3e2a58f22b324153f229a0bf85294ed2e55b9d591f3683a,1787288347647,1787287952324,1787287980000,VALID,True,LOW,False,False,3475.1,0.04050726823644901,0.04645171549197705,0.0509161247501526,0.9581666666666667,0.8876203703703703,0.8695046296296296,0.044828410594377054,0.04526579916968493,0.045047104882030994,0.8992202349635815,-0.1007797650364185,1.0311809296873669,19.5567,24.0,1218,2,0.5,SAME_CLOCK_BLEND
23060,E:\2-学术\2-项目\园上园项目\牛尾环项目\温度传感器专项算法\正常数据\546C50CA090E-23060-I\2026-08-21\motion\2026-08-21 12_59_48.json,79e7608fb1f855dd5e5dd836b41710d1695121d90b36aa9368d748dbcd4c2f08,1787292373999,1787291988659,1787292000000,VALID,True,LOW,False,False,3475.02,0.055116453975654324,0.04633277205570186,0.05185667681520303,0.9626833333333333,0.8881407407407408,0.8694888888888889,0.04518787386157859,0.035967964681570694,0.04057791927157464,1.3582868457788104,0.3582868457788104,1.1418222739715136,19.54458888888889,24.0,1217,2,0.5,SAME_CLOCK_BLEND
23060,E:\2-学术\2-项目\园上园项目\牛尾环项目\温度传感器专项算法\正常数据\546C50CA090E-23060-I\2026-08-21\motion\2026-08-21 14_06_56.json,76ffb13763a17f2a09c6b8af35b1e8fc90a3b289089d66b1e0cb87912ce431dd,1787296411718,1787296016468,1787296020000,VALID,True,LOW,False,False,3475.02,0.07971936137692909,0.05851770566740882,0.05147039923463022,0.96485,0.8878333333333334,0.8697555555555555,0.046030311507770365,0.06064289060991079,0.05333660105884058,1.4946464490488103,0.4946464490488103,1.0971397596718335,19.54633888888889,24.0,1217,2,0.5,SAME_CLOCK_BLEND
23060,E:\2-学术\2-项目\园上园项目\牛尾环项目\温度传感器专项算法\正常数据\546C50CA090E-23060-I\2026-08-21\motion\2026-08-21 15_14_11.json,d61358b9661cdd31ab379df3b9f6a3898f54b92909ec5287a759adf10ff10bce,1787300446228,1787300051200,1787300100000,VALID,True,LOW,False,False,3475.16,0.07290599523406009,0.07176015204538432,0.05776921519358034,0.9523111111111111,0.8839888888888889,0.8674712962962963,0.04754444012644017,0.05761642245354159,0.052580431289990875,1.3865613774061674,0.38656137740616736,1.3647691790433156,19.543300000000002,24.0,1217,2,0.5,SAME_CLOCK_BLEND
23060,E:\2-学术\2-项目\园上园项目\牛尾环项目\温度传感器专项算法\正常数据\546C50CA090E-23060-I\2026-08-21\motion\2026-08-21 16_21_24.json,fd07d45c48fdb0ce33440cd03ce746a87ddf3c3a23b5a86450cf1613c111d0e8,1787304486024,1787304084150,1787304120000,VALID,True,LOW,False,False,3475.1,0.05518032388986028,0.06947953917139696,0.06031431043862346,0.9558944444444445,0.884724074074074,0.8677333333333334,0.048069967423244056,0.041032697872901834,0.04572421090646332,1.206807570779976,0.2068075707799759,1.5195350076905474,19.529766666666667,24.0,1216,1,0.3333333333333333,SAME_CLOCK_BLEND
23060,E:\2-学术\2-项目\园上园项目\牛尾环项目\温度传感器专项算法\正常数据\546C50CA090E-23060-I\2026-08-21\motion\2026-08-21 17_28_37.json,4b01ea384922cb8144df3654baa0757595c64916b825532f0d6b5529d1d4d5c1,1787308507235,1787308117426,1787308140000,VALID,True,LOW,False,False,3474.94,0.06797363339743041,0.06031743544144259,0.06424566313671348,0.9595388888888889,0.8858833333333334,0.867574074074074,0.04856716795443366,0.04782729782351628,0.04819723288897497,1.4103223219061454,0.41032232190614537,1.2514709211706654,19.515522222222224,24.0,1215,2,0.5,SAME_CLOCK_BLEND
23060,E:\2-学术\2-项目\园上园项目\牛尾环项目\温度传感器专项算法\正常数据\546C50CA090E-23060-I\2026-08-21\motion\2026-08-21 18_35_47.json,e213fa192f798956d61c7b55a65e21b4550131b04b9f191cb558246b54551210,1787312548996,1787312147577,1787312160000,VALID,True,STRONG,True,True,3475.08,0.11428493905133849,0.08320698521972417,0.07698343861716658,0.9624,0.8870759259259259,0.8683314814814814,0.04913629196900054,0.06455627947858662,0.05427628780552924,2.1056145081406257,1.1056145081406257,1.5330264574808983,19.500577777777778,24.0,1214,1,0.3333333333333333,SAME_CLOCK_BLEND
23060,E:\2-学术\2-项目\园上园项目\牛尾环项目\温度传感器专项算法\正常数据\546C50CA090E-23060-I\2026-08-21\motion\2026-08-21 19_43_09.json,e9c2a0a17a9a53bd797969a13878b470f2b1d8a65d19007e26ef285641611896,1787316679151,1787316189274,1787316240000,VALID,True,LOW,False,False,3475.1,0.04988947560094201,0.08025515703335931,0.07267232747989752,0.9517611111111111,0.8829537037037037,0.8660203703703704,0.05281501506675973,0.03799467211691952,0.04787490075014633,1.042079979680992,0.042079979680992086,1.6763514028405375,20.122566666666668,24.0,1253,1,0.3333333333333333,SAME_CLOCK_BLEND
23060,E:\2-学术\2-项目\园上园项目\牛尾环项目\温度传感器专项算法\正常数据\546C50CA090E-23060-I\2026-08-21\motion\2026-08-21 22_01_10.json,64f44accf5f2c00306e683152c95bb3bb3da274efc26bbb8a636f75e70a672d2,1787324886943,1787324470068,1787324520000,VALID,True,STRONG,True,True,3475.06,0.11673592965652031,,0.08685463897688173,0.9519722222222222,0.542487037037037,0.6955944444444444,0.05314340094903806,0.025682288112436412,0.039412844530737234,2.9618752730592806,1.9618752730592806,,19.46141111111111,24.0,1212,2,0.5,SAME_CLOCK_BLEND
23060,E:\2-学术\2-项目\园上园项目\牛尾环项目\温度传感器专项算法\正常数据\546C50CA090E-23060-I\2026-08-21\motion\2026-08-21 23_08_47.json,fe82921f3f5fa2ac9b1e28c81426312cd9d4bef36f3afa1edc9ae89726264d7d,1787328924127,1787328527433,1787328540000,VALID,True,LOW,False,False,3474.92,0.07432314114812529,,0.09002170633617804,0.9623111111111111,0.6435166666666666,0.6962,0.05780820619219268,0.044770642781172654,0.051289424486682667,1.449092905447269,0.449092905447269,,19.44878888888889,24.0,1211,2,0.5,SAME_CLOCK_BLEND
23060,E:\2-学术\2-项目\园上园项目\牛尾环项目\温度传感器专项算法\正常数据\546C50CA090E-23060-I\2026-08-22\motion\2026-08-22 00_16_00.json,297490a7b57442df8f2ef1bfa6f0e0629c59f3ab7d17ae04c800e5767e7973d8,1787332953407,1787332560055,1787332620000,VALID,True,LOW,False,False,3475.0,0.07687154664757846,0.0902410989507094,0.07885998203988936,0.9491777777777778,0.8804,0.693987037037037,0.058886846578999376,0.04540921080728761,0.05214802869314349,1.474102637703075,0.47410263770307504,1.7304795830676232,19.44872777777778,24.0,1211,2,0.5,SAME_CLOCK_BLEND
23060,E:\2-学术\2-项目\园上园项目\牛尾环项目\温度传感器专项算法\正常数据\546C50CA090E-23060-I\2026-08-22\motion\2026-08-22 01_23_14.json,5d0aaaafd055efece812c126d23dcf52f1ef827b872e91291b6b2060889b03de,1787336979130,1787336594126,1787336640000,VALID,True,LOW,False,False,3475.06,0.06020695834283647,0.06803433702830593,0.07745026721854385,0.9531055555555555,0.8838611111111111,0.6948962962962963,0.06043802556972179,0.045349188848647914,0.05289360720918485,1.138265312568466,0.13826531256846608,1.2862487664953945,19.460950000000004,24.0,1212,2,0.5,SAME_CLOCK_BLEND
23060,E:\2-学术\2-项目\园上园项目\牛尾环项目\温度传感器专项算法\正常数据\546C50CA090E-23060-I\2026-08-22\motion\2026-08-22 02_30_19.json,7d004ebcf8cb2e388b644fc9d143db113f06853e4fdbcb765d0dffe44f62c5ea,1787341007217,1787340619944,1787340660000,VALID,True,ELEVATED,True,False,3475.08,0.06078897108550866,0.06817436031614964,0.07761066422375049,0.9547222222222222,0.8848481481481482,0.8044037037037037,0.060850395631046814,0.02010622219700496,0.04047830891402589,1.5017665687225648,0.5017665687225648,1.6842195769825494,19.46092222222222,24.0,1212,2,0.5,SAME_CLOCK_BLEND
23060,E:\2-学术\2-项目\园上园项目\牛尾环项目\温度传感器专项算法\正常数据\546C50CA090E-23060-I\2026-08-22\motion\2026-08-22 03_37_27.json,0cf9900be514621a9bfcb1a5c78f91566334f1b3d241c2cc36c4fbb870e50bd7,1787345038166,1787344647705,1787344680000,VALID,True,ELEVATED,False,False,3475.02,0.07733908371846496,0.06749806891145428,0.07575821805108225,0.9568611111111112,0.88615,0.866537037037037,0.06277914969200127,0.03318220841822593,0.0479806790551136,1.611879724120379,0.611879724120379,1.4067760240308769,19.44738888888889,24.0,1211,2,0.5,SAME_CLOCK_BLEND
23060,E:\2-学术\2-项目\园上园项目\牛尾环项目\温度传感器专项算法\正常数据\546C50CA090E-23060-I\2026-08-22\motion\2026-08-22 04_44_39.json,ff0414e607aac5a9e1b803314e430b7470dde41b906c1e623cdfa6d1512f10a5,1787349078655,1787348679575,1787348700000,VALID,True,ELEVATED,False,False,3474.92,0.07565570310546545,0.0764483875453681,0.07056441692774744,0.9601277777777778,0.8866759259259259,0.8682648148148148,0.06426808458037299,0.026038487493116012,0.0451532860367445,1.6755303931567445,0.6755303931567445,1.6930858029503437,19.43343888888889,24.0,1210,2,0.5,SAME_CLOCK_BLEND
23060,E:\2-学术\2-项目\园上园项目\牛尾环项目\温度传感器专项算法\正常数据\546C50CA090E-23060-I\2026-08-22\motion\2026-08-22 05_51_59.json,aaf7fcd5c66a43c4e69f4827b77ec61b2e47ee10e0b8ade98b601c1f69d6760d,1787353104894,1787352719692,1787352720000,VALID,True,LOW,False,False,3475.18,0.0678455866104958,0.06788102597280264,0.06779209805742407,0.9653277777777778,0.8874037037037037,0.868762037037037,0.06669624278151413,0.05728272212797243,0.06198948245474328,1.0944693184045842,0.09446931840458417,1.095041018004314,19.42023888888889,24.0,1209,2,0.5,SAME_CLOCK_BLEND
23060,E:\2-学术\2-项目\园上园项目\牛尾环项目\温度传感器专项算法\正常数据\546C50CA090E-23060-I\2026-08-22\motion\2026-08-22 06_59_05.json,9a6e9783092be50cf66072ffa1a4ce095ccc4741dd864a3989c7b2c0632efe4b,1787357146273,1787356745922,1787356800000,VALID,True,STRONG,True,True,3475.12,0.11302881741389947,0.08898856370729463,0.07664628180142583,0.9508388888888889,0.8831555555555556,0.8667361111111112,0.0675985504197839,0.041296059550761724,0.05444730498527281,2.0759304330025534,1.0759304330025534,1.6343979510347615,19.42308333333333,24.0,1209,2,0.5,SAME_CLOCK_BLEND
23060,E:\2-学术\2-项目\园上园项目\牛尾环项目\温度传感器专项算法\正常数据\546C50CA090E-23060-I\2026-08-22\motion\2026-08-22 08_06_27.json,2f48a787e4bdf94211f26f9628fea9e70defd0edadb5ce0e7d363b6bea4c1080,1787361143728,1787360787675,1787360820000,VALID,True,LOW,False,False,3475.2,0.046419688855067615,0.07871141086201738,0.07810447594700706,0.9569,0.884874074074074,0.8670092592592593,0.06997734905039599,0.060249089471071576,0.06511321926073378,0.712907292591211,-0.287092707408789,1.2088391843572066,19.41132222222222,24.0,1208,2,0.5,SAME_CLOCK_BLEND
23060,E:\2-学术\2-项目\园上园项目\牛尾环项目\温度传感器专项算法\正常数据\546C50CA090E-23060-I\2026-08-22\motion\2026-08-22 09_13_06.json,270cddfc5ff5085e4b23a293d46b1f1d109e13f20fcb431ceee3130dcf984a90,1787365166840,1787364786631,1787364840000,VALID,True,LOW,False,False,3475.36,0.07337539691058391,0.07464452218060488,0.07308969292428721,0.9511,0.8854407407407408,0.867387037037037,0.06904618671594841,0.04041035515078176,0.05186468777684842,1.4147467198932513,0.4147467198932513,1.4392166497129677,19.42566111111111,24.0,1209,3,0.6,SAME_CLOCK_BLEND
23060,E:\2-学术\2-项目\园上园项目\牛尾环项目\温度传感器专项算法\正常数据\546C50CA090E-23060-I\2026-08-22\motion\2026-08-22 22_59_44.json,23a2643c814705392a254a5a1be15c57c2183db1e999c2b0c60c41b718f2e4be,1787414679600,1787414384954,1787414400000,VALID,True,LOW,False,False,3475.42,0.0012057565612018264,,,0.9617666666666667,0.32179814814814817,0.16089907407407408,0.07222378010630114,0.04740489456422363,0.05733244878105463,0.021030962166058147,-0.9789690378339418,,9.59425,24.0,597,3,0.6,SAME_CLOCK_BLEND
23077,E:\2-学术\2-项目\园上园项目\牛尾环项目\温度传感器专项算法\正常数据\546C50CA07FA-23077-E\2026-08-17\motion\2026-08-17 00_17_45.json,46bcfe1749d273473a28cb3f4ff4eb464ba86b5889796754e22948691ac4a0cc,1786899059956,1786898865856,1786898880000,LOW_COVERAGE,False,UNAVAILABLE,False,False,1737.86,,,,0.4827388888888889,0.16091296296296295,0.08045648148148148,,,,,,,0.0,0.0,0,0,0.0,INSUFFICIENT_HISTORY
23077,E:\2-学术\2-项目\园上园项目\牛尾环项目\温度传感器专项算法\正常数据\546C50CA07FA-23077-E\2026-08-17\motion\2026-08-17 00_51_59.json,10151b4e9e6d637ec529a662e683e0367fb19ac115abda67112eeb706134242b,1786901127753,1786900920005,1786900980000,INSUFFICIENT_HISTORY,False,UNAVAILABLE,False,False,1737.76,0.04095736386427573,,,0.8816222222222222,0.32181666666666664,0.16090833333333332,,,,,,,0.08045000000000001,0.1,5,0,0.0,INSUFFICIENT_HISTORY
23077,E:\2-学术\2-项目\园上园项目\牛尾环项目\温度传感器专项算法\正常数据\546C50CA07FA-23077-E\2026-08-17\motion\2026-08-17 01_26_26.json,98823e7527695aa75ecf7cdef1f737f0a3e278c97d95e1ebfae05ed7c9a01fab,1786903194532,1786902986760,1786903020000,INSUFFICIENT_HISTORY,False,UNAVAILABLE,False,False,1737.8,0.04960838062598384,,,0.8849611111111111,0.4827240740740741,0.24136203703703704,,,,,,,0.5598333333333334,0.6666666666666666,35,0,0.0,INSUFFICIENT_HISTORY
23077,E:\2-学术\2-项目\园上园项目\牛尾环项目\温度传感器专项算法\正常数据\546C50CA07FA-23077-E\2026-08-17\motion\2026-08-17 02_00_54.json,ad55c8a2ebd740250a91ec127bef5d6837deca5485c29813ab84c604ab4a2c40,1786905249515,1786905054268,1786905060000,INSUFFICIENT_HISTORY,False,UNAVAILABLE,False,False,1737.8,0.02866840376604049,,,0.8924055555555556,0.6436314814814815,0.32181574074074076,,,,,,,1.026427777777778,1.2333333333333334,64,0,0.0,INSUFFICIENT_HISTORY
23077,E:\2-学术\2-项目\园上园项目\牛尾环项目\温度传感器专项算法\正常数据\546C50CA07FA-23077-E\2026-08-17\motion\2026-08-17 02_35_08.json,4615a50149634eb960a3a4c5f789841c9d7df87d0b51ba190e31cfcead1ddf84,1786907301040,1786907108788,1786907160000,INSUFFICIENT_HISTORY,False,UNAVAILABLE,False,False,1737.92,0.021730399524153555,0.031565841767827084,,0.8839944444444444,0.80455,0.402275,,,,,,,1.509122222222222,1.8166666666666667,94,0,0.0,INSUFFICIENT_HISTORY
23077,E:\2-学术\2-项目\园上园项目\牛尾环项目\温度传感器专项算法\正常数据\546C50CA07FA-23077-E\2026-08-17\motion\2026-08-17 03_09_20.json,32356be7980e36035f8e3a7bf9735be2fc1eed60a58861a692474f96c9261471,1786909351891,1786909160636,1786909200000,PROVISIONAL,True,LOW,False,False,1737.86,0.013074950952034332,0.0292934138964193,,0.8874611111111111,0.8463351851851851,0.4827314814814815,0.035582066921511904,,0.035582066921511904,0.36745900627064443,-0.6325409937293556,0.8232634141528562,1.9883944444444444,2.3833333333333333,124,0,0.0,PROVISIONAL_SAME_DAY
23077,E:\2-学术\2-项目\园上园项目\牛尾环项目\温度传感器专项算法\正常数据\546C50CA07FA-23077-E\2026-08-17\motion\2026-08-17 03_43_31.json,d81f1fb5ab83fa9e790dba4c54c246ab2705e2eeb34b5cfdcfacd878c5f6eba7,1786911401142,1786911211288,1786911240000,PROVISIONAL,True,LOW,False,False,1737.92,0.010710432932673332,0.02116083150780921,,0.8907444444444444,0.8474666666666667,0.5631907407407407,0.031834161835773755,,0.031834161835773755,0.33644463416145115,-0.6635553658385489,0.6647208623545303,2.4550444444444444,2.95,153,0,0.0,PROVISIONAL_SAME_DAY
23077,E:\2-学术\2-项目\园上园项目\牛尾环项目\温度传感器专项算法\正常数据\546C50CA07FA-23077-E\2026-08-17\motion\2026-08-17 04_17_40.json,d6f6b303f0a3c4d2d3c77d226017e309d66bd5e0435b701da042e4699e7a053b,1786913453835,1786913260855,1786913280000,PROVISIONAL,True,LOW,False,False,1737.9,0.013301728522939009,0.01728453574647026,,0.8937222222222222,0.8499574074074074,0.6436490740740741,0.028198400036481053,,0.028198400036481053,0.47171926441678225,-0.5282807355832178,0.6129615766890596,2.921661111111111,3.5166666666666666,182,0,0.0,PROVISIONAL_SAME_DAY
23077,E:\2-学术\2-项目\园上园项目\牛尾环项目\温度传感器专项算法\正常数据\546C50CA07FA-23077-E\2026-08-17\motion\2026-08-17 04_51_53.json,4e4e630e2f24ff79e4d8d3727a8c5b83da6afe25529a62fc0d78c009b3957fba,1786915509354,1786915313316,1786915320000,PROVISIONAL,True,LOW,False,False,1737.92,0.014143757936336671,0.014722598664898268,0.023432293508434076,0.8963777777777778,0.8525148148148148,0.7241083333333334,0.025882246402590067,,0.025882246402590067,0.5464656242095466,-0.4535343757904534,0.5688300171435259,3.388305555555555,4.083333333333333,211,0,0.0,PROVISIONAL_SAME_DAY
23077,E:\2-学术\2-项目\园上园项目\牛尾环项目\温度传感器专项算法\正常数据\546C50CA07FA-23077-E\2026-08-17\motion\2026-08-17 05_26_08.json,a4ea2b7e47efd72be8a53165d526e758df98e469d6e47abf3aed494d3b052457,1786917567116,1786917368749,1786917420000,PROVISIONAL,True,LOW,False,False,1737.9,0.015553604653950472,0.014490374337017688,0.022798142896603073,0.8837388888888889,0.8483055555555555,0.8045666666666667,0.024462853836901877,,0.024462853836901877,0.6358049946931406,-0.36419500530685944,0.5923419415260193,3.871044444444444,4.666666666666667,241,0,0.0,PROVISIONAL_SAME_DAY
23077,E:\2-学术\2-项目\园上园项目\牛尾环项目\温度传感器专项算法\正常数据\546C50CA07FA-23077-E\2026-08-17\motion\2026-08-17 06_00_26.json,99e9a808d3d35986626a92bb3d1f6ce93409364e55376593a9c834ee4b584412,1786919623595,1786919426370,1786919460000,PROVISIONAL,True,LOW,False,False,1737.86,0.01628392216780875,0.014017800303430293,0.022088037202942577,0.8874333333333333,0.8494037037037037,0.8495972222222222,0.02318862978791802,,0.02318862978791802,0.702237360151964,-0.29776263984803597,0.6045117987408636,4.350088888888888,5.233333333333333,271,0,0.0,PROVISIONAL_SAME_DAY
23077,E:\2-学术\2-项目\园上园项目\牛尾环项目\温度传感器专项算法\正常数据\546C50CA07FA-23077-E\2026-08-17\motion\2026-08-17 06_34_42.json,7f1eb00a2c25f2dba7af20600e901d1064d0183a558034e72c0e272dc635f4d3,1786921673822,1786921482684,1786921500000,PROVISIONAL,True,LOW,False,False,1737.88,0.015954574492102767,0.015436371298042718,0.02161820744806528,0.8923333333333333,0.850387037037037,0.8501592592592593,0.022763331085845315,,0.022763331085845315,0.7008892693224339,-0.2991107306775661,0.6781244467177897,4.816716666666666,5.8,300,0,0.0,PROVISIONAL_SAME_DAY
23077,E:\2-学术\2-项目\园上园项目\牛尾环项目\温度传感器专项算法\正常数据\546C50CA07FA-23077-E\2026-08-17\motion\2026-08-17 07_08_53.json,e302c8ae4c92a161354da3ce535022b1dabdabb78ecb4a784471c90cbb17df22,1786923735873,1786923533941,1786923540000,PROVISIONAL,True,LOW,False,False,1737.8,0.020205556160806732,0.01697018371620738,0.017764754821790584,0.8968555555555555,0.851262962962963,0.8513981481481482,0.022047881832526667,,0.022047881832526667,0.9164397883790361,-0.08356021162096394,0.7696967828978342,5.283333333333333,6.366666666666666,329,0,0.0,PROVISIONAL_SAME_DAY
23077,E:\2-学术\2-项目\园上园项目\牛尾环项目\温度传感器专项算法\正常数据\546C50CA07FA-23077-E\2026-08-17\motion\2026-08-17 07_43_14.json,c733e980cab39be3b946b6548518ba9df4635849a289003c17d6b93f489c60e9,1786925815314,1786925594936,1786925640000,PROVISIONAL,True,STRONG,True,True,1737.74,0.05333631123283805,0.028951749485452514,0.02219740022096006,0.8838555555555555,0.8470351851851852,0.849987962962963,0.02154582500867996,,0.02154582500867996,2.475482429257221,1.4754824292572208,1.3437289810805109,5.777905555555555,6.95,360,0,0.0,PROVISIONAL_SAME_DAY
23077,E:\2-学术\2-项目\园上园项目\牛尾环项目\温度传感器专项算法\正常数据\546C50CA07FA-23077-E\2026-08-17\motion\2026-08-17 08_17_53.json,b482b577e2b5cfaced47ec3f9648092c878a3687ab853e994f5d67a040acc350,1786927875811,1786927673993,1786927680000,PROVISIONAL,True,STRONG,False,False,1737.8,0.0763165206866003,0.038855684357968406,0.026289843039108567,0.8891055555555556,0.8482648148148149,0.850562962962963,0.021806758216341742,,0.021806758216341742,3.4996728963321817,2.4996728963321817,1.7818184607031773,6.255377777777777,7.516666666666667,390,0,0.0,PROVISIONAL_SAME_DAY
23077,E:\2-学术\2-项目\园上园项目\牛尾环项目\温度传感器专项算法\正常数据\546C50CA07FA-23077-E\2026-08-17\motion\2026-08-17 08_52_14.json,28a68b602b330639006030393d4e8e43ef8b8a2a433cca889e6335873ec74030,1786929947510,1786929734442,1786929780000,PROVISIONAL,True,ELEVATED,False,False,1737.88,0.05077765421666823,0.04517546954628889,0.02922106634765807,0.8838888888888888,0.8445296296296296,0.8484296296296296,0.026950361083426896,,0.026950361083426896,1.8841177696833868,0.8841177696833868,1.6762472831605033,6.738077777777776,8.1,420,0,0.0,PROVISIONAL_SAME_DAY
23077,E:\2-学术\2-项目\园上园项目\牛尾环项目\温度传感器专项算法\正常数据\546C50CA07FA-23077-E\2026-08-17\motion\2026-08-17 09_26_46.json,a630d2a125f8f9aad25fd28ec2f816d47e2faa1d3add0d5ebc7dd35a3593fcfa,1786932005301,1786931806857,1786931820000,PROVISIONAL,True,LOW,False,False,1737.86,0.023230302023672173,0.043744595810801104,0.029422240223600727,0.8890222222222223,0.8460462962962964,0.8489212962962963,0.029301824334946613,,0.029301824334946613,0.7927937099795769,-0.20720629002042312,1.4928966644110764,7.215683333333333,8.666666666666666,450,0,0.0,PROVISIONAL_SAME_DAY
23077,E:\2-学术\2-项目\园上园项目\牛尾环项目\温度传感器专项算法\正常数据\546C50CA07FA-23077-E\2026-08-17\motion\2026-08-17 10_01_05.json,9bb648b85739667ba4859edfe328ffb8048d9624989a91b321efb334d0deacd6,1786935957480,1786935665945,1786935720000,PROVISIONAL,True,LOW,False,False,3475.76,0.008810198660593306,0.03656357680790443,0.028421462507627327,0.9510277777777778,0.8649388888888889,0.8579814814814815,0.028600501601752787,,0.028600501601752787,0.3080435015885655,-0.6919564984114345,1.2784243198610064,8.11205,9.75,506,0,0.0,PROVISIONAL_SAME_DAY
23077,E:\2-学术\2-项目\园上园项目\牛尾环项目\温度传感器专项算法\正常数据\546C50CA07FA-23077-E\2026-08-17\motion\2026-08-17 11_06_47.json,9ed60383d5726c8141b5994f69724fdd36bd2000ae385a0228c620f6906d601b,1786939876592,1786939607594,1786939620000,PROVISIONAL,True,LOW,False,False,3475.72,0.0006346077839674419,0.006396075193599445,0.025335786460594735,0.9625833333333333,0.8863592592592593,0.8674574074074074,0.02651100586355894,,0.02651100586355894,0.023937521919519113,-0.9760624780804809,0.24126112854854956,9.061422222222223,10.833333333333334,565,0,0.0,PROVISIONAL_SAME_DAY
23077,E:\2-学术\2-项目\园上园项目\牛尾环项目\温度传感器专项算法\正常数据\546C50CA07FA-23077-E\2026-08-17\motion\2026-08-17 13_33_04.json,34508265594b9cfed2749b37bf379ff3fccc265dcfbc3b8c70e0b087c8d47761,1786948733467,1786948384179,1786948440000,PROVISIONAL,True,LOW,False,False,3475.76,0.0031427152341775896,,0.012978813876988548,0.9505333333333333,0.4978796296296296,0.6810166666666667,0.024061514797923404,,0.024061514797923404,0.1306116950894886,-0.8693883049105113,,10.03896111111111,13.283333333333333,626,0,0.0,PROVISIONAL_SAME_DAY
23077,E:\2-学术\2-项目\园上园项目\牛尾环项目\温度传感器专项算法\正常数据\546C50CA07FA-23077-E\2026-08-17\motion\2026-08-17 17_01_33.json,e8f3b3cf600e8603e6cc6f341945b8644a165d9597ac72d48569c1b958ffe2e9,1786961230000,1786960893589,1786960920000,PROVISIONAL,True,STRONG,True,True,3475.42,0.08416232503633352,,,0.9586111111111111,0.32179814814814817,0.3347462962962963,0.022254430705045992,,0.022254430705045992,3.781823321018518,2.781823321018518,,10.988333333333333,16.75,685,0,0.0,PROVISIONAL_SAME_DAY
23077,E:\2-学术\2-项目\园上园项目\牛尾环项目\温度传感器专项算法\正常数据\546C50CA07FA-23077-E\2026-08-17\motion\2026-08-17 18_07_56.json,6e99a3742095bf202b24a69edaf94d4d70688a595e7fc044af5c5766bf068371,1786965222048,1786964876112,1786964880000,PROVISIONAL,True,STRONG,False,False,3475.3,0.1103037255281268,,,0.9648333333333333,0.6435851851851851,0.4827074074074074,0.02705937612341451,,0.02705937612341451,4.0763587831827675,3.0763587831827675,,11.937616666666667,17.85,744,0,0.0,PROVISIONAL_SAME_DAY
23077,E:\2-学术\2-项目\园上园项目\牛尾环项目\温度传感器专项算法\正常数据\546C50CA07FA-23077-E\2026-08-17\motion\2026-08-17 19_14_28.json,61e23e3504bdb0d132b5fbe742c99d26f243db24c002c1880f750833d1875657,1786969211511,1786968868642,1786968900000,PROVISIONAL,True,STRONG,False,False,3475.48,0.115672717610401,0.10415267896696502,,0.95725,0.8934037037037037,0.531162962962963,0.033284311939272206,,0.033284311939272206,3.475292438715508,2.475292438715508,3.129182275331194,12.902449999999998,18.966666666666665,804,0,0.0,PROVISIONAL_SAME_DAY
23077,E:\2-学术\2-项目\园上园项目\牛尾环项目\温度传感器专项算法\正常数据\546C50CA07FA-23077-E\2026-08-17\motion\2026-08-17 21_23_14.json,846b11ae4acb09c842bb31008f8e6fd9fece56d910ae0aadc42350c2adff48c5,1786976924847,1786976594704,1786976640000,PROVISIONAL,True,ELEVATED,True,False,3475.58,0.07020353540463953,,,0.9534111111111111,0.592624074074074,0.6436009259259259,0.03896485973524604,,0.03896485973524604,1.8017140541926868,0.8017140541926868,,13.863772222222222,21.116666666666667,864,0,0.0,PROVISIONAL_SAME_DAY
23077,E:\2-学术\2-项目\园上园项目\牛尾环项目\温度传感器专项算法\正常数据\546C50CA07FA-23077-E\2026-08-17\motion\2026-08-17 22_29_31.json,f8fd229d889b36b24ef1e1b826a1a44535f66adec7e834af081773c073af6e8b,1786980884426,1786980571723,1786980600000,PROVISIONAL,True,LOW,False,False,3475.72,0.04456754226713873,,0.08436721917081991,0.9581722222222222,0.6436388888888889,0.7282972222222223,0.040982952809476725,,0.040982952809476725,1.0874653779664485,0.08746537796644849,,14.813099999999999,22.216666666666665,923,0,0.0,PROVISIONAL_SAME_DAY
23077,E:\2-学术\2-项目\园上园项目\牛尾环项目\温度传感器专项算法\正常数据\546C50CA07FA-23077-E\2026-08-17\motion\2026-08-17 23_35_30.json,6064f2fdd7d2054e03701b740bea7a90b63dd7fac454984d119b19b80cb1852a,1786984855918,1786984530726,1786984560000,PROVISIONAL,True,ELEVATED,True,False,3475.48,0.0789628809695086,0.06380031669192957,0.08581589074696414,0.9578333333333333,0.8970666666666667,0.7293472222222223,0.04121813807004794,,0.04121813807004794,1.9157313907609208,0.9157313907609208,1.5478699349180804,15.762455555555555,23.316666666666666,982,0,0.0,PROVISIONAL_SAME_DAY
23077,E:\2-学术\2-项目\园上园项目\牛尾环项目\温度传感器专项算法\正常数据\546C50CA07FA-23077-E\2026-08-18\motion\2026-08-18 00_41_42.json,38e5ff5d4c91f833db9848243b17ac618831811eccfa9eb58215dfb246024814,1786988848827,1786988502643,1786988520000,VALID,True,ELEVATED,False,False,3475.3,0.08308737912724778,0.06412314913333078,0.07348197545127047,0.9610944444444445,0.8986203703703703,0.7307509259259259,0.043879732701330255,0.04749100614971396,0.04508349051745816,1.8429668637807222,0.8429668637807222,1.4223199756127956,16.32556111111111,24.0,1017,1,0.3333333333333333,SAME_CLOCK_BLEND
23077,E:\2-学术\2-项目\园上园项目\牛尾环项目\温度传感器专项算法\正常数据\546C50CA07FA-23077-E\2026-08-18\motion\2026-08-18 01_48_14.json,848c73f5ae0fa6ee2459b46ca66000c2c8358ff23eb1d14accfb11ad10ab2d1a,1786992824603,1786992494806,1786992540000,VALID,True,LOW,False,False,3475.64,0.044493091466772355,0.06810565491075898,0.06431445189906689,0.9534555555555555,0.8931592592592592,0.8045240740740741,0.04603721693937254,0.024651296479672263,0.03890857678613911,1.1435291429786423,0.14352914297864228,1.7504021101851537,16.368794444444443,24.0,1020,1,0.3333333333333333,SAME_CLOCK_BLEND
23077,E:\2-学术\2-项目\园上园项目\牛尾环项目\温度传感器专项算法\正常数据\546C50CA07FA-23077-E\2026-08-18\motion\2026-08-18 02_54_32.json,9316d81c42e534417016d535f9097cde44b27ff9a18c0fd82237f350af47d232,1786996804737,1786996472176,1786996500000,VALID,True,STRONG,True,True,3475.44,0.08044657507128149,0.06821362198625153,0.06531432944935735,0.9582222222222222,0.8942611111111111,0.8802851851851852,0.04721652386344521,0.0140140995853422,0.03614904910407754,2.2254133114170154,1.2254133114170154,1.887010133789582,16.404416666666666,24.0,1022,1,0.3333333333333333,SAME_CLOCK_BLEND
23077,E:\2-学术\2-项目\园上园项目\牛尾环项目\温度传感器专项算法\正常数据\546C50CA07FA-23077-E\2026-08-18\motion\2026-08-18 04_00_51.json,4adbb433088f50c1f7f090aaf5488ff5efa0e97b6ece0c1d61a703e3bccc6a92,1787000784132,1787000451808,1787000460000,VALID,True,ELEVATED,False,False,3475.46,0.07056010175338026,0.06845612729884476,0.06650379081890564,0.9636833333333333,0.8970574074074074,0.8810648148148148,0.05093719789356666,0.013421826012453642,0.038432073933195664,1.8359691406722145,0.8359691406722145,1.781223865717948,16.452627777777774,24.0,1025,1,0.3333333333333333,SAME_CLOCK_BLEND
23103,E:\2-学术\2-项目\园上园项目\牛尾环项目\温度传感器专项算法\正常数据\0C3D5EA22DE3-23103-C4\2026-08-22\motion\2026-08-22 17_19_16.json,19359ec8cc900bef506946b48f35192b6af0968f7ae29e151741ae5e7c3ee437,1787394303414,1787393956098,1787394000000,INSUFFICIENT_HISTORY,False,UNAVAILABLE,False,False,3475.34,0.03161632027846585,,,0.9537277777777777,0.32179074074074077,0.16089537037037038,,,,,,,0.0,0.016666666666666666,0,0,0.0,INSUFFICIENT_HISTORY
23103,E:\2-学术\2-项目\园上园项目\牛尾环项目\温度传感器专项算法\正常数据\0C3D5EA22DE3-23103-C4\2026-08-22\motion\2026-08-22 18_25_58.json,254b55e272e869b963683dd895544e488b04b6735caa54d57e7b890204105e4a,1787398308119,1787397958290,1787397960000,INSUFFICIENT_HISTORY,False,UNAVAILABLE,False,False,3475.32,0.04604108240523589,,,0.9653666666666667,0.6435796296296297,0.32178981481481483,,,,,,,0.9492555555555556,1.1166666666666667,59,0,0.0,INSUFFICIENT_HISTORY
23103,E:\2-学术\2-项目\园上园项目\牛尾环项目\温度传感器专项算法\正常数据\0C3D5EA22DE3-23103-C4\2026-08-22\motion\2026-08-22 19_32_42.json,985e4831bc7d903ba524da369d0e7c8daa7fb816bd1b1f5867f81e08cfa00cd6,1787402317282,1787401962923,1787401980000,PROVISIONAL,True,LOW,False,False,3475.12,0.039638124680260504,0.0383715609238612,,0.9611166666666666,0.8917555555555555,0.482675,0.038819286346768934,,0.038819286346768934,1.0210935957497251,0.021093595749725136,0.9884664179833641,1.9146222222222218,2.2333333333333334,119,0,0.0,PROVISIONAL_SAME_DAY
23103,E:\2-学术\2-项目\园上园项目\牛尾环项目\温度传感器专项算法\正常数据\0C3D5EA22DE3-23103-C4\2026-08-22\motion\2026-08-22 20_39_31.json,db3abc714e90a2585d19f54873097f27f0ab697fcc1452390b68d2cc4a87b15a,1787406326373,1787405971170,1787406000000,PROVISIONAL,True,LOW,False,False,3475.2,0.04374454193765167,0.04475029796803436,,0.9578722222222222,0.8902425925925926,0.6435638888888889,0.03909295485424889,,0.03909295485424889,1.1189878611311268,0.1189878611311268,1.1447151573698602,2.8757388888888884,3.35,179,0,0.0,PROVISIONAL_SAME_DAY
23103,E:\2-学术\2-项目\园上园项目\牛尾环项目\温度传感器专项算法\正常数据\0C3D5EA22DE3-23103-C4\2026-08-22\motion\2026-08-22 21_46_21.json,0ac8b393bfc68abfd4027ac6d7d2817e9f317fbeb2d7b9cbe3ac1cd2bfabe39b,1787410364037,1787409981624,1787410020000,PROVISIONAL,True,LOW,False,False,3475.26,0.03843282902341471,0.04123253166339005,0.03998063712800814,0.9552388888888889,0.888862962962963,0.8044555555555556,0.04028131952051492,,0.04028131952051492,0.9541104780304233,-0.04588952196957674,1.0236142250104465,3.824949999999999,4.466666666666667,238,0,0.0,PROVISIONAL_SAME_DAY
23103,E:\2-学术\2-项目\园上园项目\牛尾环项目\温度传感器专项算法\正常数据\0C3D5EA22DE3-23103-C4\2026-08-22\motion\2026-08-22 22_53_34.json,673d3a5551dd0dda88713ba7440768e857a87bac48d83bdd16b31a8d4bd90fdb,1787414394974,1787414014044,1787414040000,PROVISIONAL,True,LOW,False,False,3475.12,0.04276541060772251,0.042652991833441116,0.041328095714794615,0.95865,0.8877592592592592,0.8722296296296296,0.03993149483431473,,0.03993149483431473,1.0709694386640511,0.07096943866405114,1.0681541477577667,4.774177777777778,5.583333333333333,297,0,0.0,PROVISIONAL_SAME_DAY
23103,E:\2-学术\2-项目\园上园项目\牛尾环项目\温度传感器专项算法\正常数据\0C3D5EA22DE3-23103-C4\2026-08-23\motion\2026-08-23 00_00_49.json,e8777257e281eec120284db3a92f63e02a82e65817b259f18da3f6c5d5bae492,1787418434667,1787418049438,1787418060000,PROVISIONAL,True,LOW,False,False,3475.36,0.029733113063661942,0.03726826113703509,0.040433614329712354,0.9629944444444445,0.8869,0.8714805555555556,0.04038900182409311,,0.04038900182409311,0.7361685538345083,-0.2638314461654917,0.9227329088089418,5.723372222222222,6.7,356,0,0.0,PROVISIONAL_SAME_DAY
23103,E:\2-学术\2-项目\园上园项目\牛尾环项目\温度传感器专项算法\正常数据\0C3D5EA22DE3-23103-C4\2026-08-23\motion\2026-08-23 01_08_07.json,6250a070650cba6f36377bde0b4ddb1837c1af82346322152aa069b2eeae7cd8,1787422471923,1787422087935,1787422140000,PROVISIONAL,True,LOW,False,False,3475.16,0.033054748995562225,0.035112706823102226,0.03800350400866027,0.9514055555555555,0.8826759259259259,0.8681101851851852,0.03906217332100852,,0.03906217332100852,0.8462086511142645,-0.15379134888573553,0.898892812095988,6.700283333333332,7.833333333333333,417,0,0.0,PROVISIONAL_SAME_DAY
23103,E:\2-学术\2-项目\园上园项目\牛尾环项目\温度传感器专项算法\正常数据\0C3D5EA22DE3-23103-C4\2026-08-23\motion\2026-08-23 02_15_24.json,601ba7a6382f344308866ec8122854b94ac91c8ef598b47f887293a2d4de3781,1787426515709,1787426124825,1787426160000,PROVISIONAL,True,LOW,False,False,3475.16,0.031886464213456284,0.03172364175983192,0.03670949176682548,0.9561,0.8841055555555556,0.8675583333333333,0.038317771463766886,,0.038317771463766886,0.8321586301961215,-0.16784136980387854,0.8279093628873917,7.649488888888888,8.95,476,0,0.0,PROVISIONAL_SAME_DAY
23103,E:\2-学术\2-项目\园上园项目\牛尾环项目\温度传感器专项算法\正常数据\0C3D5EA22DE3-23103-C4\2026-08-23\motion\2026-08-23 03_22_50.json,ee893b9d44b6908c3ee8d0086086a8a85880910b1e07b354ccfeb61396e98aff,1787430554516,1787430170246,1787430180000,PROVISIONAL,True,LOW,False,False,3475.28,0.038313084696056134,0.03403843834221592,0.03551500655293012,0.9631944444444445,0.8856166666666667,0.8671268518518519,0.037607698845156905,,0.037607698845156905,1.0187564214924059,0.01875642149240586,0.9050922919363722,8.598688888888889,10.066666666666666,535,0,0.0,PROVISIONAL_SAME_DAY
23103,E:\2-学术\2-项目\园上园项目\牛尾环项目\温度传感器专项算法\正常数据\0C3D5EA22DE3-23103-C4\2026-08-23\motion\2026-08-23 04_30_08.json,59fea3235647c77ff9970f98a926ecbcdac87a9cd296bdd11f476a819da7ac98,1787434592388,1787434208342,1787434260000,PROVISIONAL,True,LOW,False,False,3474.98,0.03400827354302269,0.03534770745359486,0.0350028497730605,0.9514722222222223,0.8818074074074074,0.8650055555555556,0.037670257468131955,,0.037670257468131955,0.9027884551039448,-0.09721154489605521,0.9383452577540276,9.575683333333332,11.2,596,0,0.0,PROVISIONAL_SAME_DAY
23103,E:\2-学术\2-项目\园上园项目\牛尾环项目\温度传感器专项算法\正常数据\0C3D5EA22DE3-23103-C4\2026-08-23\motion\2026-08-23 05_37_25.json,5dcdab03c2317f741ab69d77eb81995e977b1ef890511b403e57bc1b7be48306,1787438625377,1787438245750,1787438280000,PROVISIONAL,True,LOW,False,False,3475.12,0.03618338219590727,0.03614494429382778,0.03438157790735871,0.95635,0.88415,0.8657138888888889,0.03734113721543394,,0.03734113721543394,0.9689951858496655,-0.031004814150334514,0.9679658143589761,10.524838888888889,12.316666666666666,655,0,0.0,PROVISIONAL_SAME_DAY
23103,E:\2-学术\2-项目\园上园项目\牛尾环项目\温度传感器专项算法\正常数据\0C3D5EA22DE3-23103-C4\2026-08-23\motion\2026-08-23 06_44_38.json,25afcd578d3ef071f9730d5204ccc36e6a49a1ad222cf7528de5da30876ec24b,1787442673971,1787442278286,1787442300000,PROVISIONAL,True,LOW,False,False,3475.08,0.05530766271298567,0.042744855375031275,0.03865277254018593,0.9598166666666667,0.8856185185185185,0.8664648148148149,0.037255588411966585,,0.037255588411966585,1.4845467504472623,0.48454675044726225,1.1473407667694098,11.474033333333331,13.433333333333334,714,0,0.0,PROVISIONAL_SAME_DAY
23103,E:\2-学术\2-项目\园上园项目\牛尾环项目\温度传感器专项算法\正常数据\0C3D5EA22DE3-23103-C4\2026-08-23\motion\2026-08-23 07_52_07.json,ad7bbce05e45eb44c98b6fbc611ab3d62ea247c640987cbc8585f980da408a60,1787446740306,1787446327331,1787446380000,PROVISIONAL,True,ELEVATED,True,False,3475.12,0.06762324801404429,0.05146596678370236,0.045125067826715756,0.9512277777777778,0.8818833333333334,0.8645657407407408,0.038662695342365334,,0.038662695342365334,1.749056743592962,0.749056743592962,1.331153100629992,12.4373,14.566666666666666,774,0,0.0,PROVISIONAL_SAME_DAY
23103,E:\2-学术\2-项目\园上园项目\牛尾环项目\温度传感器专项算法\正常数据\0C3D5EA22DE3-23103-C4\2026-08-23\motion\2026-08-23 08_59_53.json,b4239f51cf7de9fb1f21f6672b7128655232fe5c0897ec03cc3932173dde5430,1787450822869,1787450393088,1787450400000,PROVISIONAL,True,STRONG,False,True,3475.18,0.09605044915804474,0.07634395435769187,0.0566352758527168,0.9639555555555556,0.8830444444444444,0.8657370370370371,0.04070432844311411,,0.04070432844311411,2.3597109406258596,1.3597109406258596,1.875573367200629,13.386494444444441,15.683333333333334,833,0,0.0,PROVISIONAL_SAME_DAY
23103,E:\2-学术\2-项目\园上园项目\牛尾环项目\温度传感器专项算法\正常数据\0C3D5EA22DE3-23103-C4\2026-08-23\motion\2026-08-23 10_07_56.json,9f37861d780c22e4823d0f043838400ad5da6ec5183db4b217535bc78eddcbed,1787454888055,1787454476204,1787454480000,PROVISIONAL,True,LOW,False,False,3475.04,0.06288488453763742,0.07854744842190312,0.06194268833630554,0.9647833333333333,0.880175925925926,0.8637972222222222,0.04442206555530263,,0.04442206555530263,1.4156227035266915,0.4156227035266915,1.768207926399023,14.350449999999999,16.816666666666666,893,0,0.0,PROVISIONAL_SAME_DAY
23103,E:\2-学术\2-项目\园上园项目\牛尾环项目\温度传感器专项算法\正常数据\0C3D5EA22DE3-23103-C4\2026-08-23\motion\2026-08-23 11_15_19.json,dd2383605ed0a75ed64d7c9974033598d99975a4f5f4c33bc95546f5224bc8cb,1787459025757,1787458519383,1787458560000,PROVISIONAL,True,ELEVATED,True,False,3475.08,0.08178767117236982,0.08432190514077378,0.06935886969797593,0.9545611111111111,0.87905,0.8619222222222223,0.045585131089651246,,0.045585131089651246,1.7941743111700141,0.7941743111700141,1.8497677449899135,15.31523333333333,17.95,953,0,0.0,PROVISIONAL_SAME_DAY
23103,E:\2-学术\2-项目\园上园项目\牛尾环项目\温度传感器专项算法\正常数据\0C3D5EA22DE3-23103-C4\2026-08-23\motion\2026-08-23 12_23_12.json,240c21afd679082e0906df68223ff0fa08dfbe92d05852a543bff52d7c8ccd7d,1787462979465,1787462592018,1787462640000,PROVISIONAL,True,LOW,False,False,3475.08,0.04372068471289384,0.061752653316166646,0.06911784142963733,0.9525222222222223,0.8793296296296297,0.8598203703703704,0.04770738142972471,,0.04770738142972471,0.9164343840019082,-0.08356561599809176,1.2944045861567839,16.277188888888887,19.083333333333332,1013,0,0.0,PROVISIONAL_SAME_DAY
23103,E:\2-学术\2-项目\园上园项目\牛尾环项目\温度传感器专项算法\正常数据\0C3D5EA22DE3-23103-C4\2026-08-23\motion\2026-08-23 13_30_34.json,217344352d0f800b2475e6c40655348178aa845bb92d4fd412545226d4f00b8a,1787467025397,1787466634246,1787466660000,PROVISIONAL,True,LOW,False,False,3475.14,0.050721074739561244,0.05973072350541244,0.06797592514732723,0.9587111111111111,0.881287037037037,0.8610694444444444,0.04749074884645866,,0.04749074884645866,1.0680201085804413,0.06802010858044127,1.2577338735703365,17.22637222222222,20.2,1072,0,0.0,PROVISIONAL_SAME_DAY
23103,E:\2-学术\2-项目\园上园项目\牛尾环项目\温度传感器专项算法\正常数据\0C3D5EA22DE3-23103-C4\2026-08-23\motion\2026-08-23 14_37_58.json,02846066dfce8a685af0525366d42ac08cc12ee59d963b00055e4210f3a84b51,1787471072860,1787470678215,1787470680000,PROVISIONAL,True,LOW,False,False,3475.06,0.05781238360873563,0.051929838147062125,0.06133019630894358,0.9652944444444445,0.8859685185185185,0.8631851851851852,0.047662790369264664,,0.047662790369264664,1.2129458464524967,0.2129458464524967,1.0895257651668893,18.17556666666667,21.316666666666666,1131,0,0.0,PROVISIONAL_SAME_DAY
23103,E:\2-学术\2-项目\园上园项目\牛尾环项目\温度传感器专项算法\正常数据\0C3D5EA22DE3-23103-C4\2026-08-23\motion\2026-08-23 15_45_26.json,e57e9a956eee0941cd523b5429f6f4805e36d39ad3faef70064eb076b9ae1999,1787475123392,1787474726016,1787474760000,PROVISIONAL,True,ELEVATED,True,False,3475.04,0.07416265472794208,0.061434647117303384,0.06028467429913676,0.9564,0.8826574074074074,0.8633231481481481,0.048174645395564646,,0.048174645395564646,1.5394540866671351,0.5394540866671351,1.2752485589226479,19.140861111111114,22.45,1191,0,0.0,PROVISIONAL_SAME_DAY
23103,E:\2-学术\2-项目\园上园项目\牛尾环项目\温度传感器专项算法\正常数据\0C3D5EA22DE3-23103-C4\2026-08-23\motion\2026-08-23 16_52_52.json,eafd2a0d5332f440c95df1f7e029f3d5f2a53cca7df4cc48adb2ffbbfbffa5b6,1787479176242,1787478772138,1787478780000,PROVISIONAL,True,STRONG,False,True,3475.18,0.11651339904268257,0.08165936075318767,0.07157332553313193,0.9636888888888889,0.8848518518518519,0.8643074074074074,0.04936785601697813,,0.04936785601697813,2.3601065236175613,1.3601065236175613,1.6540997997787092,20.09003333333333,23.566666666666666,1250,0,0.0,PROVISIONAL_SAME_DAY
23103,E:\2-学术\2-项目\园上园项目\牛尾环项目\温度传感器专项算法\正常数据\0C3D5EA22DE3-23103-C4\2026-08-23\motion\2026-08-23 18_00_29.json,a893cfb3e6e9c104cd9c6de64f32bd5b3532e31e7b98dc9128fb9f3e3b5bcfa9,1787483244659,1787482829133,1787482860000,VALID,True,STRONG,False,False,3475.16,0.11635027061367852,0.1058072862444808,0.08167489601500878,0.9573,0.8819148148148148,0.8639731481481482,0.05309427953465167,0.03406455732824184,0.04675103879918173,2.4887205418784184,1.4887205418784184,2.2632071706251096,20.394077777777778,24.0,1269,1,0.3333333333333333,SAME_CLOCK_BLEND
23103,E:\2-学术\2-项目\园上园项目\牛尾环项目\温度传感器专项算法\正常数据\0C3D5EA22DE3-23103-C4\2026-08-23\motion\2026-08-23 19_08_17.json,123f7ed51e82c2e2074aa4b12b4486482df8e1f8b5fde171e78b637b68f854d9,1787487300132,1787486897382,1787486940000,VALID,True,STRONG,False,False,3475.08,0.13417617836094636,0.11976260574563,0.09669991041405541,0.9540111111111111,0.8789648148148148,0.8623166666666666,0.05678093075479972,0.04588967970904511,0.05315051373954818,2.5244568475564644,1.5244568475564644,2.2532727779923065,20.3618,24.0,1267,1,0.3333333333333333,SAME_CLOCK_BLEND
23103,E:\2-学术\2-项目\园上园项目\牛尾环项目\温度传感器专项算法\正常数据\0C3D5EA22DE3-23103-C4\2026-08-23\motion\2026-08-23 20_15_50.json,acf985db3ba32063b4ffbfde1dfa718a09a5a2b6adc238d858421327042a50b1,1787491342952,1787490950000,1787490960000,VALID,True,LOW,False,False,3474.98,0.07236287871521506,0.10664370633558509,0.09880401361916354,0.9630444444444445,0.8821851851851852,0.8634046296296296,0.06083367282662273,0.03741652922524209,0.05302795829282919,1.3646174781162652,0.3646174781162652,2.011084525387171,20.345716666666664,24.0,1266,1,0.3333333333333333,SAME_CLOCK_BLEND
23103,E:\2-学术\2-项目\园上园项目\牛尾环项目\温度传感器专项算法\正常数据\0C3D5EA22DE3-23103-C4\2026-08-23\motion\2026-08-23 21_23_16.json,2802dab30b3bafcf6e279432e26c124e71221924a89b135cc0b2fa11a033838b,1787495390276,1787494996399,1787495040000,VALID,True,ELEVATED,True,False,3474.92,0.08629310449551632,0.09780843791514991,0.1046489109721565,0.9536944444444444,0.8810759259259259,0.8619259259259259,0.062414624408777514,0.0433215949009884,0.056050281239514485,1.5395659502004633,0.5395659502004633,1.7450124379785743,20.331511111111112,24.0,1265,1,0.3333333333333333,SAME_CLOCK_BLEND
23103,E:\2-学术\2-项目\园上园项目\牛尾环项目\温度传感器专项算法\正常数据\0C3D5EA22DE3-23103-C4\2026-08-23\motion\2026-08-23 22_30_42.json,2202c3808dc3803120641b048045cbe997b1eed0182a3e7209230d9a1210bd43,1787499438959,1787499042857,1787499060000,VALID,True,STRONG,False,True,3475.2,0.14150987868171808,0.1015898893302151,0.11026600816067754,0.9611166666666666,0.8841037037037037,0.8631351851851852,0.06456273049253472,0.039560322255420624,0.05622859441349669,2.516688886815764,1.5166888868157642,1.806730016815612,20.331455555555554,24.0,1265,1,0.3333333333333333,SAME_CLOCK_BLEND
23103,E:\2-学术\2-项目\园上园项目\牛尾环项目\温度传感器专项算法\正常数据\0C3D5EA22DE3-23103-C4\2026-08-23\motion\2026-08-23 23_38_12.json,48e99d031fea9267753e7a7e0283109e9b4bd08868bb6facdad432745bcd8b9b,1787503488594,1787503092554,1787503140000,VALID,True,ELEVATED,False,False,3475.0,0.10629920280886496,0.11762526292385986,0.10976687314640692,0.95265,0.8810018518518519,0.8620648148148148,0.06937503872478228,0.036100869538336904,0.058283648995967156,1.8238254577406463,0.8238254577406463,2.0181520023222763,20.33988888888889,24.0,1266,1,0.3333333333333333,SAME_CLOCK_BLEND
23103,E:\2-学术\2-项目\园上园项目\牛尾环项目\温度传感器专项算法\正常数据\0C3D5EA22DE3-23103-C4\2026-08-24\motion\2026-08-24 00_45_41.json,ffe698eeb71d0145fe996854bc8aa686b6ebdb99134257cc2568a534c3f89469,1787507525447,1787507141683,1787507160000,VALID,True,LOW,False,False,3475.12,0.0852779778073386,0.11002907863341337,0.10595548146799975,0.9607722222222222,0.8834666666666666,0.8642027777777778,0.072754513076179,0.0338269412015967,0.05977865578465157,1.4265623187404306,0.4265623187404306,1.8406081098542166,20.339811111111114,24.0,1266,1,0.3333333333333333,SAME_CLOCK_BLEND
23103,E:\2-学术\2-项目\园上园项目\牛尾环项目\温度传感器专项算法\正常数据\0C3D5EA22DE3-23103-C4\2026-08-24\motion\2026-08-24 01_52_57.json,62cded74e042f71aed76219083a75efd79096e3ff1b5bab2e21375704147efb4,1787511570384,1787511177953,1787511180000,VALID,True,LOW,False,False,3475.16,0.07243689443111599,0.08265661571389757,0.09624691654240752,0.9653055555555555,0.8860111111111111,0.8657166666666667,0.07522409566895995,0.03343276142167975,0.061293650919866556,1.1818009425775235,0.18180094257752355,1.3485347091162885,20.328238888888887,24.0,1265,1,0.3333333333333333,SAME_CLOCK_BLEND
23103,E:\2-学术\2-项目\园上园项目\牛尾环项目\温度传感器专项算法\正常数据\0C3D5EA22DE3-23103-C4\2026-08-24\motion\2026-08-24 03_00_21.json,0e794034bfec6dffd6be118d9c885c3ff902368e20deaf60aab39866dc145ecd,1787515629220,1787515221458,1787515260000,VALID,True,LOW,False,False,3475.1,0.0840260587988586,0.08037311033529584,0.0975372298740748,0.9551444444444445,0.8833574074074074,0.8641712962962963,0.07719176704632838,0.03639874525955887,0.06359409311740521,1.3212871617452364,0.3212871617452364,1.2638455302273717,20.328255555555558,24.0,1265,1,0.3333333333333333,SAME_CLOCK_BLEND
23103,E:\2-学术\2-项目\园上园项目\牛尾环项目\温度传感器专项算法\正常数据\0C3D5EA22DE3-23103-C4\2026-08-24\motion\2026-08-24 04_08_01.json,cff150e01af3a692a3764c6736863fb762c56a3276d48da82362d310459e4c8a,1787519688488,1787519281400,1787519340000,VALID,True,LOW,False,False,3475.28,0.058489574905256976,0.06960181378389005,0.08543255358696278,0.9496222222222223,0.879512962962963,0.8627222222222222,0.07948290908009724,0.03634654455153176,0.06510412090390875,0.8984005020447999,-0.10159949795520007,1.0690846111971886,20.327838888888888,24.0,1265,1,0.3333333333333333,SAME_CLOCK_BLEND
23103,E:\2-学术\2-项目\园上园项目\牛尾环项目\温度传感器专项算法\正常数据\0C3D5EA22DE3-23103-C4\2026-08-24\motion\2026-08-24 05_15_35.json,a12f1e9d80e471833e918f9967605ea00502ca197639a01da6f134e60e971fc5,1787523752811,1787523335053,1787523360000,VALID,True,LOW,False,False,3475.12,0.09164107619792132,0.07942976734053492,0.07843748037958992,0.9589277777777778,0.8815037037037037,0.8640009259259259,0.08054924101712849,0.04315285314771103,0.06808377839398934,1.3460045602582436,0.34600456025824355,1.1666474630842056,20.316233333333333,24.0,1264,1,0.3333333333333333,SAME_CLOCK_BLEND
23103,E:\2-学术\2-项目\园上园项目\牛尾环项目\温度传感器专项算法\正常数据\0C3D5EA22DE3-23103-C4\2026-08-24\motion\2026-08-24 06_23_16.json,349940bf83f046bfda4ce0500f6a26166b4bf4b21b5b5dfe2c26d450d6a8eae0,1787527794814,1787527396762,1787527440000,VALID,True,LOW,False,False,3475.06,0.06181747343070582,0.06858398855934592,0.07400610259170642,0.9538333333333333,0.879637037037037,0.8626685185185186,0.08299959120271823,0.048869421202059275,0.07162286786916525,0.8630968749202963,-0.1369031250797037,0.9575711026348386,20.300161111111112,24.0,1263,1,0.3333333333333333,SAME_CLOCK_BLEND
23103,E:\2-学术\2-项目\园上园项目\牛尾环项目\温度传感器专项算法\正常数据\0C3D5EA22DE3-23103-C4\2026-08-24\motion\2026-08-24 07_30_43.json,eb1a1af7fe3bc6e23e5f88859cf7d8307a47133ada3d51969f44b4ea710604b2,1787531850903,1787531443093,1787531460000,VALID,True,LOW,False,False,3475.08,0.10055688055594764,0.08710237618120434,0.07749776928829004,0.9611555555555555,0.8827333333333334,0.8634166666666667,0.08344713784306296,0.05512198395028958,0.07400541987880517,1.3587772452426379,0.3587772452426379,1.176972934196541,20.300127777777774,24.0,1263,1,0.3333333333333333,SAME_CLOCK_BLEND
23103,E:\2-学术\2-项目\园上园项目\牛尾环项目\温度传感器专项算法\正常数据\0C3D5EA22DE3-23103-C4\2026-08-24\motion\2026-08-24 08_38_22.json,94a61b83d8e747cea793d43d088f75e38a9f9f2c612d06d93c69ea025e4905de,1787535897803,1787535502290,1787535540000,VALID,True,LOW,False,False,3475.02,0.08840203406629728,0.08585533562378043,0.08068992173583431,0.9553611111111111,0.8810314814814815,0.8617268518518518,0.08529798302111602,0.09183801655308178,0.08747799419843795,1.0105631122012606,0.010563112201260605,0.9814506655127846,20.298027777777776,24.0,1263,1,0.3333333333333333,SAME_CLOCK_BLEND
23103,E:\2-学术\2-项目\园上园项目\牛尾环项目\温度传感器专项算法\正常数据\0C3D5EA22DE3-23103-C4\2026-08-24\motion\2026-08-24 09_45_50.json,3244c6be607bcd6249816526077e6daf88ab27abfd882ad8cba128c5e3a1a89b,1787539918101,1787539550044,1787539560000,VALID,True,LOW,False,False,3475.28,0.07166778769161515,0.08313160476692508,0.08006733723077283,0.9631333333333333,0.8834907407407407,0.8634842592592593,0.08505141844808277,0.07599997399576373,0.08203427029730977,0.8736322933315033,-0.12636770666849673,1.0133765372159504,20.297994444444445,24.0,1263,1,0.3333333333333333,SAME_CLOCK_BLEND
23103,E:\2-学术\2-项目\园上园项目\牛尾环项目\温度传感器专项算法\正常数据\0C3D5EA22DE3-23103-C4\2026-08-24\motion\2026-08-24 10_52_51.json,d01979ba7f65248f31b37ea149e1b6c5e68a01087b7176ecc380a096d35f2614,1787543892090,1787543571598,1787543580000,VALID,True,LOW,False,False,3475.58,0.006168725795315425,0.055372227759594723,0.0701772530109838,0.9636555555555556,0.8869759259259259,0.8650555555555556,0.08499213086628252,0.057092033640901776,0.07569209845782228,0.08149761891926949,-0.9185023810807305,0.7315456816202507,20.313261111111114,24.0,1264,1,0.3333333333333333,SAME_CLOCK_BLEND
23103,E:\2-学术\2-项目\园上园项目\牛尾环项目\温度传感器专项算法\正常数据\0C3D5EA22DE3-23103-C4\2026-08-24\motion\2026-08-24 17_30_14.json,174d4a5f5c6f90c22668f3f51d65cba887bf71510ee562416994401c653767b5,1787567755904,1787567414004,1787567460000,VALID,True,LOW,False,False,3475.44,0.03471611856556893,,,0.9531722222222222,0.3218,0.1609,0.08654144179476618,0.06784157524296962,0.0771915085188679,0.44974012338524616,-0.5502598766147538,,15.662155555555552,24.0,975,2,0.5,SAME_CLOCK_BLEND
23103,E:\2-学术\2-项目\园上园项目\牛尾环项目\温度传感器专项算法\正常数据\0C3D5EA22DE3-23103-C4\2026-08-24\motion\2026-08-24 18_36_44.json,1dfa764e7e0d3a54964fbba1bedd5bc4363eb5a380d7605eed8e430ad8ddbae5,1787571686334,1787571404870,1787571420000,VALID,True,LOW,False,False,3475.38,0.014660533119728925,,,0.9617333333333333,0.6435944444444445,0.32179722222222223,0.08207081321353972,0.07913027099132217,0.08060054210243095,0.18189124709729163,-0.8181087529027083,,15.679938888888886,24.0,976,2,0.5,SAME_CLOCK_BLEND
23103,E:\2-学术\2-项目\园上园项目\牛尾环项目\温度传感器专项算法\正常数据\0C3D5EA22DE3-23103-C4\2026-08-24\motion\2026-08-24 19_42_22.json,304650816f0d25035b55e9aa045698c729794e144e21022bcaf66ca60bfda7a9,1787575627756,1787575342370,1787575380000,VALID,True,LOW,False,False,3475.5,0.002850992536307471,0.01912259908799051,,0.9555111111111111,0.8969648148148148,0.4827,0.07659593606047212,0.0858044506629563,0.08120019336171422,0.03511066191194208,-0.9648893380880579,0.23549942797312096,15.724661111111107,24.0,979,2,0.5,SAME_CLOCK_BLEND
23103,E:\2-学术\2-项目\园上园项目\牛尾环项目\温度传感器专项算法\正常数据\0C3D5EA22DE3-23103-C4\2026-08-24\motion\2026-08-24 20_48_04.json,8db590cc49124e08ee693a483ae9771f00ec8d8c543a46577bee982af95714ed,1787579580087,1787579284047,1787579340000,VALID,True,LOW,False,False,3475.5,0.0014061409862109779,0.004331589611148449,,0.9504277777777778,0.8998314814814815,0.6436027777777777,0.06916728010692437,0.05864532051430538,0.06390630031061487,0.022003166814171173,-0.9779968331858289,0.0677803219728708,15.755838888888887,24.0,981,2,0.5,SAME_CLOCK_BLEND
23132,E:\2-学术\2-项目\园上园项目\牛尾环项目\温度传感器专项算法\正常数据\0C3D5EA22E0E-23132-F1\2026-08-24\motion\2026-08-24 09_53_09.json,d2d63efab0bb04b8a4c9c69b6892156d7c3791fce80a540a6324b3bef4bd9ead,1787540424725,1787539989273,1787540040000,INSUFFICIENT_HISTORY,False,UNAVAILABLE,False,False,3475.34,0.0503756017615525,,,0.9518333333333333,0.32179074074074077,0.16089537037037038,,,,,,,0.01353888888888889,0.016666666666666666,1,0,0.0,INSUFFICIENT_HISTORY
23132,E:\2-学术\2-项目\园上园项目\牛尾环项目\温度传感器专项算法\正常数据\0C3D5EA22E0E-23132-F1\2026-08-24\motion\2026-08-24 11_01_16.json,1eb8000c3904b236c3e3c14e2d739b9d1c740e94b3fb984a0fc2932b7b3dec95,1787544476106,1787544076849,1787544120000,INSUFFICIENT_HISTORY,False,UNAVAILABLE,False,False,3475.18,0.04712385971827385,,,0.9538888888888889,0.6435666666666666,0.3217833333333333,,,,,,,0.9627944444444445,1.15,60,0,0.0,INSUFFICIENT_HISTORY
23132,E:\2-学术\2-项目\园上园项目\牛尾环项目\温度传感器专项算法\正常数据\0C3D5EA22E0E-23132-F1\2026-08-24\motion\2026-08-24 12_08_50.json,1c6d0633b1e35fa584c944c0b6a06cacadf933b3f6d7a043d1b744c59f8a2a44,1787548520680,1787548130374,1787548140000,PROVISIONAL,True,LOW,False,False,3475.16,0.05877938557106855,0.051119214821945404,,0.9632,0.8803888888888889,0.48267037037037036,0.0486979491651323,,0.0486979491651323,1.2070197324275527,0.20701973242755267,1.0497200744245454,1.9120055555555553,2.2666666666666666,119,0,0.0,PROVISIONAL_SAME_DAY
23132,E:\2-学术\2-项目\园上园项目\牛尾环项目\温度传感器专项算法\正常数据\0C3D5EA22E0E-23132-F1\2026-08-24\motion\2026-08-24 13_16_14.json,c81d154e33d9a460ade6e129eb22c8a644a1569c3d8cebe22b4c55406b99a5ba,1787552572476,1787552174657,1787552220000,PROVISIONAL,True,LOW,False,False,3475.32,0.05849422249399305,0.05438557619472777,,0.9533166666666667,0.8810944444444444,0.6435648148148149,0.052058652176771844,,0.052058652176771844,1.1236215316402816,0.12362153164028156,1.0446981226109073,2.8872555555555555,3.4,180,0,0.0,PROVISIONAL_SAME_DAY
23132,E:\2-学术\2-项目\园上园项目\牛尾环项目\温度传感器专项算法\正常数据\0C3D5EA22E0E-23132-F1\2026-08-24\motion\2026-08-24 14_23_45.json,db57096dd3a6c3df779f52c308727e2b56dcc732dd13329d786c713a15198a81,1787556611180,1787556225840,1787556240000,PROVISIONAL,True,ELEVATED,True,False,3475.04,0.09218721273505917,0.07272001813391576,0.061469399945685704,0.9619055555555556,0.8841740740740741,0.8044462962962963,0.053653424064373276,,0.053653424064373276,1.7181981270096225,0.7181981270096225,1.3553658392177623,3.836505555555555,4.516666666666667,239,0,0.0,PROVISIONAL_SAME_DAY
23132,E:\2-学术\2-项目\园上园项目\牛尾环项目\温度传感器专项算法\正常数据\0C3D5EA22E0E-23132-F1\2026-08-24\motion\2026-08-24 15_30_59.json,93fd48ee4ee217896aaf7762440ab15395eae0fe8053776011003adaa5b2a832,1787560634854,1787560259461,1787560260000,PROVISIONAL,True,LOW,False,False,3475.08,0.08681943518510704,0.08160838287186055,0.06719184861079591,0.9653,0.8862222222222222,0.8638592592592592,0.06137803634553182,,0.06137803634553182,1.4145033036956598,0.4145033036956598,1.3296023745764791,4.798411111111111,5.633333333333334,299,0,0.0,PROVISIONAL_SAME_DAY
23132,E:\2-学术\2-项目\园上园项目\牛尾环项目\温度传感器专项算法\正常数据\0C3D5EA22E0E-23132-F1\2026-08-24\motion\2026-08-24 16_38_08.json,7c7846c345ee1f45aeb58112f7e1b7954a71b302ac15b697536351569ee2eb63,1787564657412,1787564288241,1787564340000,PROVISIONAL,True,LOW,False,False,3475.26,0.06912160676769318,0.07857249140625985,0.0707477903573318,0.9515222222222223,0.88375,0.8642111111111112,0.06564167149101628,,0.06564167149101628,1.0530141173683116,0.05301411736831163,1.1969910214278026,5.777538888888889,6.766666666666667,360,0,0.0,PROVISIONAL_SAME_DAY
23132,E:\2-学术\2-项目\园上园项目\牛尾环项目\温度传感器专项算法\正常数据\0C3D5EA22E0E-23132-F1\2026-08-24\motion\2026-08-24 17_45_10.json,675a28d33c33326afb9cf003b65164e45314d443c08ee00511378b610c8b1c4f,1787568677314,1787568310108,1787568360000,PROVISIONAL,True,LOW,False,False,3475.16,0.05242157982542625,0.06609137360277058,0.07161966750703722,0.9520111111111111,0.8848703703703704,0.8657611111111111,0.06615035415310382,,0.06615035415310382,0.7924610608145414,-0.20753893918545863,0.9991083864767114,6.740083333333332,7.883333333333334,420,0,0.0,PROVISIONAL_SAME_DAY
23132,E:\2-学术\2-项目\园上园项目\牛尾环项目\温度传感器专项算法\正常数据\0C3D5EA22E0E-23132-F1\2026-08-24\motion\2026-08-24 18_52_09.json,1ca87d22ef6722a75a716d27d32f1d09d1a627c9cb899382cffb4033af447bdf,1787572710704,1787572329132,1787572380000,PROVISIONAL,True,LOW,False,False,3475.36,0.0590297290757637,0.05934780417625096,0.0713580134539113,0.9518,0.885662962962963,0.8667935185185185,0.06443799978574052,,0.06443799978574052,0.9160701646860612,-0.08392983531393883,0.9210063064276559,7.702866666666664,9.0,480,0,0.0,PROVISIONAL_SAME_DAY
23132,E:\2-学术\2-项目\园上园项目\牛尾环项目\温度传感器专项算法\正常数据\0C3D5EA22E0E-23132-F1\2026-08-24\motion\2026-08-24 19_59_17.json,373661a6b0983573369dacc00b84893b6535b0d9dbe7756913c12f0d1a118888,1787576725536,1787576357086,1787576400000,PROVISIONAL,True,LOW,False,False,3475.2,0.05227103058826033,0.05452910499173061,0.06511872981669518,0.9539611111111111,0.8858259259259259,0.8682398148148148,0.06385016425136068,,0.06385016425136068,0.8186514663060778,-0.18134853369392223,0.8540166753066506,8.652127777777778,10.116666666666667,539,0,0.0,PROVISIONAL_SAME_DAY
23132,E:\2-学术\2-项目\园上园项目\牛尾环项目\温度传感器专项算法\正常数据\0C3D5EA22E0E-23132-F1\2026-08-24\motion\2026-08-24 21_06_17.json,baf876cdf1c560e00b1a29a69fd72c301e1e2fbc70c6ae8167a9d5c945e8775e,1787580743914,1787580377195,1787580420000,PROVISIONAL,True,LOW,False,False,3475.18,0.07249440110788948,0.061333946081165984,0.062297179661529485,0.9539888888888889,0.8857425925925926,0.8688037037037037,0.06268980884201739,,0.06268980884201739,1.1563985031535242,0.15639850315352422,0.9783718791635133,9.601344444444443,11.233333333333333,598,0,0.0,PROVISIONAL_SAME_DAY
23132,E:\2-学术\2-项目\园上园项目\牛尾环项目\温度传感器专项算法\正常数据\0C3D5EA22E0E-23132-F1\2026-08-24\motion\2026-08-24 22_13_13.json,bc7839ab76ddbadc113a43065b11efa738bb0e9f1cfb5ea5d00da2cbb04b8a17,1787584748674,1787584393938,1787584440000,PROVISIONAL,True,LOW,False,False,3475.3,0.05386579756142741,0.059361808602169684,0.05861162282928026,0.9531166666666666,0.8864722222222222,0.8691907407407408,0.06354546840824575,,0.06354546840824575,0.8476733103196027,-0.1523266896803973,0.9341627355833104,10.562800000000001,12.35,658,0,0.0,PROVISIONAL_SAME_DAY
23132,E:\2-学术\2-项目\园上园项目\牛尾环项目\温度传感器专项算法\正常数据\0C3D5EA22E0E-23132-F1\2026-08-24\motion\2026-08-24 23_20_00.json,1e6325407f19652cf019ed9fb7b351028eb69ba785321a3c4383645aa43e304b,1787588756046,1787588400364,1787588460000,PROVISIONAL,True,LOW,False,False,3475.3,0.04857250856209267,0.059040115697457395,0.05663135786305205,0.9493444444444444,0.8864907407407407,0.8692805555555555,0.06275544189396287,,0.06275544189396287,0.7739967578296248,-0.22600324217037515,0.9407967487061406,11.528066666666664,13.466666666666667,718,0,0.0,PROVISIONAL_SAME_DAY
23132,E:\2-学术\2-项目\园上园项目\牛尾环项目\温度传感器专项算法\正常数据\0C3D5EA22E0E-23132-F1\2026-08-25\motion\2026-08-25 00_26_47.json,889b6626cd1ac30527ab5b41e7078f2c604bc1985ebdd0ad790086ab795820f8,1787592757553,1787592407547,1787592420000,PROVISIONAL,True,LOW,False,False,3475.32,0.038577097423280235,0.044255971622672335,0.05353349438950459,0.9624555555555555,0.8915666666666666,0.8719212962962963,0.06167669431062452,,0.06167669431062452,0.6254728443939137,-0.3745271556060863,0.7175477239390363,12.477305555555557,14.566666666666666,777,0,0.0,PROVISIONAL_SAME_DAY
23132,E:\2-学术\2-项目\园上园项目\牛尾环项目\温度传感器专项算法\正常数据\0C3D5EA22E0E-23132-F1\2026-08-25\motion\2026-08-25 01_33_28.json,905de73c8b205c0e69d5fe115e61d190d729d3ea1e7e379a0463529c642e34f7,1787596760375,1787596408924,1787596440000,PROVISIONAL,True,LOW,False,False,3475.22,0.037463486325837805,0.04166253954005073,0.049728328477684054,0.9572555555555555,0.8902962962962963,0.8722861111111111,0.06002247328902185,,0.06002247328902185,0.6241576575067576,-0.37584234249324244,0.6941156746313358,13.439761111111107,15.683333333333334,837,0,0.0,PROVISIONAL_SAME_DAY
23132,E:\2-学术\2-项目\园上园项目\牛尾环项目\温度传感器专项算法\正常数据\0C3D5EA22E0E-23132-F1\2026-08-25\motion\2026-08-25 02_40_11.json,03f0b79cfe1b69c17ac710749dfeea53bd4291b618881ebcec469129fd38cc76,1787600771249,1787600411977,1787600460000,PROVISIONAL,True,LOW,False,False,3475.54,0.03233628314069536,0.034600844761524696,0.046316765489865214,0.9526388888888889,0.8893314814814814,0.8723055555555556,0.058510233481132067,,0.058510233481132067,0.5526602991786542,-0.4473397008213458,0.5913639837496549,14.401772222222219,16.8,897,0,0.0,PROVISIONAL_SAME_DAY
23132,E:\2-学术\2-项目\园上园项目\牛尾环项目\温度传感器专项算法\正常数据\0C3D5EA22E0E-23132-F1\2026-08-25\motion\2026-08-25 03_47_03.json,33a304aa0c2b7a3ab3116252f460a71d663a0d39e48f0486cba80b5c2d9d440e,1787604777839,1787604423286,1787604480000,PROVISIONAL,True,LOW,False,False,3475.24,0.03440257244924431,0.03394986531393224,0.03866629792679089,0.9501388888888889,0.8875981481481482,0.8721546296296296,0.05686404672646305,,0.05686404672646305,0.604996908059205,-0.39500309194079497,0.5970356889519939,15.366288888888887,17.916666666666668,957,0,0.0,PROVISIONAL_SAME_DAY
23132,E:\2-学术\2-项目\园上园项目\牛尾环项目\温度传感器专项算法\正常数据\0C3D5EA22E0E-23132-F1\2026-08-25\motion\2026-08-25 04_53_49.json,6435aec7af53f4fd013e7ef5de17b923b9932bc8b5f1c4ac330e35e27fc4cc5d,1787608771464,1787608429220,1787608440000,PROVISIONAL,True,LOW,False,False,3475.16,0.02677031649121942,0.03153443948925968,0.035058554974885456,0.9628777777777778,0.891375925925926,0.8742,0.055558024890067205,,0.055558024890067205,0.48184427981718053,-0.5181557201828195,0.5675946823461948,16.315511111111107,19.016666666666666,1016,0,0.0,PROVISIONAL_SAME_DAY
23132,E:\2-学术\2-项目\园上园项目\牛尾环项目\温度传感器专项算法\正常数据\0C3D5EA22E0E-23132-F1\2026-08-25\motion\2026-08-25 06_00_22.json,288dc3e50b76ebed511e6f6a2f03f70c4fac21cf6bbe85a0aa4356fe04914414,1787612773181,1787612422342,1787612460000,PROVISIONAL,True,LOW,False,False,3475.4,0.02967890039187442,0.029633176901614024,0.03252354240464835,0.9554777777777778,0.8905666666666666,0.8737092592592592,0.053953763933293486,,0.053953763933293486,0.5500802581367327,-0.44991974186326733,0.5492328012231256,17.278388888888887,20.133333333333333,1076,0,0.0,PROVISIONAL_SAME_DAY
23132,E:\2-学术\2-项目\园上园项目\牛尾环项目\温度传感器专项算法\正常数据\0C3D5EA22E0E-23132-F1\2026-08-25\motion\2026-08-25 07_07_02.json,456aac8d30f19813302e7b555e28a0d71d8dcd45f312439dddfd9b9d3104a59f,1787616786072,1787616422800,1787616480000,PROVISIONAL,True,LOW,False,False,3475.06,0.04459287407382464,0.03540238360474444,0.0328693388017457,0.94995,0.8894444444444445,0.872837962962963,0.05264196662795078,,0.05264196662795078,0.8470974192318188,-0.1529025807681812,0.6725125574230957,18.24300555555556,21.25,1136,0,0.0,PROVISIONAL_SAME_DAY
23132,E:\2-学术\2-项目\园上园项目\牛尾环项目\温度传感器专项算法\正常数据\0C3D5EA22E0E-23132-F1\2026-08-25\motion\2026-08-25 08_13_58.json,26eb86a1b86f988a7e3bdf3e34df8c27aca88fa1b651e8aec68fc157f2eb7698,1787620810531,1787620438106,1787620440000,PROVISIONAL,True,LOW,False,False,3475.06,0.062323299517419745,0.04642138558755398,0.039049561523520224,0.9652944444444445,0.8923055555555556,0.8747157407407408,0.052243640439594605,,0.052243640439594605,1.192935618441052,0.192935618441052,0.8885557207910796,19.192177777777776,22.35,1195,0,0.0,PROVISIONAL_SAME_DAY
23132,E:\2-学术\2-项目\园上园项目\牛尾环项目\温度传感器专项算法\正常数据\0C3D5EA22E0E-23132-F1\2026-08-25\motion\2026-08-25 09_21_01.json,fe7b4fd5582d02395c3a5de41e7e016f4e4a05fcae00795b14850571eeb52b21,1787624797212,1787624461262,1787624520000,PROVISIONAL,True,LOW,False,False,3475.18,0.06662267824835201,0.06097153056957246,0.0454171835796588,0.9495611111111111,0.8851111111111111,0.871624074074074,0.05278711649511555,,0.05278711649511555,1.2621011086013134,0.2621011086013134,1.1550456743590878,20.17323888888889,23.483333333333334,1256,0,0.0,PROVISIONAL_SAME_DAY
23132,E:\2-学术\2-项目\园上园项目\牛尾环项目\温度传感器专项算法\正常数据\0C3D5EA22E0E-23132-F1\2026-08-25\motion\2026-08-25 10_27_29.json,9150ee1eea1db5e87591462373ad8106857af541d1f70ee06e21e91ce2103da2,1787628748314,1787628449471,1787628480000,VALID,True,LOW,False,False,3475.38,0.021104922743015554,0.051516716266399885,0.04406731260134205,0.95745,0.8902481481481481,0.873762037037037,0.05333498103382351,0.049200185707823106,0.051956715925156716,0.4062020157974774,-0.5937979842025226,0.9915314189720796,20.561899999999998,24.0,1280,1,0.3333333333333333,SAME_CLOCK_BLEND
23132,E:\2-学术\2-项目\园上园项目\牛尾环项目\温度传感器专项算法\正常数据\0C3D5EA22E0E-23132-F1\2026-08-25\motion\2026-08-25 13_44_13.json,0d480d8852830a0799c291cde83fbd37730d2d43f9d581e58f2c2ff115ed945d,1787640530106,1787640253775,1787640300000,VALID,True,LOW,False,False,3475.62,0.0033182980823173503,,,0.9531611111111111,0.32181666666666664,0.56045,0.051914415344462506,0.08185145246834397,0.061893427719089664,0.053613092772593275,-0.9463869072274067,,18.74625,24.0,1167,1,0.3333333333333333,SAME_CLOCK_BLEND
23132,E:\2-学术\2-项目\园上园项目\牛尾环项目\温度传感器专项算法\正常数据\0C3D5EA22E0E-23132-F1\2026-08-25\motion\2026-08-25 14_49_44.json,2f96801f187705f29b1823e205fb983cc097c4b81de3bdf9818dd622a848e103,1787644461683,1787644184193,1787644200000,VALID,True,LOW,False,False,3475.54,0.0006172553883892763,,,0.9615833333333333,0.6436259259259259,0.5658972222222223,0.04805606666334,0.09204396506357666,0.06271869946341889,0.009841648402631414,-0.9901583515973685,,18.77855,24.0,1169,1,0.3333333333333333,SAME_CLOCK_BLEND
23158,E:\2-学术\2-项目\园上园项目\牛尾环项目\温度传感器专项算法\正常数据\0C3D5EA22E3B-23158-H5\2026-08-21\motion\2026-08-21 07_47_23.json,482ca036ab4bbc4628454d86671b89d2e541ab255e75bea292943b0720d2e3a8,1787273705063,1787273243316,1787273280000,INSUFFICIENT_HISTORY,False,UNAVAILABLE,False,False,3475.38,0.02127464904628712,,,0.9557444444444444,0.32179444444444444,0.16089722222222222,,,,,,,0.0,0.016666666666666666,0,0,0.0,INSUFFICIENT_HISTORY
23158,E:\2-学术\2-项目\园上园项目\牛尾环项目\温度传感器专项算法\正常数据\0C3D5EA22E3B-23158-H5\2026-08-21\motion\2026-08-21 09_47_07.json,9c316fa31a5f9d3885825ef9c35d736e640f5672d9806a4427d1810437f4d22b,1787280774685,1787280427113,1787280480000,INSUFFICIENT_HISTORY,False,UNAVAILABLE,False,False,3475.0,0.04083322189396565,,,0.9511444444444445,0.6403407407407408,0.32177685185185184,,,,,,,0.9634055555555557,2.0166666666666666,60,0,0.0,INSUFFICIENT_HISTORY
23158,E:\2-学术\2-项目\园上园项目\牛尾环项目\温度传感器专项算法\正常数据\0C3D5EA22E3B-23158-H5\2026-08-21\motion\2026-08-21 10_53_46.json,3a4e31d9ba33f9f7b3ea2cd3d2f6534d8c83fed2d13958ed6057966057ad7a68,1787284782063,1787284426892,1787284440000,PROVISIONAL,True,LOW,False,False,3475.36,0.035641188657256725,,,0.9622888888888889,0.6435518518518518,0.48267314814814816,0.03073361344360092,,0.03073361344360092,1.1596810353153453,0.15968103531534528,,1.9125722222222217,3.1166666666666667,119,0,0.0,PROVISIONAL_SAME_DAY
23158,E:\2-学术\2-项目\园上园项目\牛尾环项目\温度传感器专项算法\正常数据\0C3D5EA22E3B-23158-H5\2026-08-21\motion\2026-08-21 12_00_34.json,bec7437bf8facc583f275074feb6dd7fd38c429fc5cd4f0039356224d9f7e95c,1787288805376,1787288434652,1787288460000,PROVISIONAL,True,LOW,False,False,3475.16,0.04132031903252103,0.038240508630537226,,0.9588333333333333,0.8909037037037038,0.6435601851851852,0.032376303269984315,,0.032376303269984315,1.276251914492925,0.27625191449292497,1.1811264649843316,2.8748611111111106,4.233333333333333,179,0,0.0,PROVISIONAL_SAME_DAY
23158,E:\2-学术\2-项目\园上园项目\牛尾环项目\温度传感器专项算法\正常数据\0C3D5EA22E3B-23158-H5\2026-08-21\motion\2026-08-21 13_07_38.json,8bc56605528fd7e29c4c92742d8f9ba3ac5cdb4af3f95e7eac2f2be2b858f9eb,1787292829277,1787292458593,1787292480000,PROVISIONAL,True,STRONG,True,True,3475.12,0.07233839375528672,0.0493525403797794,0.04355074670939386,0.9599111111111112,0.8892314814814815,0.7492129629629629,0.034210856890066685,,0.034210856890066685,2.11448646222862,1.1144864622286201,1.4425987790475132,3.824072222222221,5.35,238,0,0.0,PROVISIONAL_SAME_DAY
23158,E:\2-学术\2-项目\园上园项目\牛尾环项目\温度传感器专项算法\正常数据\0C3D5EA22E3B-23158-H5\2026-08-21\motion\2026-08-21 14_14_38.json,e973d826c71a2f6ff5f2c48d3a8fb71842cd673ae88fc143a3667e30c1fb7e4b,1787296855562,1787296478972,1787296500000,PROVISIONAL,True,ELEVATED,False,False,3475.0,0.07899833871971673,0.06606071229640456,0.053953744268296126,0.9599833333333333,0.8880648148148148,0.8044277777777777,0.041752026375137814,,0.041752026375137814,1.892083943661189,0.8920839436611889,1.5822157157800107,4.77326111111111,6.466666666666667,297,0,0.0,PROVISIONAL_SAME_DAY
23158,E:\2-学术\2-项目\园上园项目\牛尾环项目\温度传感器专项算法\正常数据\0C3D5EA22E3B-23158-H5\2026-08-21\motion\2026-08-21 15_21_44.json,cd0636c87d0d89c700851c99e03a4b84379e56f3a1818b3db722f8f8a254d547,1787300880835,1787300504504,1787300520000,PROVISIONAL,True,STRONG,False,True,3475.24,0.16711042522278896,0.10953202656617518,0.07557083258328895,0.9615888888888889,0.888437037037037,0.871800925925926,0.047698977243465945,,0.047698977243465945,3.5034383309692583,2.5034383309692583,2.2963181371185364,5.722422222222222,7.583333333333333,356,0,0.0,PROVISIONAL_SAME_DAY
23158,E:\2-学术\2-项目\园上园项目\牛尾环项目\温度传感器专项算法\正常数据\0C3D5EA22E3B-23158-H5\2026-08-21\motion\2026-08-21 16_28_52.json,3ceff52dc04af832774daa324120cc0dc8973b0662701f8bee3c11fdc3bc0acd,1787304902740,1787304532570,1787304540000,PROVISIONAL,True,LOW,False,False,3475.12,0.08565192874558,0.11203902652803716,0.08478039262164219,0.9638,0.8884740740740741,0.8709564814814815,0.06487799141239406,,0.06487799141239406,1.3202000690979678,0.32020006909796783,1.7269188532034858,6.68401111111111,8.7,416,0,0.0,PROVISIONAL_SAME_DAY
23158,E:\2-学术\2-项目\园上园项目\牛尾环项目\温度传感器专项算法\正常数据\0C3D5EA22E3B-23158-H5\2026-08-21\motion\2026-08-21 17_35_54.json,684080e31a9008737869fd895f34eb1e8d0f056453ebf05e786b818d8af6c241,1787308890649,1787308554464,1787308560000,PROVISIONAL,True,LOW,False,False,3475.38,0.015387757663239526,0.08926995743081786,0.08085836949336399,0.9643944444444444,0.8890166666666667,0.8703953703703704,0.06749598504623731,,0.06749598504623731,0.22798034064838563,-0.7720196593516144,1.3225965569606037,7.64781111111111,9.816666666666666,476,0,0.0,PROVISIONAL_SAME_DAY
23158,E:\2-学术\2-项目\园上园项目\牛尾环项目\温度传感器专项算法\正常数据\0C3D5EA22E3B-23158-H5\2026-08-21\motion\2026-08-21 18_42_23.json,d1b9f5055a7d9337be24aaa33f45f5a46598f87a9b9f9afe9adef4ae73660431,1787312904975,1787312543826,1787312580000,PROVISIONAL,True,LOW,False,False,3475.22,0.061290708534105384,0.053859674234277434,0.08140707402669109,0.9558388888888889,0.8897592592592592,0.8705851851851852,0.0616609077627424,,0.0616609077627424,0.9939962085854873,-0.0060037914145126825,0.8734816951044186,8.612205555555555,10.933333333333334,536,0,0.0,PROVISIONAL_SAME_DAY
23158,E:\2-学术\2-项目\园上园项目\牛尾环项目\温度传感器专项算法\正常数据\0C3D5EA22E3B-23158-H5\2026-08-21\motion\2026-08-21 19_49_16.json,ff923903c0980f78fdf3b542715bcca4cecacc28c4f762b85f51de3c82b2ff66,1787316908944,1787316556289,1787316600000,PROVISIONAL,True,LOW,False,False,3475.54,0.020614004215336528,0.033943556973006085,0.07189263219046979,0.9538388888888889,0.8899759259259259,0.870625,0.061614132106537996,,0.061614132106537996,0.334566170301523,-0.665433829698477,0.5509053818093831,9.561422222222221,12.05,595,0,0.0,PROVISIONAL_SAME_DAY
23158,E:\2-学术\2-项目\园上园项目\牛尾环项目\温度传感器专项算法\正常数据\0C3D5EA22E3B-23158-H5\2026-08-21\motion\2026-08-21 20_56_00.json,6c3e357701a494347d5bdc278d15908d2c112cd38b5a4838345124929cd80c49,1787320919554,1787320560863,1787320620000,PROVISIONAL,True,LOW,False,False,3475.2,0.03472628676279112,0.04058263600059985,0.05547224751515285,0.9494555555555556,0.8871166666666667,0.8708814814814815,0.05787273760004226,,0.05787273760004226,0.6000456899548114,-0.39995431004518855,0.7012392653872005,10.526611111111112,13.166666666666666,655,0,0.0,PROVISIONAL_SAME_DAY
23158,E:\2-学术\2-项目\园上园项目\牛尾环项目\温度传感器专项算法\正常数据\0C3D5EA22E3B-23158-H5\2026-08-21\motion\2026-08-21 22_02_49.json,4d8154614852b98d95ba8295882d265ebacdd9d8677447aa2fac0b8cd960961f,1787324928940,1787324569496,1787324580000,PROVISIONAL,True,LOW,False,False,3475.5,0.026259254295003136,0.027646834128063385,0.03525312952812758,0.96305,0.8918092592592592,0.8739509259259259,0.055958153611585994,,0.055958153611585994,0.4692659174795614,-0.5307340825204385,0.49406265832079166,11.47582222222222,14.266666666666667,714,0,0.0,PROVISIONAL_SAME_DAY
23158,E:\2-学术\2-项目\园上园项目\牛尾环项目\温度传感器专项算法\正常数据\0C3D5EA22E3B-23158-H5\2026-08-21\motion\2026-08-21 23_09_40.json,9cf5468b03c6e96826ece03cbb1e92a0535d74beadd9b149535ae3be4f9fac39,1787328932092,1787328580055,1787328600000,PROVISIONAL,True,LOW,False,False,3475.44,0.029746122146851323,0.030761450518394472,0.03299996042131924,0.9604111111111111,0.8903777777777778,0.8740481481481481,0.0536587871999158,,0.0536587871999158,0.5543569599519014,-0.4456430400480986,0.5732789003185436,12.438872222222221,15.383333333333333,774,0,0.0,PROVISIONAL_SAME_DAY
23158,E:\2-学术\2-项目\园上园项目\牛尾环项目\温度传感器专项算法\正常数据\0C3D5EA22E3B-23158-H5\2026-08-22\motion\2026-08-22 00_16_22.json,7a731032841a6792263283837f0bbcf01d1b8529177384b6fff8867fddbdede3,1787332936186,1787332582925,1787332620000,PROVISIONAL,True,LOW,False,False,3475.26,0.028279715159666218,0.02863396643173065,0.03298964932051793,0.9556,0.8895148148148149,0.872624074074074,0.05196863576247268,,0.05196863576247268,0.5441688961957978,-0.4558311038042022,0.5509855321699182,13.388155555555553,16.5,833,0,0.0,PROVISIONAL_SAME_DAY
23158,E:\2-学术\2-项目\园上园项目\牛尾环项目\温度传感器专项算法\正常数据\0C3D5EA22E3B-23158-H5\2026-08-22\motion\2026-08-22 01_23_08.json,85ff30433254a295b731e03f4eb2980b6344fa9b8511eb14e2db6b7664c0d50a,1787336942243,1787336588634,1787336640000,PROVISIONAL,True,LOW,False,False,3475.32,0.02164554557817448,0.02674978813141221,0.027508501910586534,0.95165,0.8886240740740741,0.8722768518518519,0.05038211873750365,,0.05038211873750365,0.42962753692337036,-0.5703724630766296,0.5309381344357813,14.351099999999997,17.616666666666667,893,0,0.0,PROVISIONAL_SAME_DAY
23158,E:\2-学术\2-项目\园上园项目\牛尾环项目\温度传感器专项算法\正常数据\0C3D5EA22E3B-23158-H5\2026-08-22\motion\2026-08-22 02_29_54.json,00a2cd7d5bf13acc5ae21190663daeb985bb59735d1676354e5aa1928a0ae4f3,1787340943056,1787340594247,1787340600000,PROVISIONAL,True,LOW,False,False,3475.08,0.04345147144346574,0.030767240030840463,0.030522672009843942,0.96425,0.8923740740740741,0.8742296296296296,0.048598517398459655,,0.048598517398459655,0.8940904737320845,-0.1059095262679155,0.6330900957035295,15.300349999999998,18.716666666666665,952,0,0.0,PROVISIONAL_SAME_DAY
23158,E:\2-学术\2-项目\园上园项目\牛尾环项目\温度传感器专项算法\正常数据\0C3D5EA22E3B-23158-H5\2026-08-22\motion\2026-08-22 03_36_34.json,71a7ad6345e39580f16a94f0b3dedd66dce9f0dd3c85ea8fe1b8902e55b36ace,1787344935752,1787344594273,1787344620000,PROVISIONAL,True,LOW,False,False,3475.34,0.018082870924964755,0.02870484473697337,0.028375117973283924,0.9587777777777777,0.8910537037037037,0.8737981481481482,0.048293373769836584,,0.048293373769836584,0.37443793037004763,-0.6255620696299524,0.5943847467310732,16.264599999999998,19.833333333333332,1012,0,0.0,PROVISIONAL_SAME_DAY
23158,E:\2-学术\2-项目\园上园项目\牛尾环项目\温度传感器专项算法\正常数据\0C3D5EA22E3B-23158-H5\2026-08-22\motion\2026-08-22 04_43_07.json,4a1577797d92232e7accf7421c5766bdbcb8ed19efd21c987a8059435738f33a,1787348922226,1787348587258,1787348640000,PROVISIONAL,True,LOW,False,False,3475.32,0.020519186223172656,0.027662803093505925,0.027086592068986885,0.9512611111111111,0.8899148148148148,0.8733537037037037,0.04660155023187402,,0.04660155023187402,0.44031123688108914,-0.5596887631189109,0.5936026367334326,17.22796111111111,20.95,1072,0,0.0,PROVISIONAL_SAME_DAY
23158,E:\2-学术\2-项目\园上园项目\牛尾环项目\温度传感器专项算法\正常数据\0C3D5EA22E3B-23158-H5\2026-08-22\motion\2026-08-22 05_49_33.json,5509e89322e469453f347e92bf2210e9aca5e9e22aa861830cb91dda2d62da77,1787352934194,1787352573478,1787352600000,PROVISIONAL,True,LOW,False,False,3475.3,0.03271032577944823,0.024382892390046176,0.026292537839829017,0.9585444444444444,0.8934462962962963,0.8752462962962962,0.04524064251772525,,0.04524064251772525,0.7230296467746307,-0.27697035322536934,0.5389599049238298,18.17721111111111,22.05,1131,0,0.0,PROVISIONAL_SAME_DAY
23158,E:\2-学术\2-项目\园上园项目\牛尾环项目\温度传感器专项算法\正常数据\0C3D5EA22E3B-23158-H5\2026-08-22\motion\2026-08-22 06_56_25.json,2454d2eb9e0564ddf56057b80ecb134847aee983a2ebe030dd91b98292986fee,1787356945764,1787356585351,1787356620000,PROVISIONAL,True,LOW,False,False,3475.26,0.03772718922688566,0.031243199584497,0.03001688525278689,0.9562722222222222,0.8909425925925926,0.8745759259259259,0.04461905036259871,,0.04461905036259871,0.8455399413545104,-0.15446005864548962,0.7002210789023464,19.126461111111112,23.166666666666668,1190,0,0.0,PROVISIONAL_SAME_DAY
23158,E:\2-学术\2-项目\园上园项目\牛尾环项目\温度传感器专项算法\正常数据\0C3D5EA22E3B-23158-H5\2026-08-22\motion\2026-08-22 08_03_17.json,49c07481fba7738ec85eb168107b9dbb7eaad58bd23b312f5912c763cebc4d38,1787360959767,1787360597104,1787360640000,VALID,True,LOW,False,False,3474.9,0.048543901953323025,0.04003283194121541,0.033320783810434476,0.9538833333333333,0.8879666666666667,0.8739907407407408,0.04441567147349552,0.016447285041729147,0.035092875996240065,1.3832979080575822,0.38329790805758224,1.1407680563287153,19.8183,24.0,1233,1,0.3333333333333333,SAME_CLOCK_BLEND
23158,E:\2-学术\2-项目\园上园项目\牛尾环项目\温度传感器专项算法\正常数据\0C3D5EA22E3B-23158-H5\2026-08-22\motion\2026-08-22 09_10_09.json,f6a97b62d1a78f619dad503b4bf03fb1cf528105696312605fb1c72c6bbb4048,1787364964837,1787364609995,1787364660000,PROVISIONAL,True,LOW,False,False,3475.16,0.03222990363682384,0.03989993911110958,0.03294202010614151,0.9519833333333333,0.8872018518518519,0.8730657407407407,0.04559570174604713,,0.04559570174604713,0.7068627612386288,-0.2931372387613712,0.875081149827213,20.08888888888889,24.0,1250,0,0.0,PROVISIONAL_SAME_DAY
23158,E:\2-学术\2-项目\园上园项目\牛尾环项目\温度传感器专项算法\正常数据\0C3D5EA22E3B-23158-H5\2026-08-22\motion\2026-08-22 10_16_55.json,85d70ddc6bad6f90cd66f1eb2750edfbddbeaa9fcaf678a11b4c7b453de50984,1787368978588,1787368615851,1787368620000,VALID,True,LOW,False,False,3475.24,0.03891055576944356,0.0394128067769939,0.036738452564208976,0.9647388888888889,0.8918055555555555,0.8744953703703704,0.04486617207926265,0.03735745023170466,0.04236326479674332,0.9184975699142718,-0.08150243008572822,0.9303533843790001,20.557422222222222,24.0,1279,1,0.3333333333333333,SAME_CLOCK_BLEND
23158,E:\2-学术\2-项目\园上园项目\牛尾环项目\温度传感器专项算法\正常数据\0C3D5EA22E3B-23158-H5\2026-08-22\motion\2026-08-22 11_23_41.json,f75098ff60c742b3ca1d3e5d8e7d7589c2d0327f909a7a7e22da30c19c0d19f6,1787372977077,1787372621408,1787372640000,VALID,True,LOW,False,False,3475.2,0.03874567137030935,0.03699139542773062,0.03796319542127931,0.9607166666666667,0.8911703703703704,0.873025,0.04501893319696501,0.03472262305933711,0.041586829817755716,0.9316812928540824,-0.06831870714591759,0.8894978431834433,20.556866666666668,24.0,1279,1,0.3333333333333333,SAME_CLOCK_BLEND
23158,E:\2-学术\2-项目\园上园项目\牛尾环项目\温度传感器专项算法\正常数据\0C3D5EA22E3B-23158-H5\2026-08-22\motion\2026-08-22 12_30_27.json,07d63361d65dd8b0a128daac62887f406e73a31e4296eeef476efce9e344820b,1787376979971,1787376627948,1787376660000,VALID,True,LOW,False,False,3473.4,0.019671138300939504,0.03313541655669703,0.035815238287060576,0.9564777777777778,0.8898833333333334,0.8725574074074074,0.04519447387292192,0.054932647079250795,0.04844053160836488,0.40608840670820845,-0.5939115932917916,0.6840432063089722,20.54382222222222,24.0,1278,1,0.3333333333333333,SAME_CLOCK_BLEND
23158,E:\2-学术\2-项目\园上园项目\牛尾环项目\温度传感器专项算法\正常数据\0C3D5EA22E3B-23158-H5\2026-08-22\motion\2026-08-22 13_37_10.json,e65b7988f484b165342cda1a31fadb42166fb4d22fd36b0f06fe46107f4db038,1787380972896,1787380630720,1787380680000,VALID,True,LOW,False,False,3475.24,0.026313211761052033,0.02584812727559835,0.03255841714065219,0.9522055555555555,0.8885555555555555,0.8721851851851852,0.04361873078833011,0.07849796933252381,0.055245143636394684,0.47629909217427174,-0.5237009078257282,0.46788053345869096,20.556483333333333,24.0,1279,1,0.3333333333333333,SAME_CLOCK_BLEND
23158,E:\2-学术\2-项目\园上园项目\牛尾环项目\温度传感器专项算法\正常数据\0C3D5EA22E3B-23158-H5\2026-08-22\motion\2026-08-22 14_43_44.json,e9dfe26b535f5fedc75d237e597d3572b17c9238ba4c4280e8974de4c9537987,1787384982866,1787384624495,1787384640000,VALID,True,LOW,False,False,3475.02,0.0397919378724321,0.029257009913933468,0.031962729163067485,0.9615222222222222,0.8926481481481482,0.8745351851851851,0.04138473477889001,0.09577657230299325,0.059515347286924425,0.6685996081077128,-0.3314003918922872,0.491587653397786,20.57261666666667,24.0,1280,1,0.3333333333333333,SAME_CLOCK_BLEND
23158,E:\2-学术\2-项目\园上园项目\牛尾环项目\温度传感器专项算法\正常数据\0C3D5EA22E3B-23158-H5\2026-08-22\motion\2026-08-22 15_50_32.json,c8eb0671625dbcc69384b29202c4560067ebb5ddc9f8445fb59ac01d1cafcc98,1787388995284,1787388632610,1787388660000,VALID,True,LOW,False,False,3474.96,0.049409036372448305,0.03967027147967618,0.035197985855577804,0.9582055555555555,0.8911981481481481,0.8739611111111111,0.03885644522181888,0.1618689919467978,0.07986062746347852,0.618690811001251,-0.381309188998749,0.4967437990368658,20.58492222222222,24.0,1281,1,0.3333333333333333,SAME_CLOCK_BLEND
23158,E:\2-学术\2-项目\园上园项目\牛尾环项目\温度传感器专项算法\正常数据\0C3D5EA22E3B-23158-H5\2026-08-22\motion\2026-08-22 16_57_25.json,db80d0ddb8813b6f2d3201f1e0d021a19fe5c1a63a7bf7f38070587f6e370a45,1787392994361,1787392645968,1787392680000,VALID,True,LOW,False,False,3475.22,0.02419340211975623,0.03856790848211024,0.03149655619377238,0.9564333333333334,0.8889666666666667,0.8733,0.03380800048097209,0.055066427029186835,0.040894142663710345,0.5916104494159152,-0.40838955058408477,0.9431157121759538,20.572494444444448,24.0,1280,1,0.3333333333333333,SAME_CLOCK_BLEND
23158,E:\2-学术\2-项目\园上园项目\牛尾环项目\温度传感器专项算法\正常数据\0C3D5EA22E3B-23158-H5\2026-08-22\motion\2026-08-22 18_04_05.json,5fda95665619c4c3c230cbdffe31aae061b02c3bd7184ce3f31b1f55ef242cca,1787397000606,1787396645789,1787396700000,VALID,True,LOW,False,False,3475.32,0.022560337347120853,0.028801313896462923,0.03135642400372573,0.9508611111111112,0.8878962962962963,0.8727685185185186,0.032570534378618524,0.016891518538630437,0.027344195765289164,0.8250503156417216,-0.1749496843582784,1.053288022938434,20.5724,24.0,1280,1,0.3333333333333333,SAME_CLOCK_BLEND
23158,E:\2-学术\2-项目\园上园项目\牛尾环项目\温度传感器专项算法\正常数据\0C3D5EA22E3B-23158-H5\2026-08-22\motion\2026-08-22 19_10_51.json,b47da36f5b7dde742c2ec1c475c880e11d98b4c0cf53bdf98c91ecafa7fa782e,1787401001042,1787400651490,1787400660000,VALID,True,LOW,False,False,3475.16,0.03860515515279325,0.02789220235129047,0.03457260698708975,0.9635055555555555,0.892662962962963,0.8746407407407407,0.03260808864390047,0.06289875703213069,0.04270497810664388,0.9039966033090463,-0.0960033966909537,0.6531370249537982,20.573333333333334,24.0,1280,1,0.3333333333333333,SAME_CLOCK_BLEND
23158,E:\2-学术\2-项目\园上园项目\牛尾环项目\温度传感器专项算法\正常数据\0C3D5EA22E3B-23158-H5\2026-08-22\motion\2026-08-22 20_17_31.json,f652263638f30e14f74a911ba60db9fef35375f704a911bd99cfc3fbe2dd384d,1787405007033,1787404651478,1787404680000,VALID,True,LOW,False,False,3475.34,0.027848218496801132,0.030741379933684285,0.033627362461229306,0.958,0.8907981481481482,0.8735324074074075,0.03173664303886794,0.023954457928328753,0.029142581335354877,0.9555851685319494,-0.044414831468050586,1.05486125542317,20.587600000000002,24.0,1281,1,0.3333333333333333,SAME_CLOCK_BLEND
23158,E:\2-学术\2-项目\园上园项目\牛尾环项目\温度传感器专项算法\正常数据\0C3D5EA22E3B-23158-H5\2026-08-22\motion\2026-08-22 21_24_18.json,4c0f774a7d0dca2894e9c55bf78d72176fa120b4f6c3f26d749e01c949180134,1787409017257,1787408658309,1787408700000,VALID,True,LOW,False,False,3475.22,0.03628232477213248,0.03395790857860336,0.03097230619457555,0.9543055555555555,0.8896648148148149,0.8729962962962963,0.031842324749566116,0.03179333228438087,0.0318259939278377,1.1400217336306628,0.14002173363066284,1.0669865851039742,20.57172222222222,24.0,1280,1,0.3333333333333333,SAME_CLOCK_BLEND
23158,E:\2-学术\2-项目\园上园项目\牛尾环项目\温度传感器专项算法\正常数据\0C3D5EA22E3B-23158-H5\2026-08-22\motion\2026-08-22 22_31_06.json,bd593e8c465ee823c828ada59b92f4b6702b01ebb09f1d1087de19070715b68b,1787413011278,1787412666029,1787412720000,VALID,True,LOW,False,False,3475.38,0.02279803047775846,0.02875679514490532,0.028518468048232864,0.9509444444444445,0.8878277777777778,0.8727074074074074,0.03206885506620989,0.02689201747417975,0.03034324253553318,0.7513379775105128,-0.2486620224894872,0.9477166163513979,20.570027777777778,24.0,1280,1,0.3333333333333333,SAME_CLOCK_BLEND
23158,E:\2-学术\2-项目\园上园项目\牛尾环项目\温度传感器专项算法\正常数据\0C3D5EA22E3B-23158-H5\2026-08-22\motion\2026-08-22 23_37_41.json,99676112bc20a6747cc44f56ae4554baed6fb5515bcea9d5d60d964f07de8c70,1787417017475,1787416661485,1787416680000,VALID,True,LOW,False,False,3475.16,0.03274435610996014,0.030995913040976538,0.0310697628434989,0.9607277777777777,0.89195,0.8744435185185185,0.03187901669684693,0.0345542760271251,0.03277076980693966,0.9991939860694415,-0.0008060139305584579,0.9458402479887039,20.57232777777778,24.0,1280,1,0.3333333333333333,SAME_CLOCK_BLEND
23158,E:\2-学术\2-项目\园上园项目\牛尾环项目\温度传感器专项算法\正常数据\0C3D5EA22E3B-23158-H5\2026-08-23\motion\2026-08-23 00_44_28.json,9cd91f9ed402c0ade867bb57684843109249a314172be519bb2cfef17375227c,1787421016096,1787420668289,1787420700000,VALID,True,LOW,False,False,3475.48,0.02261227096669852,0.02582091451234877,0.028706105841922756,0.95715,0.8908444444444444,0.8738944444444444,0.031683381168984115,0.017269683137345473,0.026878815158437902,0.8412674008660679,-0.15873259913393212,0.9606418422890552,20.572316666666666,24.0,1280,1,0.3333333333333333,SAME_CLOCK_BLEND
23158,E:\2-学术\2-项目\园上园项目\牛尾环项目\温度传感器专项算法\正常数据\0C3D5EA22E3B-23158-H5\2026-08-23\motion\2026-08-23 01_51_06.json,149ffd9362cb17784b5bc392552a323251748adc5b13c47ef3c3faab8ffd91fa,1787425025897,1787424666742,1787424720000,VALID,True,LOW,False,False,3475.22,0.034136471733287745,0.029055704185775202,0.029391951801439355,0.9510944444444445,0.88875,0.872962037037037,0.031937513693217026,0.02764610751973634,0.030507044968723467,1.118970118813056,0.11897011881305608,0.9524260450516852,20.572850000000003,24.0,1280,1,0.3333333333333333,SAME_CLOCK_BLEND
23158,E:\2-学术\2-项目\园上园项目\牛尾环项目\温度传感器专项算法\正常数据\0C3D5EA22E3B-23158-H5\2026-08-23\motion\2026-08-23 02_57_53.json,18363147d1802eaa38b6dc9923926a64ffbc90c3fdfbbbcc9634484635024fb1,1787429031413,1787428673652,1787428680000,VALID,True,LOW,False,False,3475.4,0.03615425266489021,0.03184961940062299,0.03101981398153893,0.9641722222222222,0.8929,0.8750370370370371,0.032197292397397374,0.03905378919957882,0.03448279133145786,1.0484723326880883,0.04847233268808826,0.9236380864436375,20.57285,24.0,1280,1,0.3333333333333333,SAME_CLOCK_BLEND
23158,E:\2-学术\2-项目\园上园项目\牛尾环项目\温度传感器专项算法\正常数据\0C3D5EA22E3B-23158-H5\2026-08-23\motion\2026-08-23 04_04_42.json,0e131ae6f86554b2d2833791b341f62f9120a28afb649668d008c2f701d9c0d6,1787433032124,1787432682263,1787432700000,VALID,True,LOW,False,False,3475.5,0.029707790741064374,0.03313022427138824,0.030185511538380318,0.9610388888888889,0.8909222222222222,0.8744824074074075,0.03211042140228436,0.017470339953253797,0.027230394252607506,1.0909790899637688,0.0909790899637688,1.2166634079569296,20.57275,24.0,1280,1,0.3333333333333333,SAME_CLOCK_BLEND
23158,E:\2-学术\2-项目\园上园项目\牛尾环项目\温度传感器专项算法\正常数据\0C3D5EA22E3B-23158-H5\2026-08-23\motion\2026-08-23 05_11_19.json,3b4af367dae0f43c4336dd4caddcad76de7ebdc180d9d5dda8601662b9231b20,1787437028775,1787436679845,1787436720000,VALID,True,LOW,False,False,3475.28,0.03410219142145398,0.03299368186450729,0.031105709861047912,0.95475,0.8898962962962963,0.8734416666666667,0.03266880172880392,0.02867021768999115,0.031335940382533,1.0882772626304498,0.08827726263044977,1.0529022413796247,20.570433333333334,24.0,1280,1,0.3333333333333333,SAME_CLOCK_BLEND
23158,E:\2-学术\2-项目\园上园项目\牛尾环项目\温度传感器专项算法\正常数据\0C3D5EA22E3B-23158-H5\2026-08-23\motion\2026-08-23 06_17_59.json,42d84b07a99b5a0b97069b3f18c2a2409dab819ec9fd23bf7026b84ed330a4c9,1787441033152,1787440679628,1787440680000,VALID,True,LOW,False,False,3475.1,0.032117563198562064,0.03110382453642487,0.032649413011302364,0.9653055555555555,0.8941759259259259,0.8754972222222223,0.032805996579327104,0.029385999999807295,0.03166599771948717,1.0142602637401505,0.014260263740150547,0.9822467876097791,20.570449999999997,24.0,1280,1,0.3333333333333333,SAME_CLOCK_BLEND
23158,E:\2-学术\2-项目\园上园项目\牛尾环项目\温度传感器专项算法\正常数据\0C3D5EA22E3B-23158-H5\2026-08-23\motion\2026-08-23 07_24_45.json,74314c6d61f3bf609b4c948b3cc77fb71ad1bf7bfc3680d50bcc427fdd96d273,1787445044705,1787444685393,1787444700000,VALID,True,LOW,False,False,3475.02,0.04529908621011082,0.03812493612940803,0.035028114523871404,0.9617777777777777,0.8920648148148148,0.8744916666666667,0.03289526432147,0.0407104943444032,0.03550034099578107,1.2760183406546506,0.2760183406546506,1.0739315471346846,20.586483333333334,24.0,1281,1,0.3333333333333333,SAME_CLOCK_BLEND
23158,E:\2-学术\2-项目\园上园项目\牛尾环项目\温度传感器专项算法\正常数据\0C3D5EA22E3B-23158-H5\2026-08-23\motion\2026-08-23 08_31_34.json,5c2232924a55e024f4a00901d46850dfe46dd00f59b0e79b20c1f69383ce7a29,1787449054311,1787448694982,1787448720000,VALID,True,ELEVATED,True,False,3475.04,0.06302741628108455,0.04826880621893812,0.04070749846485583,0.9588888888888889,0.8902018518518519,0.8739629629629629,0.033038271997034074,0.044776902917359536,0.0369511489704759,1.7056957100696295,0.7056957100696295,1.3062870185039461,20.599083333333333,24.0,1282,1,0.3333333333333333,SAME_CLOCK_BLEND
23158,E:\2-学术\2-项目\园上园项目\牛尾环项目\温度传感器专项算法\正常数据\0C3D5EA22E3B-23158-H5\2026-08-23\motion\2026-08-23 09_48_08.json,92fdb8c069d1fb151fd3ba76a62c76a4de938c4cb922a307f193097bd03185a6,1787453645177,1787453288761,1787453340000,VALID,True,LOW,False,False,3475.1,0.028677151812236158,0.04678029727230315,0.04002088357048212,0.9516222222222223,0.8354203703703704,0.846600925925926,0.033823925362041166,0.035514153333503884,0.034669039347772525,0.8271689193510536,-0.17283108064894637,1.349339299628121,20.438544444444442,24.0,1272,2,0.5,SAME_CLOCK_BLEND
23158,E:\2-学术\2-项目\园上园项目\牛尾环项目\温度传感器专项算法\正常数据\0C3D5EA22E3B-23158-H5\2026-08-23\motion\2026-08-23 10_54_56.json,3051beb183ccbd2a8c2cda829d6ac3067a65596ab33cc13507946a0e526757a2,1787457725815,1787457296628,1787457300000,VALID,True,LOW,False,False,3475.12,0.04500910194935866,0.04447026519568798,0.04274678254761036,0.9649222222222222,0.8398277777777777,0.848237037037037,0.033619900135180875,0.038986705715154835,0.036303302925167855,1.2398073542271375,0.2398073542271375,1.22496471704943,20.438505555555555,24.0,1272,2,0.5,SAME_CLOCK_BLEND
23158,E:\2-学术\2-项目\园上园项目\牛尾环项目\温度传感器专项算法\正常数据\0C3D5EA22E3B-23158-H5\2026-08-23\motion\2026-08-23 12_02_01.json,aad255cc2d74a8f34803ac21b8b07934f535c44341419783ef99a40aded8cc37,1787461763310,1787461321228,1787461380000,VALID,True,LOW,False,False,3475.34,0.031781163144940554,0.03669242355707934,0.04265312811894289,0.9495944444444444,0.8856962962962963,0.8446444444444444,0.033666138047139735,0.031628035754091934,0.03264708690061584,0.9734762320965626,-0.026523767903437356,1.123911106334795,20.43841666666667,24.0,1272,2,0.5,SAME_CLOCK_BLEND
23158,E:\2-学术\2-项目\园上园项目\牛尾环项目\温度传感器专项算法\正常数据\0C3D5EA22E3B-23158-H5\2026-08-23\motion\2026-08-23 13_08_56.json,9f10cc054905c56b9dfa3551981867aa9e310128c02859741c5d228d690cf6f9,1787465697603,1787465336659,1787465340000,VALID,True,LOW,False,False,3475.12,0.04546372247722588,0.04166193890109011,0.042569967856889254,0.9649333333333333,0.8901185185185185,0.8467527777777778,0.034127867787793975,0.04666103014870439,0.04039444896824918,1.1254943101949788,0.1254943101949788,1.0313778245579535,20.455044444444447,24.0,1273,2,0.5,SAME_CLOCK_BLEND
23158,E:\2-学术\2-项目\园上园项目\牛尾环项目\温度传感器专项算法\正常数据\0C3D5EA22E3B-23158-H5\2026-08-23\motion\2026-08-23 14_15_49.json,3340f9fa7f340f16006ca9ed2bfeca3fe992c39bf3938dd98f02f42ab6dd17ff,1787469718690,1787469349313,1787469360000,VALID,True,LOW,False,False,3475.12,0.045849765894642125,0.041192832465329815,0.041634219283291335,0.9628944444444445,0.8903592592592593,0.846275,0.035248843492323156,0.05552989616853484,0.045389369830429,1.0101432574616727,0.010143257461672661,0.907543608100815,20.45758333333333,24.0,1273,2,0.5,SAME_CLOCK_BLEND
23158,E:\2-学术\2-项目\园上园项目\牛尾环项目\温度传感器专项算法\正常数据\0C3D5EA22E3B-23158-H5\2026-08-23\motion\2026-08-23 15_22_44.json,fdcaae32b18c52fdf66d273477c87018ce60d7c937a081b198a921a0377ea2d6,1787473712221,1787473364053,1787473380000,VALID,True,LOW,False,False,3475.02,0.03259046479884831,0.04189107676287778,0.04010755845884669,0.9614055555555555,0.8901,0.8718712962962963,0.03574973437605331,0.10885202814105031,0.07230088125855182,0.45076165368307297,-0.549238346316927,0.5793992553572487,20.455216666666665,24.0,1273,2,0.5,SAME_CLOCK_BLEND
23158,E:\2-学术\2-项目\园上园项目\牛尾环项目\温度传感器专项算法\正常数据\0C3D5EA22E3B-23158-H5\2026-08-23\motion\2026-08-23 16_29_23.json,974fad294ff6459f46803716fe1ff748c323d3d55696e8681d7338bbf2bbe952,1787477730968,1787477363324,1787477400000,VALID,True,LOW,False,False,3475.04,0.061410943300559,0.04725864396314248,0.04492011222373093,0.95565,0.8894037037037037,0.8714009259259259,0.03499563943285418,0.06129026533561649,0.048142952384235334,1.2755957052743683,0.2755957052743683,0.9816316121613176,20.455122222222222,24.0,1273,2,0.5,SAME_CLOCK_BLEND
23158,E:\2-学术\2-项目\园上园项目\牛尾环项目\温度传感器专项算法\正常数据\0C3D5EA22E3B-23158-H5\2026-08-23\motion\2026-08-23 17_36_21.json,eaf86a867bf30bc662c9266794e1c407e6a1043cbc7fff0cd4e1ab979360e142,1787481747980,1787481381392,1787481420000,VALID,True,ELEVATED,True,False,3474.94,0.05266096808700623,0.050632354930919325,0.045928234327456186,0.9550833333333333,0.8889111111111111,0.8715064814814815,0.03619992571342619,0.016952696080671827,0.026576310897049007,1.9815003026945182,0.9815003026945182,1.9051686717188978,20.45511666666667,24.0,1273,2,0.5,SAME_CLOCK_BLEND
23158,E:\2-学术\2-项目\园上园项目\牛尾环项目\温度传感器专项算法\正常数据\0C3D5EA22E3B-23158-H5\2026-08-23\motion\2026-08-23 18_43_17.json,e57de5a1e2098518e65492acff21e45b0b140b2b13a047e8df3af5046b97b2da,1787485768464,1787485397090,1787485440000,VALID,True,ELEVATED,False,False,3475.04,0.0704695153010978,0.06369891206362371,0.05300266125973515,0.9539166666666666,0.8869907407407407,0.8713833333333333,0.03776129074328735,0.04863082115236561,0.04319605594782648,1.6313877217450832,0.6313877217450832,1.4746464848679983,20.440494444444443,24.0,1272,2,0.5,SAME_CLOCK_BLEND
23158,E:\2-学术\2-项目\园上园项目\牛尾环项目\温度传感器专项算法\正常数据\0C3D5EA22E3B-23158-H5\2026-08-23\motion\2026-08-23 19_50_18.json,7c75628d691cbc93fdd8630ec0b4ccd624450609c2fd137d0b999c48937e8840,1787489768692,1787489418581,1787489460000,VALID,True,LOW,False,False,3475.34,0.02315732539121606,0.04661364196513992,0.04712805855652006,0.9544166666666667,0.8868425925925926,0.8710509259259259,0.039360679721172985,0.0250748435952819,0.03221776165822744,0.7187751165606621,-0.28122488343933794,1.44683055451297,20.42437222222222,24.0,1271,2,0.5,SAME_CLOCK_BLEND
23158,E:\2-学术\2-项目\园上园项目\牛尾环项目\温度传感器专项算法\正常数据\0C3D5EA22E3B-23158-H5\2026-08-23\motion\2026-08-23 20_56_58.json,583f10fbe1c60b3b9de899527c11172134c175b9611f78443ca5233afeead0d3,1787493774267,1787493418258,1787493420000,VALID,True,LOW,False,False,3475.16,0.025251250433835613,0.039874234657648396,0.045352671271686414,0.9653222222222222,0.891824074074074,0.8734898148148148,0.039103018222557094,0.03124576164693541,0.03517438993474625,0.7178873743277553,-0.2821126256722447,1.1336155291284669,20.42615,24.0,1271,2,0.5,SAME_CLOCK_BLEND
23158,E:\2-学术\2-项目\园上园项目\牛尾环项目\温度传感器专项算法\正常数据\0C3D5EA22E3B-23158-H5\2026-08-23\motion\2026-08-23 22_03_44.json,6bba63a3e3db778f5adb5da54ce6b5145c78a362d8ca89fe0fe14eb70f72e312,1787497774552,1787497424165,1787497440000,VALID,True,LOW,False,False,3474.96,0.041307547616751865,0.03064828566531857,0.04680357886234307,0.9614166666666667,0.89195,0.8725296296296297,0.03878101964862119,0.028858858375646133,0.03381993901213366,1.2213962775607565,0.22139627756075653,0.9062194244147752,20.442233333333334,24.0,1272,2,0.5,SAME_CLOCK_BLEND
23158,E:\2-学术\2-项目\园上园项目\牛尾环项目\温度传感器专项算法\正常数据\0C3D5EA22E3B-23158-H5\2026-08-23\motion\2026-08-23 23_10_24.json,cfe3ff9cbf21da54bc6074cb3f7b55a165d9e06e4fc2e68518c1e93ed6c3b915,1787501779749,1787501424218,1787501460000,VALID,True,LOW,False,False,3475.14,0.022594976123754947,0.030005857713001512,0.036612555675535605,0.9559277777777778,0.8902111111111111,0.8724490740740741,0.03930031775561681,0.02936378617273952,0.03433205196417817,0.6581306630704856,-0.3418693369295144,0.8739896393116677,20.439988888888887,24.0,1272,2,0.5,SAME_CLOCK_BLEND
23158,E:\2-学术\2-项目\园上园项目\牛尾环项目\温度传感器专项算法\正常数据\0C3D5EA22E3B-23158-H5\2026-08-24\motion\2026-08-24 00_17_04.json,336c9a8291b40d75de5bb7267ad71c5414d377bfcd8150403a9968de18d0fd14,1787505774067,1787505424831,1787505480000,VALID,True,LOW,False,False,3474.98,0.03901310237941107,0.032787225436855826,0.03363611433412022,0.9504944444444444,0.8889222222222222,0.8722481481481481,0.038900458271988306,0.024870637032741116,0.03188554765236471,1.2235355906304393,0.22353559063043926,1.0282785729234367,20.438655555555556,24.0,1272,2,0.5,SAME_CLOCK_BLEND
23158,E:\2-学术\2-项目\园上园项目\牛尾环项目\温度传感器专项算法\正常数据\0C3D5EA22E3B-23158-H5\2026-08-24\motion\2026-08-24 01_23_43.json,6f7330185f99db32f1cbc4468804964fff7b0da7ee4219d48a8775a178aa73bf,1787509776984,1787509424013,1787509440000,VALID,True,LOW,False,False,3475.18,0.03518298437302531,0.03292726851297504,0.031787796184881874,0.9614333333333334,0.8924592592592593,0.8749953703703703,0.03968142520237193,0.027299370369980813,0.03349039778617637,1.0505394590310773,0.05053945903107726,0.9831853513118387,20.454605555555553,24.0,1273,2,0.5,SAME_CLOCK_BLEND
23158,E:\2-学术\2-项目\园上园项目\牛尾环项目\温度传感器专项算法\正常数据\0C3D5EA22E3B-23158-H5\2026-08-24\motion\2026-08-24 02_30_27.json,bd5e51e92eb84fa8ae80fd8842c4c2279f80a129512ed8f68b572fc0ea7b1ebb,1787513775803,1787513427761,1787513460000,VALID,True,LOW,False,False,3475.24,0.02297942977297427,0.03172940717613293,0.03156369424140743,0.9569388888888889,0.8906759259259259,0.874137962962963,0.03979612800765251,0.037896945915209646,0.038846536961431075,0.5915438432977818,-0.40845615670221824,0.8167885649018235,20.452588888888886,24.0,1273,2,0.5,SAME_CLOCK_BLEND
23158,E:\2-学术\2-项目\园上园项目\牛尾环项目\温度传感器专项算法\正常数据\0C3D5EA22E3B-23158-H5\2026-08-24\motion\2026-08-24 03_37_06.json,6e73eab14d0e1a7a499125c6191ba167e81c6f688dee8b8d88e6a7f5aadf60a3,1787517769780,1787517426654,1787517480000,VALID,True,LOW,False,False,3475.28,0.017407150031283583,0.02517201948956153,0.028611213986666828,0.9510888888888889,0.8889666666666667,0.8735092592592593,0.03935893829176009,0.027668370109054284,0.03351365420040719,0.5194047156777098,-0.48059528432229015,0.7510974284999244,20.450705555555555,24.0,1273,2,0.5,SAME_CLOCK_BLEND
23158,E:\2-学术\2-项目\园上园项目\牛尾环项目\温度传感器专项算法\正常数据\0C3D5EA22E3B-23158-H5\2026-08-24\motion\2026-08-24 04_43_39.json,84a3b2352c432cb41a4daeca5ed94e44fc663d31bad90322c84b8cd0f0c36554,1787521768981,1787521419166,1787521440000,VALID,True,LOW,False,False,3475.24,0.03187715702282742,0.023393224574179736,0.028842498460252927,0.9601055555555555,0.8928259259259259,0.875275,0.038510958696316495,0.024172447956811404,0.03134170332656395,1.017084384045255,0.01708438404525503,0.7463928916190268,20.451833333333337,24.0,1273,2,0.5,SAME_CLOCK_BLEND
23158,E:\2-学术\2-项目\园上园项目\牛尾环项目\温度传感器专项算法\正常数据\0C3D5EA22E3B-23158-H5\2026-08-24\motion\2026-08-24 05_50_19.json,fb0b6de42ef62a9b0eee50fd858e63cfe9e44d069333812ea28bcd7712316173,1787525770074,1787525419258,1787525460000,VALID,True,LOW,False,False,3475.06,0.05078012216770593,0.034736882123550666,0.03161810525138019,0.9545277777777778,0.8908592592592592,0.8743796296296297,0.03866799292316758,0.032540542731427466,0.035604267827297524,1.4262369447960728,0.42623694479607277,0.9756381536069156,20.440077777777777,24.0,1272,2,0.5,SAME_CLOCK_BLEND
23158,E:\2-学术\2-项目\园上园项目\牛尾环项目\温度传感器专项算法\正常数据\0C3D5EA22E3B-23158-H5\2026-08-24\motion\2026-08-24 06_57_01.json,5376c61c27c8d2e00a629e2733868d697da3201baac7ec9590de449c7fab9752,1787529804648,1787529421674,1787529480000,VALID,True,LOW,False,False,3475.02,0.04545048522242749,0.04449908987146197,0.03345800239421877,0.9496277777777777,0.888475925925926,0.8735101851851852,0.039541882683676165,0.03907263227536966,0.03930725747952291,1.156287366171626,0.15628736617162597,1.1320833028008566,20.439566666666668,24.0,1272,2,0.5,SAME_CLOCK_BLEND
23158,E:\2-学术\2-项目\园上园项目\牛尾环项目\温度传感器专项算法\正常数据\0C3D5EA22E3B-23158-H5\2026-08-24\motion\2026-08-24 08_04_08.json,eb988c337e97dc41e1640bd7927ee98e7a7fc6f0061588a82ebf9366fc15820e,1787533806808,1787533448983,1787533500000,VALID,True,LOW,False,False,3475.14,0.020614806921025387,0.038592985224914195,0.032265648501367206,0.9516944444444444,0.8866277777777778,0.8727537037037038,0.03963538098558413,0.0484738004689239,0.04493843267558799,0.45873444385219997,-0.5412655561478,0.8587968677839348,20.437116666666665,24.0,1272,3,0.6,SAME_CLOCK_BLEND
23158,E:\2-学术\2-项目\园上园项目\牛尾环项目\温度传感器专项算法\正常数据\0C3D5EA22E3B-23158-H5\2026-08-24\motion\2026-08-24 09_10_56.json,1d0fdf6202742d0fc5ee89efaea4bfff656d2e8e28a8f6ae6bb1d37998cb02b1,1787537798910,1787537456118,1787537460000,VALID,True,LOW,False,False,3475.06,0.0511933125535243,0.0386089854034355,0.038346572043934206,0.9647611111111111,0.8903666666666666,0.8744481481481482,0.03824193963933371,0.040650043320348626,0.039445991479841166,1.2978077272994035,0.2978077272994035,0.9787809598642382,20.44062222222222,24.0,1272,2,0.5,SAME_CLOCK_BLEND
23158,E:\2-学术\2-项目\园上园项目\牛尾环项目\温度传感器专项算法\正常数据\0C3D5EA22E3B-23158-H5\2026-08-24\motion\2026-08-24 10_17_25.json,542139ac9b27f105ff0639ee0160409e3dd7b33432e57d99a74220084b6d1e25,1787541811958,1787541445600,1787541480000,VALID,True,LOW,False,False,3474.84,0.03001367683972763,0.03532515121445189,0.039898937240129176,0.9562277777777778,0.8910259259259259,0.8732509259259259,0.03859851967327516,0.03711781669412586,0.03771009788578558,0.7959055670083786,-0.20409443299162144,0.9367557549556861,20.603394444444444,24.0,1282,3,0.6,SAME_CLOCK_BLEND
23158,E:\2-学术\2-项目\园上园项目\牛尾环项目\温度传感器专项算法\正常数据\0C3D5EA22E3B-23158-H5\2026-08-24\motion\2026-08-24 11_24_19.json,467a96bfacc12604a4ebc6bf273ac6f10996abaa891301838a4d9c2675b5b060,1787545811741,1787545459188,1787545500000,VALID,True,LOW,False,False,3475.04,0.03568658944229544,0.038575139491918375,0.038275257172161715,0.9545,0.890012962962963,0.8723268518518519,0.038445991729633054,0.03901181470148396,0.0387854855127436,0.9201016558261217,-0.07989834417387831,0.9945766820230699,20.587216666666666,24.0,1281,3,0.6,SAME_CLOCK_BLEND
23158,E:\2-学术\2-项目\园上园项目\牛尾环项目\温度传感器专项算法\正常数据\0C3D5EA22E3B-23158-H5\2026-08-24\motion\2026-08-24 12_31_03.json,345c9f815ee478305900c39f8ee1d772834250ed3372d362b45270997a593d37,1787549821019,1787549463239,1787549520000,VALID,True,LOW,False,False,3475.02,0.0438724754359566,0.03697398405313155,0.036849971616842586,0.9500666666666666,0.8872,0.8715101851851852,0.03783092614244699,0.030134733853982524,0.03321321076936831,1.3209344841908224,0.3209344841908224,1.11323124734546,20.586994444444443,24.0,1281,3,0.6,SAME_CLOCK_BLEND
23158,E:\2-学术\2-项目\园上园项目\牛尾环项目\温度传感器专项算法\正常数据\0C3D5EA22E3B-23158-H5\2026-08-24\motion\2026-08-24 13_37_51.json,a8e7886284df19f40b44e1531b5232ed38629881fd151053a57de7f63c3f4b7d,1787553836257,1787553471312,1787553480000,VALID,True,LOW,False,False,3475.1,0.03592031549209532,0.03869789349341656,0.03769782847612129,0.9634388888888888,0.8919833333333334,0.8745333333333334,0.03843806640835857,0.0495251890441085,0.04509033998980853,0.7966299544473195,-0.20337004555268046,0.8582302440425863,20.58693333333333,24.0,1281,3,0.6,SAME_CLOCK_BLEND
23158,E:\2-学术\2-项目\园上园项目\牛尾环项目\温度传感器专项算法\正常数据\0C3D5EA22E3B-23158-H5\2026-08-24\motion\2026-08-24 14_44_47.json,baf57673c8841fdb7d8db67242c147cae3614c68065ab804e5727630d9974aa1,1787557844141,1787557487759,1787557500000,VALID,True,LOW,False,False,3475.18,0.03453811868258746,0.03775645724923963,0.03782691254342302,0.9624777777777778,0.8905185185185185,0.8740351851851852,0.03771938548002911,0.04008155498099111,0.03913668718060631,0.8824998018662751,-0.11750019813372492,0.9647330923796065,20.585405555555553,24.0,1281,3,0.6,SAME_CLOCK_BLEND
23158,E:\2-学术\2-项目\园上园项目\牛尾环项目\温度传感器专项算法\正常数据\0C3D5EA22E3B-23158-H5\2026-08-24\motion\2026-08-24 15_51_34.json,0d6398221c7aae5aef3766bd0229e72978a1c704690996a9391d2d99188412d7,1787561853740,1787561494758,1787561520000,VALID,True,LOW,False,False,3475.02,0.05729415907031379,0.04322588494165698,0.040649970072985146,0.9588222222222222,0.8896018518518518,0.8726268518518518,0.037496876508936405,0.04952603390992099,0.044714370949527155,1.2813365782331254,0.2813365782331254,0.9667112389985235,20.584983333333334,24.0,1281,3,0.6,SAME_CLOCK_BLEND
23158,E:\2-学术\2-项目\园上园项目\牛尾环项目\温度传感器专项算法\正常数据\0C3D5EA22E3B-23158-H5\2026-08-24\motion\2026-08-24 16_58_24.json,003bf22e8f6467d50f68c50f016636ed634023a9534b393393690d7f7842090e,1787565876045,1787565504090,1787565540000,VALID,True,ELEVATED,True,False,3475.02,0.06980057047773865,0.05577486256472577,0.047201057195557165,0.9558555555555556,0.8892648148148148,0.8723324074074074,0.038588603801844285,0.05144259071430593,0.04630099594932127,1.507539288229109,0.507539288229109,1.2046147479370446,20.572783333333334,24.0,1280,3,0.6,SAME_CLOCK_BLEND
23158,E:\2-学术\2-项目\园上园项目\牛尾环项目\温度传感器专项算法\正常数据\0C3D5EA22E3B-23158-H5\2026-08-24\motion\2026-08-24 18_05_25.json,e3f11bcdd35acd98897363f2e6e12cbc043e4978ca46976a36be31873614339a,1787569892006,1787569525315,1787569560000,VALID,True,ELEVATED,False,False,3474.98,0.05574929773553631,0.061554029014701674,0.05007661518740701,0.9561833333333334,0.8880462962962963,0.8715907407407407,0.03821093778393138,0.022656907656337863,0.028878519707375268,1.9304762951993875,0.9304762951993875,2.1314814484407743,20.572805555555558,24.0,1280,3,0.6,SAME_CLOCK_BLEND
23158,E:\2-学术\2-项目\园上园项目\牛尾环项目\温度传感器专项算法\正常数据\0C3D5EA22E3B-23158-H5\2026-08-24\motion\2026-08-24 19_12_20.json,0d947050c06c12146e2715775cfdb48373e1d2bab376997f8d989e2966ec1175,1787573907463,1787573540270,1787573580000,VALID,True,LOW,False,False,3475.0,0.05511981924325196,0.05760516714516147,0.053405079747660615,0.9547944444444444,0.8870537037037037,0.8711296296296296,0.03840862814509513,0.052503568586278054,0.04686559240980488,1.1761255200034597,0.1761255200034597,1.2291569183943514,20.57278333333333,24.0,1280,3,0.6,SAME_CLOCK_BLEND
23158,E:\2-学术\2-项目\园上园项目\牛尾环项目\温度传感器专项算法\正常数据\0C3D5EA22E3B-23158-H5\2026-08-24\motion\2026-08-24 20_19_16.json,6da276d1b53e8577c72e1f97c27ca25b5b40c0b19057ff3064a4034387c09685,1787577909613,1787577556600,1787577600000,VALID,True,LOW,False,False,3475.2,0.029959701760248137,0.04589183864355882,0.05236385246772255,0.9538277777777778,0.8871925925925926,0.8709694444444445,0.03867364885511792,0.02493019525789098,0.030427576696781755,0.9846233257023356,-0.015376674297664428,1.5082317958108271,20.572733333333332,24.0,1280,3,0.6,SAME_CLOCK_BLEND
23158,E:\2-学术\2-项目\园上园项目\牛尾环项目\温度传感器专项算法\正常数据\0C3D5EA22E3B-23158-H5\2026-08-24\motion\2026-08-24 21_25_59.json,0f23317f682e89eaff99cdb065eee93f611993796fd5dc084ba94c2df4eb3cd0,1787581915590,1787581559396,1787581560000,VALID,True,LOW,False,False,3475.14,0.027609927289701932,0.033791231021093604,0.049433710203093534,0.9653166666666667,0.8920907407407408,0.8730518518518519,0.03891225852993674,0.03233887505309976,0.03496822844383455,0.7895718061339192,-0.2104281938660808,0.9663409479084301,20.5727,24.0,1280,3,0.6,SAME_CLOCK_BLEND
23158,E:\2-学术\2-项目\园上园项目\牛尾环项目\温度传感器专项算法\正常数据\0C3D5EA22E3B-23158-H5\2026-08-24\motion\2026-08-24 22_32_39.json,530aed7298500d728ac5581e8410fffe377f9f86956f50c65ee105c47f94f594,1787585911410,1787585559723,1787585580000,VALID,True,LOW,False,False,3474.98,0.03967759473778192,0.03271162321826477,0.042471412325108863,0.9601888888888889,0.8917518518518519,0.8725546296296296,0.038689418367208114,0.02707597823877916,0.031721354290150744,1.2508165437974865,0.2508165437974865,1.0312177380277077,20.572733333333332,24.0,1280,3,0.6,SAME_CLOCK_BLEND
23158,E:\2-学术\2-项目\园上园项目\牛尾环项目\温度传感器专项算法\正常数据\0C3D5EA22E3B-23158-H5\2026-08-24\motion\2026-08-24 23_39_21.json,b8e299e0de45c9830e7b29413abc4d27d033c32f7ec0e7ac119925239bd4049e,1787589905978,1787589561176,1787589600000,VALID,True,LOW,False,False,3475.28,0.023135502037243075,0.03099967354390062,0.03709779446286305,0.9551222222222222,0.8902277777777777,0.8726287037037037,0.03906445185840982,0.03290752747273461,0.03537029722700469,0.6540940803737286,-0.3459059196262714,0.8764323733257418,20.560466666666663,24.0,1279,3,0.6,SAME_CLOCK_BLEND
23158,E:\2-学术\2-项目\园上园项目\牛尾环项目\温度传感器专项算法\正常数据\0C3D5EA22E3B-23158-H5\2026-08-25\motion\2026-08-25 00_45_56.json,4c6b432590ba5f8b6bb9b9d52043ff05b2487d3b063bbeb5614477ca3fdb923d,1787593898087,1787593556155,1787593560000,VALID,True,LOW,False,False,3475.12,0.035143221941853084,0.030158831597677276,0.03148992259675321,0.9647888888888889,0.8939037037037038,0.8750777777777777,0.03851562678583173,0.022630079697580702,0.028984298532881113,1.2124917186450108,0.21249171864501082,1.0405230805728736,20.56182777777778,24.0,1279,3,0.6,SAME_CLOCK_BLEND
23158,E:\2-学术\2-项目\园上园项目\牛尾环项目\温度传感器专项算法\正常数据\0C3D5EA22E3B-23158-H5\2026-08-25\motion\2026-08-25 01_52_29.json,5a67a4783dd95c5fc9eb2ba95a6dc0048712d00c2b85ee5cd1bd18d4b020b873,1787597904253,1787597549809,1787597580000,VALID,True,LOW,False,False,3475.08,0.03677999355510048,0.03258059155204372,0.032509142065761165,0.9574611111111111,0.8921944444444444,0.8749111111111111,0.038607391840841755,0.03105521143741913,0.03407608359878818,1.0793491995191742,0.07934919951917419,0.9561131477328093,20.56136111111111,24.0,1279,3,0.6,SAME_CLOCK_BLEND
23158,E:\2-学术\2-项目\园上园项目\牛尾环项目\温度传感器专项算法\正常数据\0C3D5EA22E3B-23158-H5\2026-08-25\motion\2026-08-25 02_59_14.json,ff1cda8707022a80c4f010b2daa7bef2975170e8a408192feca72bee9ae3ba3b,1787601904321,1787601554333,1787601600000,VALID,True,LOW,False,False,3475.22,0.04102529972462187,0.038324887838149586,0.03543038495720169,0.9532055555555555,0.8900685185185185,0.8741472222222222,0.0389105571611259,0.036029978688442515,0.03718221007751587,1.1033582898674956,0.10335828986749562,1.0307318407983688,20.561233333333334,24.0,1279,3,0.6,SAME_CLOCK_BLEND
23158,E:\2-学术\2-项目\园上园项目\牛尾环项目\温度传感器专项算法\正常数据\0C3D5EA22E3B-23158-H5\2026-08-25\motion\2026-08-25 04_05_54.json,59c14e7f385381b2c4f5deb55d28174db9d82cb5c91b575a405049d80607fbb9,1787605901252,1787605554392,1787605560000,VALID,True,LOW,False,False,3475.26,0.023595539603590007,0.03435962597334737,0.031881585515870135,0.9643388888888889,0.8930055555555556,0.8759925925925925,0.03993634392513025,0.020182955812513968,0.028084311057560478,0.8401680053760099,-0.15983199462399011,1.2234455708358045,20.56305,24.0,1279,3,0.6,SAME_CLOCK_BLEND
23158,E:\2-学术\2-项目\园上园项目\牛尾环项目\温度传感器专项算法\正常数据\0C3D5EA22E3B-23158-H5\2026-08-25\motion\2026-08-25 05_12_31.json,90959f20cadf5d3d3d5861035901e0573db63c44a59b2f1de1ad24e4b6f3b3a2,1787609897453,1787609551540,1787609580000,VALID,True,LOW,False,False,3475.2,0.017111145646097125,0.026256114648199484,0.030213387402618783,0.9579777777777778,0.8915759259259259,0.8751407407407408,0.04008096237984754,0.034232032817468935,0.036571604642420374,0.46788063617666514,-0.5321193638233348,0.7179371784453865,20.56206111111111,24.0,1279,3,0.6,SAME_CLOCK_BLEND
23158,E:\2-学术\2-项目\园上园项目\牛尾环项目\温度传感器专项算法\正常数据\0C3D5EA22E3B-23158-H5\2026-08-25\motion\2026-08-25 06_19_08.json,9b85850bec7d5b759990dcf87ca3fdb3b50795cf88e34495ebfefad7984434ae,1787613896609,1787613548034,1787613600000,VALID,True,LOW,False,False,3475.08,0.02801450385185515,0.021839934123597297,0.030446944744726607,0.9514166666666667,0.889912962962963,0.8740722222222223,0.038886266448648364,0.032214690541292126,0.03488332090423462,0.8030916531359937,-0.19690834686400627,0.6260852911210659,20.575955555555556,24.0,1280,3,0.6,SAME_CLOCK_BLEND
23158,E:\2-学术\2-项目\园上园项目\牛尾环项目\温度传感器专项算法\正常数据\0C3D5EA22E3B-23158-H5\2026-08-25\motion\2026-08-25 07_25_45.json,c70a0ece15fa84198547cff48641ee2094af60b8cbdebca9f22ab58aededcb46,1787617905264,1787617545058,1787617560000,VALID,True,ELEVATED,True,False,3475.08,0.07783797229714351,0.04280860640226176,0.03824192343857855,0.9617,0.8931481481481481,0.8755296296296297,0.03782325580881049,0.04066124026566642,0.03952604648292405,1.9692830227979135,0.9692830227979135,1.0830480205187187,20.57641111111111,24.0,1280,3,0.6,SAME_CLOCK_BLEND
23158,E:\2-学术\2-项目\园上园项目\牛尾环项目\温度传感器专项算法\正常数据\0C3D5EA22E3B-23158-H5\2026-08-25\motion\2026-08-25 08_32_33.json,7097b8617813150d3d4872005a2b6e8efc4ba0dd0580850927b8d4588d3918c3,1787621907117,1787621553370,1787621580000,VALID,True,LOW,False,False,3474.96,0.048553787403881075,0.05441232680628004,0.039735026654437455,0.9584166666666667,0.8909407407407407,0.8748046296296297,0.03987573039462999,0.04265111108239129,0.04154095880728677,1.1688172059082125,0.16881720590821248,1.30984763877755,20.575305555555556,24.0,1280,3,0.6,SAME_CLOCK_BLEND
23158,E:\2-学术\2-项目\园上园项目\牛尾环项目\温度传感器专项算法\正常数据\0C3D5EA22E3B-23158-H5\2026-08-25\motion\2026-08-25 09_39_16.json,717c0f0094cb52a314cd9a795da0c94c97773fd2be1c4e7b9f916027c0010f08,1787625939377,1787625556299,1787625600000,VALID,True,STRONG,True,True,3475.12,0.10299949576458439,0.07997077640925838,0.05193132933197016,0.9537222222222222,0.8890148148148148,0.8739722222222223,0.040684235282663433,0.02790234147945079,0.03301509900073585,3.119769404971002,2.119769404971002,2.4222485720087037,20.55917777777778,24.0,1279,3,0.6,SAME_CLOCK_BLEND
23158,E:\2-学术\2-项目\园上园项目\牛尾环项目\温度传感器专项算法\正常数据\0C3D5EA22E3B-23158-H5\2026-08-25\motion\2026-08-25 10_46_25.json,b99e263d8495a5f36749e462e3c248cac1908bbc74e897673105cef1de6ef3dc,1787629955678,1787629585349,1787629620000,VALID,True,LOW,False,False,3475.02,0.061962834487240916,0.06939630051665331,0.06028816058332612,0.9562055555555555,0.8879259259259259,0.8729037037037037,0.04340071152510997,0.04557657320146607,0.044706228530923625,1.3860000389963731,0.38600003899637314,1.552273649490504,20.54365,24.0,1278,3,0.6,SAME_CLOCK_BLEND
23158,E:\2-学术\2-项目\园上园项目\牛尾环项目\温度传感器专项算法\正常数据\0C3D5EA22E3B-23158-H5\2026-08-25\motion\2026-08-25 11_53_24.json,61f32311549a6439ba7497a75fa247bc75d4e8f087a3877d93ae02bd2d34334c,1787633963309,1787633604224,1787633640000,VALID,True,LOW,False,False,3474.96,0.05046606099621475,0.07388418552544547,0.06605504770517942,0.9558777777777778,0.8863462962962962,0.8718074074074074,0.04471562501367888,0.03401777755869233,0.038296916540686954,1.3177578132850252,0.31775781328502517,1.9292463257962378,20.54366111111111,24.0,1278,3,0.6,SAME_CLOCK_BLEND
23158,E:\2-学术\2-项目\园上园项目\牛尾环项目\温度传感器专项算法\正常数据\0C3D5EA22E3B-23158-H5\2026-08-25\motion\2026-08-25 13_00_12.json,2f0e6745ec70cba272d99e8f4fb74c41eed5299d11f710cafc4090e6dc2be210,1787637983336,1787637612821,1787637660000,VALID,True,STRONG,True,True,3475.08,0.10372574809623784,0.07272035396299655,0.07689170261362847,0.9527444444444444,0.8871833333333333,0.8708425925925926,0.04529586494866227,0.04114458230636543,0.04280509536328417,2.4232103027904484,1.4232103027904484,1.6988714391551625,20.540972222222223,24.0,1278,3,0.6,SAME_CLOCK_BLEND
23158,E:\2-学术\2-项目\园上园项目\牛尾环项目\温度传感器专项算法\正常数据\0C3D5EA22E3B-23158-H5\2026-08-25\motion\2026-08-25 14_07_12.json,b8ba66a09140a9474969ecac25619ffe8b03ae55ce86a7f6dda0e1bff2011072,1787642013069,1787641632598,1787641680000,VALID,True,STRONG,False,False,3475.02,0.1328194719270639,0.09866335486104358,0.0856095386532003,0.9526666666666667,0.8870814814814815,0.8703037037037037,0.04826995589975315,0.03392473539719915,0.03966282359822075,3.3487144856984434,2.3487144856984434,2.4875524713139576,20.537494444444444,24.0,1278,3,0.6,SAME_CLOCK_BLEND
23158,E:\2-学术\2-项目\园上园项目\牛尾环项目\温度传感器专项算法\正常数据\0C3D5EA22E3B-23158-H5\2026-08-25\motion\2026-08-25 15_14_22.json,7e747e8ffcecf0298bf5a1afae22502d648472959efdef9c82badffc1283da07,1787646035684,1787645662274,1787645700000,VALID,True,ELEVATED,False,False,3475.04,0.0704716620546076,0.10758900643418053,0.0897552091297304,0.9553555555555555,0.8860333333333333,0.869512037037037,0.05277937309160548,0.04191062018651756,0.04625812134855273,1.5234441001960932,0.5234441001960932,2.325840377811769,20.523216666666663,24.0,1277,3,0.6,SAME_CLOCK_BLEND
23158,E:\2-学术\2-项目\园上园项目\牛尾环项目\温度传感器专项算法\正常数据\0C3D5EA22E3B-23158-H5\2026-08-25\motion\2026-08-25 16_21_25.json,958c039222d0143417a9a5a70ab6122ea845a6f4bb5300902b22a0598deabd57,1787650058438,1787649685330,1787649720000,VALID,True,LOW,False,False,3475.02,0.07067292448007904,0.08824983621559458,0.08388603599157053,0.9562,0.8860074074074074,0.8699287037037037,0.054089494381191795,0.05613683540316418,0.055317898994375225,1.2775778864498295,0.2775778864498295,1.5953215472729343,20.509944444444443,24.0,1276,3,0.6,SAME_CLOCK_BLEND
23158,E:\2-学术\2-项目\园上园项目\牛尾环项目\温度传感器专项算法\正常数据\0C3D5EA22E3B-23158-H5\2026-08-25\motion\2026-08-25 18_23_18.json,2c7f092fad067a809bf41197de6fd8505c69d026427d35d056490288bc371c4b,1787657478740,1787656998875,1787657040000,VALID,True,LOW,False,False,3598.0,0.08468300413945919,,0.09627524637077055,0.9885777777777778,0.6411555555555556,0.7463416666666667,0.05384868609618133,0.061191628750007304,0.05825445168847691,1.4536743834155768,0.45367438341557675,,19.75386111111111,24.0,1229,3,0.6,SAME_CLOCK_BLEND
23158,E:\2-学术\2-项目\园上园项目\牛尾环项目\温度传感器专项算法\正常数据\0C3D5EA22E3B-23158-H5\2026-08-25\motion\2026-08-25 19_32_02.json,ae632952ea3b7c85282b03274fcd90db96f948e41eb562dc7e0c245048adbf4d,1787661593156,1787661122647,1787661180000,VALID,True,LOW,False,False,3598.02,0.03511027523551048,0.059846759955816405,0.07484395079385212,0.9840666666666666,0.6662981481481481,0.7466574074074074,0.05491626257097474,0.035285194863243566,0.04313762194633604,0.8139130914353203,-0.1860869085646797,1.3873449034874206,19.7712,24.0,1228,3,0.6,SAME_CLOCK_BLEND
23158,E:\2-学术\2-项目\园上园项目\牛尾环项目\温度传感器专项算法\正常数据\0C3D5EA22E3B-23158-H5\2026-08-25\motion\2026-08-25 20_40_31.json,145906d77959d078c0bfc28dd011ca9324d7dcf75b1c102d386df0294486f1a7,1787665707047,1787665232007,1787665260000,VALID,True,ELEVATED,True,False,3598.02,0.0717317662725058,0.0649755170503748,0.06492324789254385,0.9922222222222222,0.9013814814814815,0.7501185185185185,0.05485163715623245,0.02708277661008027,0.038190320828541145,1.8782708475938699,0.8782708475938699,1.7013608590011113,19.789277777777777,24.0,1227,3,0.6,SAME_CLOCK_BLEND
23158,E:\2-学术\2-项目\园上园项目\牛尾环项目\温度传感器专项算法\正常数据\0C3D5EA22E3B-23158-H5\2026-08-25\motion\2026-08-25 21_49_09.json,afe4ff378b1756a8cd1722243d29b24e182badaed06ebbf7a7f17a332e71e707,1787669812847,1787669349243,1787669400000,VALID,True,LOW,False,False,3598.02,0.04453367542184944,0.049852461424391495,0.06005263575414041,0.9859,0.8998777777777778,0.7505916666666667,0.05715216458703931,0.04097237140777618,0.04744428867948143,0.9386519781696977,-0.0613480218303023,1.0507579059974725,19.788677777777774,24.0,1225,3,0.6,SAME_CLOCK_BLEND
23158,E:\2-学术\2-项目\园上园项目\牛尾环项目\温度传感器专项算法\正常数据\0C3D5EA22E3B-23158-H5\2026-08-25\motion\2026-08-25 22_57_41.json,187fe06fa96291b65b9652088429befc0f4f36642b3a68bdd7f59d0869be4cf5,1787673919662,1787673461183,1787673480000,VALID,True,LOW,False,False,3598.04,0.02514929225521526,0.04845024261138813,0.052195061260140514,0.9947722222222222,0.9025981481481481,0.832875,0.057307505012898344,0.025707969135532208,0.03834778348647866,0.6558212748875784,-0.34417872511242165,1.2634431043054046,19.790644444444446,24.0,1223,3,0.6,SAME_CLOCK_BLEND
23158,E:\2-学术\2-项目\园上园项目\牛尾环项目\温度传感器专项算法\正常数据\0C3D5EA22E3B-23158-H5\2026-08-26\motion\2026-08-26 00_06_09.json,3c92e123c7983969f1e3c5cdd443b254f3c92b92ce570c59b00a446b65fa9973,1787678035113,1787677569645,1787677620000,VALID,True,LOW,False,False,3598.02,0.05540205687688657,0.04125158224790894,0.048762741796804995,0.9860111111111111,0.9004907407407408,0.8781944444444445,0.05721310101828285,0.027203768923771316,0.03920750176157593,1.413047360522766,0.413047360522766,1.0521349332268919,19.80605555555556,24.0,1222,3,0.6,SAME_CLOCK_BLEND
23158,E:\2-学术\2-项目\园上园项目\牛尾环项目\温度传感器专项算法\正常数据\0C3D5EA22E3B-23158-H5\2026-08-26\motion\2026-08-26 01_14_45.json,3ee6505134a828729f48cd4a626ea1b5e0fe0b6e68a19739b64dfaddc447ba71,1787682134828,1787681685933,1787681700000,VALID,True,LOW,False,False,3598.02,0.023144095410425215,0.035328489667842154,0.04294749991472499,0.9960888888888889,0.9034462962962962,0.8802203703703704,0.05867337590683763,0.03531792066854474,0.0446601027638619,0.5182275449028517,-0.4817724550971483,0.7910525834353721,19.808000000000003,24.0,1220,3,0.6,SAME_CLOCK_BLEND
23158,E:\2-学术\2-项目\园上园项目\牛尾环项目\温度传感器专项算法\正常数据\0C3D5EA22E3B-23158-H5\2026-08-26\motion\2026-08-26 02_23_05.json,43624011022cf7ef69055a289439e9700855d3a6aecbfa02015dc7322a4ce2fc,1787686235010,1787685785211,1787685840000,VALID,True,LOW,False,False,3598.02,0.03342010968940992,0.031380166554945736,0.03908134186933805,0.9847833333333333,0.900525925925926,0.8788018518518519,0.05807984816050823,0.03271864423172324,0.042863125803237236,0.7796937125590097,-0.22030628744099034,0.732101683367566,19.821777777777775,24.0,1219,3,0.6,SAME_CLOCK_BLEND
23158,E:\2-学术\2-项目\园上园项目\牛尾环项目\温度传感器专项算法\正常数据\0C3D5EA22E3B-23158-H5\2026-08-26\motion\2026-08-26 03_31_25.json,3b6ac5df6260078b7d27333d3e1a285911a219a408db6a84b45624c9ef9c3b7e,1787690342745,1787689885616,1787689920000,VALID,True,LOW,False,False,3598.02,0.03109168889261973,0.02941456129803532,0.034954559006898804,0.99045,0.9038851851851852,0.8805259259259259,0.05770648936865969,0.03805115066727242,0.04591328614782733,0.6771828266117481,-0.3228171733882519,0.6406546724477322,19.827688888888886,24.0,1217,3,0.6,SAME_CLOCK_BLEND
23158,E:\2-学术\2-项目\园上园项目\牛尾环项目\温度传感器专项算法\正常数据\0C3D5EA22E3B-23158-H5\2026-08-26\motion\2026-08-26 04_39_52.json,ad2e9645a8cd9ba8f8077510c115e4168bcd097751bc3b3eab6684b12c4dab44,1787694438134,1787693992749,1787694000000,VALID,True,LOW,False,False,3598.02,0.0279926619401608,0.031966801384664394,0.033819030491009455,0.9979888888888889,0.9056722222222222,0.8820037037037037,0.05745265437045079,0.027003655369146416,0.039183254969668166,0.7144036900923615,-0.2855963099076385,0.815828123758732,19.829616666666666,24.0,1215,3,0.6,SAME_CLOCK_BLEND
23158,E:\2-学术\2-项目\园上园项目\牛尾环项目\温度传感器专项算法\正常数据\0C3D5EA22E3B-23158-H5\2026-08-26\motion\2026-08-26 05_48_08.json,391f1a3b4b6e6296d4ba87bd498814974f2bae29edca444c247e799799adf7c9,1787698552459,1787698088180,1787698140000,VALID,True,LOW,False,False,3598.02,0.048047009085898366,0.0361220839135789,0.032066855060010224,0.9856055555555555,0.9020055555555555,0.8805435185185185,0.05801159935740594,0.032517260100896395,0.042714995803500216,1.1248276672418922,0.1248276672418922,0.8456534580911496,19.844938888888887,24.0,1214,3,0.6,SAME_CLOCK_BLEND
23158,E:\2-学术\2-项目\园上园项目\牛尾环项目\温度传感器专项算法\正常数据\0C3D5EA22E3B-23158-H5\2026-08-26\motion\2026-08-26 06_56_41.json,b3f682d9dcf8d03de7a0d919bf3feb1fd4b4500486685ea375d0197fcab0b533,1787702659553,1787702201277,1787702220000,VALID,True,LOW,False,False,3598.02,0.03783731214789126,0.0393047679937848,0.034883232159019326,0.9948,0.9045185185185185,0.8822231481481482,0.05936901930574547,0.04569676623597976,0.05116566746388605,0.7395058839914037,-0.2604941160085963,0.7681863628873218,19.84908888888889,24.0,1212,3,0.6,SAME_CLOCK_BLEND
23158,E:\2-学术\2-项目\园上园项目\牛尾环项目\温度传感器专项算法\正常数据\0C3D5EA22E3B-23158-H5\2026-08-26\motion\2026-08-26 08_04_57.json,3d8a1b8614d2e95fc9a594a13b698a07e4691455d820b95b3aec789275c13510,1787706775817,1787706297664,1787706300000,VALID,True,LOW,False,False,3598.02,0.04468163369621369,0.04347497276583751,0.03928627183091249,0.99935,0.9059462962962963,0.8831166666666667,0.058969802694415936,0.0484738004689239,0.05267220135912071,0.8482963032354186,-0.1517036967645814,0.8253874272203623,19.8511,24.0,1210,3,0.6,SAME_CLOCK_BLEND
23158,E:\2-学术\2-项目\园上园项目\牛尾环项目\温度传感器专项算法\正常数据\0C3D5EA22E3B-23158-H5\2026-08-26\motion\2026-08-26 09_13_36.json,a989f903cf4a09ae52fb01a72fa47f47def144a66639f7c7e1380efe6db75293,1787710882112,1787710416102,1787710440000,VALID,True,LOW,False,False,3598.02,0.039305183072745116,0.042121465212519145,0.03891461538062657,0.9933611111111111,0.9034555555555556,0.8812833333333333,0.05706590503236204,0.048212261351623355,0.051753718823918826,0.7594658696213263,-0.24053413037867366,0.8138828700567122,19.85658888888889,24.0,1208,3,0.6,SAME_CLOCK_BLEND
23158,E:\2-学术\2-项目\园上园项目\牛尾环项目\温度传感器专项算法\正常数据\0C3D5EA22E3B-23158-H5\2026-08-26\motion\2026-08-26 10_22_07.json,d3455b69d1806d59e827f6ed7af2a7dd16ce73af5b40969b5d2209cd6898e132,1787715002070,1787714527597,1787714580000,VALID,True,LOW,False,False,3598.02,0.03135572092277195,0.034298077229629624,0.03970864775683934,0.9854444444444445,0.8994166666666666,0.879762037037037,0.05582781407971467,0.034414678907218825,0.04297993297621716,0.7295432717431776,-0.27045672825682243,0.798002110627031,19.87257222222222,24.0,1207,3,0.6,SAME_CLOCK_BLEND
23158,E:\2-学术\2-项目\园上园项目\牛尾环项目\温度传感器专项算法\正常数据\0C3D5EA22E3B-23158-H5\2026-08-26\motion\2026-08-26 11_30_52.json,a3b72b250161a9455c19dd77a00fc04aa3b95992247eb59dedabfcd94d0194a2,1787719128376,1787718652968,1787718660000,VALID,True,LOW,False,False,3598.04,0.056395937160984184,0.041595376243758746,0.04214394467780162,0.9980444444444444,0.9029777777777778,0.8804768518518519,0.05287701396891739,0.04922173562016689,0.05068384695966709,1.1127004074071691,0.11270040740716913,0.8206830921271481,19.890649999999997,24.0,1206,3,0.6,SAME_CLOCK_BLEND
23158,E:\2-学术\2-项目\园上园项目\牛尾环项目\温度传感器专项算法\正常数据\0C3D5EA22E3B-23158-H5\2026-08-26\motion\2026-08-26 12_39_35.json,a89b85185e075d8cc3b8064b9912f4148cda2086791073e2f60d843ac4fc4666,1787723278394,1787722775698,1787722800000,VALID,True,LOW,False,False,3598.04,0.04461175415779826,0.04597393154611781,0.04346393770108285,0.99325,0.9003407407407408,0.8792324074074074,0.05305690877016029,0.0438473695162534,0.04753118521781616,0.938578618508263,-0.06142138149173704,0.9672372219509764,19.907366666666668,24.0,1205,3,0.6,SAME_CLOCK_BLEND
23158,E:\2-学术\2-项目\园上园项目\牛尾环项目\温度传感器专项算法\正常数据\0C3D5EA22E3B-23158-H5\2026-08-26\motion\2026-08-26 13_48_48.json,273492fca1a42a2c9901d3a2ae97152440a2f74661640357bcb31e227d970918,1787727399607,1787726928453,1787726940000,VALID,True,LOW,False,False,3598.04,0.05657919892542791,0.05217220276063486,0.04466001410696009,0.9967944444444444,0.8989851851851852,0.8772138888888888,0.05143608826713282,0.05544657329557022,0.05384237928419526,1.0508302136275767,0.05083021362757667,0.9689802615381327,19.89681666666667,24.0,1202,3,0.6,SAME_CLOCK_BLEND
23158,E:\2-学术\2-项目\园上园项目\牛尾环项目\温度传感器专项算法\正常数据\0C3D5EA22E3B-23158-H5\2026-08-26\motion\2026-08-26 14_57_29.json,d2b17b29cbca50338d8c2acb3c8999e71a665d3884af8931073526a3f0de0ddf,1787731527218,1787731049229,1787731080000,VALID,True,ELEVATED,True,False,3598.02,0.07664917567589734,0.06065671609609074,0.05143747874427957,0.99145,0.8973851851851852,0.8762157407407407,0.04691803242271693,0.03979676285231113,0.042645270680473454,1.7973663773927855,0.7973663773927855,1.422355049650662,19.899611111111113,24.0,1200,3,0.6,SAME_CLOCK_BLEND
23158,E:\2-学术\2-项目\园上园项目\牛尾环项目\温度传感器专项算法\正常数据\0C3D5EA22E3B-23158-H5\2026-08-26\motion\2026-08-26 16_06_15.json,67043e42384afc947f5de169a7aa9f8792551019fb7f41728016b22b11aca878,1787735646213,1787735175591,1787735220000,VALID,True,LOW,False,False,3598.02,0.0738180750723406,0.07151503089917716,0.06061880676074083,0.9876666666666667,0.8985648148148148,0.8748962962962963,0.04687995443947989,0.06168423822202231,0.05576252470900535,1.323793631252485,0.32379363125248495,1.2824927004717894,19.913388888888893,24.0,1199,3,0.6,SAME_CLOCK_BLEND
23158,E:\2-学术\2-项目\园上园项目\牛尾环项目\温度传感器专项算法\正常数据\0C3D5EA22E3B-23158-H5\2026-08-26\motion\2026-08-26 17_14_55.json,c9e21a075588a3800fc221f509d48eab108c900470e8f130e46b093ba40f4eea,1787739762606,1787739295418,1787739300000,VALID,True,LOW,False,False,3598.02,0.03738491921208612,0.06052117556439572,0.057830427745090784,0.9987222222222222,0.9023388888888889,0.8769953703703703,0.04712417701714643,0.062158643878827635,0.05464141044798704,0.6841865703242176,-0.3158134296757824,1.1076063935429634,19.93145555555556,24.0,1198,2,0.5,SAME_CLOCK_BLEND
23158,E:\2-学术\2-项目\园上园项目\牛尾环项目\温度传感器专项算法\正常数据\0C3D5EA22E3B-23158-H5\2026-08-26\motion\2026-08-26 18_23_30.json,6f921b5a6b1c607e8a8feed6622a115b49827f268f94b45a2f1c26ad42642399,1787743870933,1787743410274,1787743440000,VALID,True,LOW,False,False,3598.02,0.043069064414793176,0.04758884113466265,0.05710465193643512,0.9917444444444444,0.9010777777777778,0.8761953703703703,0.04661262480400884,0.06154034028222266,0.05556925409093713,0.7750520520630377,-0.22494794793696227,0.8563879777256895,20.83366111111111,24.0,1252,3,0.6,SAME_CLOCK_BLEND
23158,E:\2-学术\2-项目\园上园项目\牛尾环项目\温度传感器专项算法\正常数据\0C3D5EA22E3B-23158-H5\2026-08-26\motion\2026-08-26 19_32_01.json,9c71924476a5ff16860d6e8ac022185f7b812291af6708df95c9dc6af888bf7d,1787747987517,1787747521768,1787747580000,VALID,True,LOW,False,False,3598.02,0.04207297905464355,0.041945304630250736,0.05497581803119442,0.9838222222222223,0.8992074074074075,0.8767851851851852,0.04462545609149127,0.03511027523551048,0.0389163475779028,1.0811132511966033,0.08111325119660329,1.0778325110362572,20.833905555555553,24.0,1252,3,0.6,SAME_CLOCK_BLEND
23158,E:\2-学术\2-项目\园上园项目\牛尾环项目\温度传感器专项算法\正常数据\0C3D5EA22E3B-23158-H5\2026-08-26\motion\2026-08-26 20_40_37.json,f645fbd60501c5d6edbac036cbfbf6aac36b07ca592f1ed6638d1f859434dd2e,1787752096880,1787751637147,1787751660000,VALID,True,LOW,False,False,3598.02,0.04883819406900355,0.04544126109162198,0.05052980778421629,0.99365,0.902437037037037,0.8786722222222222,0.04495452687787284,0.027682284340307728,0.034591181355333775,1.4118683478115142,0.41186834781151416,1.313666064909205,20.833905555555553,24.0,1252,3,0.6,SAME_CLOCK_BLEND
23263,E:\2-学术\2-项目\园上园项目\牛尾环项目\温度传感器专项算法\正常数据\546C50CA07D8-23263-C2\2026-08-16\motion\2026-08-16 09_03_54.json,5322550fde866da2ba1f7ed8d2fef87b23d6d01c4f027314d8e2f669434462cb,1786846201459,1786845834483,1786845840000,INSUFFICIENT_HISTORY,False,UNAVAILABLE,False,False,3467.72,0.0935874201788602,,,0.9622777777777778,0.3210851851851852,0.1605425925925926,,,,,,,0.0,0.016666666666666666,0,0,0.0,INSUFFICIENT_HISTORY
23263,E:\2-学术\2-项目\园上园项目\牛尾环项目\温度传感器专项算法\正常数据\546C50CA07D8-23263-C2\2026-08-16\motion\2026-08-16 10_10_45.json,20c8d2b075e319bbec92971651a3620fad322bae22c5cdef9d078e17b694ffde,1786850218320,1786849845049,1786849860000,INSUFFICIENT_HISTORY,False,UNAVAILABLE,False,False,3467.82,0.04693299972919039,,,0.9597166666666667,0.6421796296296296,0.3210898148148148,,,,,,,0.962277777777778,1.1333333333333333,60,0,0.0,INSUFFICIENT_HISTORY
23263,E:\2-学术\2-项目\园上园项目\牛尾环项目\温度传感器专项算法\正常数据\546C50CA07D8-23263-C2\2026-08-16\motion\2026-08-16 11_17_42.json,28a5e084e80b68c02af25656533d1fd0ee69ef3057176041a347630fce8380a9,1786854214926,1786853862582,1786853880000,PROVISIONAL,True,LOW,False,False,3467.6,0.0401172379631981,0.05853237356888122,,0.9589666666666666,0.888012962962963,0.48162685185185183,0.07029129411114696,,0.07029129411114696,0.5707284020089796,-0.42927159799102044,0.83271156562188,1.9219944444444441,2.25,120,0,0.0,PROVISIONAL_SAME_DAY
23263,E:\2-学术\2-项目\园上园项目\牛尾环项目\温度传感器专项算法\正常数据\546C50CA07D8-23263-C2\2026-08-16\motion\2026-08-16 12_24_20.json,4dc8a1df67fff0cd41acf186e91a419d88685d08580fda58cd9eec0a510c6ee2,1786858224242,1786857860021,1786857900000,PROVISIONAL,True,LOW,False,False,3467.6,0.045539624633378635,0.04049183008807102,,0.9527,0.8871314814814815,0.6421638888888889,0.06024745355654414,,0.06024745355654414,0.7558763390827508,-0.24412366091724924,0.6720919756395706,2.880961111111111,3.3666666666666667,180,0,0.0,PROVISIONAL_SAME_DAY
23263,E:\2-学术\2-项目\园上园项目\牛尾环项目\温度传感器专项算法\正常数据\546C50CA07D8-23263-C2\2026-08-16\motion\2026-08-16 15_40_01.json,031b34aa17c17903836b941ab119000de4351b3af585ad598fc6e20f47b33f3e,1786869952198,1786869601460,1786869660000,PROVISIONAL,True,LOW,False,False,3467.62,0.042231999482166105,,,0.94755,0.32107592592592593,0.5612944444444444,0.05635438215904269,,0.05635438215904269,0.7494004523548753,-0.2505995476451247,,3.843777777777777,6.633333333333334,240,0,0.0,PROVISIONAL_SAME_DAY
23263,E:\2-学术\2-项目\园上园项目\牛尾环项目\温度传感器专项算法\正常数据\546C50CA07D8-23263-C2\2026-08-16\motion\2026-08-16 16_46_36.json,e9f28fcf5379e72528e416235c47c44ff7279573ce595709b2448d5261e78f7c,1786873963183,1786873596890,1786873620000,PROVISIONAL,True,ELEVATED,True,False,3467.68,0.0845043037178175,,,0.9574111111111111,0.6421574074074075,0.5638518518518518,0.0535644927972385,,0.0535644927972385,1.577617920096764,0.5776179200967639,,4.790922222222222,7.733333333333333,299,0,0.0,PROVISIONAL_SAME_DAY
23263,E:\2-学术\2-项目\园上园项目\牛尾环项目\温度传感器专项算法\正常数据\546C50CA07D8-23263-C2\2026-08-16\motion\2026-08-16 17_53_26.json,00e7dd570b6def4c02c8cdc63bba22dd46a96e6a449ce96c0a7785c9e281ee47,1786877987345,1786877606440,1786877640000,PROVISIONAL,True,LOW,False,False,3467.76,0.06207430393037153,0.06442930071701455,,0.9545333333333333,0.8884555555555556,0.5628175925925926,0.05865810904797362,,0.05865810904797362,1.0582390898350298,0.05823908983502979,1.0983869368226813,5.738088888888889,8.85,358,0,0.0,PROVISIONAL_SAME_DAY
23263,E:\2-学术\2-项目\园上园项目\牛尾环项目\温度传感器专项算法\正常数据\546C50CA07D8-23263-C2\2026-08-16\motion\2026-08-16 19_00_29.json,c548f08107c0b16271512fd0152e5b3504ef15f5995b29a3b4e2358492695a6d,1786882047010,1786881629848,1786881660000,PROVISIONAL,True,LOW,False,False,3467.72,0.07822663448428316,0.07385204835456506,,0.9554666666666667,0.8863944444444445,0.6421657407407407,0.05914242660439935,,0.05914242660439935,1.3226821923885048,0.3226821923885048,1.2487152217909085,6.6852777777777765,9.966666666666667,417,0,0.0,PROVISIONAL_SAME_DAY
23263,E:\2-学术\2-项目\园上园项目\牛尾环项目\温度传感器专项算法\正常数据\546C50CA07D8-23263-C2\2026-08-16\motion\2026-08-16 21_14_08.json,04b28c1ebdfc90065de96c47c55e5f4df200550836389ab9986772ca7445f796,1786890046999,1786889648080,1786889700000,PROVISIONAL,True,LOW,False,False,3467.6,0.07821015063562248,,0.07236026266105232,0.9493833333333334,0.5646481481481481,0.7091194444444444,0.06152645321009333,,0.06152645321009333,1.2711629966473057,0.2711629966473057,,7.646294444444442,12.2,477,0,0.0,PROVISIONAL_SAME_DAY
23263,E:\2-学术\2-项目\园上园项目\牛尾环项目\温度传感器专项算法\正常数据\546C50CA07D8-23263-C2\2026-08-16\motion\2026-08-16 22_21_29.json,cbb4bc29dd27fa78d323cafed34d380c22eb19b1db71e813d0f76d669c7e79f1,1786894051102,1786893689472,1786893720000,PROVISIONAL,True,LOW,False,False,3467.66,0.08931545821438681,,0.07506159998338147,0.9553444444444444,0.6421537037037037,0.7080851851851852,0.06337974508877216,,0.06337974508877216,1.409211382742043,0.40921138274204294,,8.593433333333333,13.316666666666666,536,0,0.0,PROVISIONAL_SAME_DAY
23263,E:\2-学术\2-项目\园上园项目\牛尾环项目\温度传感器专项算法\正常数据\546C50CA07D8-23263-C2\2026-08-16\motion\2026-08-16 23_28_14.json,18634ba7ba7666536abf3319d77425f3e1194caec77e61b7df31df37e731375b,1786898051005,1786897694061,1786897740000,PROVISIONAL,True,LOW,False,False,3467.58,0.06210361096504046,0.07515014296717729,0.07597104661783508,0.9510388888888889,0.8836962962962963,0.7075972222222222,0.06587063643543108,,0.06587063643543108,0.9428117644789542,-0.057188235521045794,1.1408747058462436,9.552772222222224,14.433333333333334,596,0,0.0,PROVISIONAL_SAME_DAY
23263,E:\2-学术\2-项目\园上园项目\牛尾环项目\温度传感器专项算法\正常数据\546C50CA07D8-23263-C2\2026-08-17\motion\2026-08-17 00_34_54.json,485c3840c3243f140ab437418a650e2f06223cb74b0db08ef064b4754dd73637,1786902043932,1786901694986,1786901700000,PROVISIONAL,True,LOW,False,False,3467.64,0.05697241353807094,0.07180359177237833,0.06748479563048342,0.9624277777777778,0.8910370370370371,0.710425,0.06554380797082733,,0.06554380797082733,0.8692264807596867,-0.13077351924031333,1.0955053420810879,10.499905555555555,15.533333333333333,655,0,0.0,PROVISIONAL_SAME_DAY
23263,E:\2-学术\2-项目\园上园项目\牛尾环项目\温度传感器专项算法\正常数据\546C50CA07D8-23263-C2\2026-08-17\motion\2026-08-17 01_41_27.json,7ba11f987b62f09e3f15c4e435228e3fc4a062e05c404d744b59ba3ea8abbe7e,1786906042490,1786905687066,1786905720000,PROVISIONAL,True,LOW,False,False,3467.62,0.05156497765324347,0.05478635043998681,0.06756074174746264,0.9546666666666667,0.8896018518518518,0.8026898148148148,0.06482411610212337,,0.06482411610212337,0.7954597880209958,-0.20454021197900418,0.8451538367862487,11.462333333333332,16.65,715,0,0.0,PROVISIONAL_SAME_DAY
23263,E:\2-学术\2-项目\园上园项目\牛尾环项目\温度传感器专项算法\正常数据\546C50CA07D8-23263-C2\2026-08-17\motion\2026-08-17 02_48_05.json,b66355e2e9863c474acd57a36050c3a83de23005805a2468d521e27529b5447c,1786910037904,1786909685976,1786909740000,PROVISIONAL,True,LOW,False,False,3467.68,0.04995811752711794,0.049834006509324374,0.060747186681396274,0.9488277777777778,0.8880537037037037,0.8699564814814815,0.06376138019970337,,0.06376138019970337,0.7835168776247782,-0.21648312237522183,0.7815703856039837,12.423899999999998,17.766666666666666,775,0,0.0,PROVISIONAL_SAME_DAY
23263,E:\2-学术\2-项目\园上园项目\牛尾环项目\温度传感器专项算法\正常数据\546C50CA07D8-23263-C2\2026-08-17\motion\2026-08-17 03_54_41.json,564d6b9e9d3266b2b7e6d66038ddeccd707220c653ce4d2a1c32d5db4c703d81,1786914024200,1786913681421,1786913700000,PROVISIONAL,True,LOW,False,False,3467.86,0.022017883556886088,0.04099051196089027,0.05216256267829983,0.9587166666666667,0.8908314814814815,0.8736342592592593,0.06278829757597221,,0.06278829757597221,0.3506685864550639,-0.6493314135449362,0.6528368110521362,13.371072222222221,18.866666666666667,834,0,0.0,PROVISIONAL_SAME_DAY
23263,E:\2-学术\2-项目\园上园项目\牛尾环项目\温度传感器专项算法\正常数据\546C50CA07D8-23263-C2\2026-08-17\motion\2026-08-17 05_01_09.json,80df2c56371bf293cfcba3f19a6b0e1a9b0d25288920b3d140c1e2b288eadb64,1786918023270,1786917669186,1786917720000,PROVISIONAL,True,LOW,False,False,3467.72,0.03369232590128008,0.03562741469013482,0.04384988625782711,0.9497277777777777,0.8888851851851852,0.8729203703703704,0.06007287741328499,,0.06007287741328499,0.5608575342493765,-0.43914246575062355,0.5930698881797843,14.331805555555553,19.983333333333334,894,0,0.0,PROVISIONAL_SAME_DAY
23263,E:\2-学术\2-项目\园上园项目\牛尾环项目\温度传感器专项算法\正常数据\546C50CA07D8-23263-C2\2026-08-17\motion\2026-08-17 06_07_47.json,bfef5075f282d6dc69444ded71b3d9a68ba37109be67c7d75fd00916f933cdb7,1786922032108,1786921667643,1786921680000,PROVISIONAL,True,LOW,False,False,3467.84,0.05114931945147298,0.03652869624255439,0.04186930588422386,0.9604444444444444,0.8921833333333333,0.8748296296296296,0.05843545480951877,,0.05843545480951877,0.875313106027902,-0.12468689397209798,0.6251118667874918,15.278983333333331,21.083333333333332,953,0,0.0,PROVISIONAL_SAME_DAY
23263,E:\2-学术\2-项目\园上园项目\牛尾环项目\温度传感器专项算法\正常数据\546C50CA07D8-23263-C2\2026-08-17\motion\2026-08-17 07_14_32.json,2d512fc58953b78dca07bf1e93fb84aa05714af2e445cf13b6420240b3cee351,1786926027512,1786925672339,1786925700000,PROVISIONAL,True,LOW,False,False,3467.56,0.05469317245242479,0.04703098248140541,0.04383397070022208,0.9561166666666666,0.8891740740740741,0.8735324074074075,0.05800453271534983,,0.05800453271534983,0.9429120431126454,-0.057087956887354574,0.8108156428430209,16.239427777777774,22.2,1013,0,0.0,PROVISIONAL_SAME_DAY
